id,lat,lon,data_hora_gmt,satelite,municipio,estado,pais,municipio_id,estado_id,pais_id,numero_dias_sem_chuva,precipitacao,risco_fogo,bioma,frp
9baf62e6-1362-37b3-a81f-6d67044e35a2, -11.591000, -47.449600,2026-05-29 00:00:00,GOES-19,NATIVIDADE,TOCANTINS,Brasil,1714203,17,33,6,0.0,0.65,Cerrado,71.5
1a3f065f-4a81-34e8-a576-d7117dcb91f8,  -6.402100, -44.165800,2026-05-29 00:00:00,GOES-19,SUCUPIRA DO NORTE,MARANHÃO,Brasil,2111904,21,33,17,0.0,0.8,Cerrado,82.6
f3efbe07-bce2-306c-9270-2f0268c1ed20,  -6.402100, -44.165800,2026-05-29 00:10:00,GOES-19,SUCUPIRA DO NORTE,MARANHÃO,Brasil,2111904,21,33,17,0.0,0.8,Cerrado,82.3
eebba80d-f191-3f19-95fc-0e25c897d68e, -11.591000, -47.449600,2026-05-29 00:10:00,GOES-19,NATIVIDADE,TOCANTINS,Brasil,1714203,17,33,6,0.0,0.65,Cerrado,78.9
59525cc6-fa74-31d8-992a-aaf84eeb25d6, -11.591000, -47.449600,2026-05-29 00:20:00,GOES-19,NATIVIDADE,TOCANTINS,Brasil,1714203,17,33,6,0.0,0.65,Cerrado,79.7
4eb3ad2b-e743-3c59-9b90-51b320c78f04, -11.591400, -47.427300,2026-05-29 00:30:00,GOES-19,ALMAS,TOCANTINS,Brasil,1700400,17,33,6,0.0,0.66,Cerrado,50.9
00299994-cdd5-3448-99cc-6a6d38edaa4d, -11.591000, -47.449600,2026-05-29 00:30:00,GOES-19,NATIVIDADE,TOCANTINS,Brasil,1714203,17,33,6,0.0,0.65,Cerrado,71.3
3654079f-4ddb-3ce1-8782-49647cb02b38, -11.591000, -47.449600,2026-05-29 00:40:00,GOES-19,NATIVIDADE,TOCANTINS,Brasil,1714203,17,33,6,0.0,0.65,Cerrado,81.7
f9d85bbf-84c9-3d8a-a529-da6f82e3b9c5,  -6.402100, -44.165800,2026-05-29 00:40:00,GOES-19,SUCUPIRA DO NORTE,MARANHÃO,Brasil,2111904,21,33,17,0.0,0.8,Cerrado,73.8
9a015794-c49d-39d8-8987-fd23368edf78, -21.812810, -53.086060,2026-05-29 00:45:00,TERRA_M-M,NOVA ANDRADINA,MATO GROSSO DO SUL,Brasil,5006200,50,33,3,0.0,0.88,Cerrado,7.0
d74b77d0-7870-32f2-93a6-b6bd7ad72446, -21.402270, -48.717590,2026-05-29 00:45:00,TERRA_M-M,FERNANDO PRESTES,SÃO PAULO,Brasil,3515608,35,33,7,0.0,1.0,Cerrado,26.8
766de883-e66a-3010-bc68-e40ef61e1991, -15.174640, -54.849100,2026-05-29 00:48:00,TERRA_M-M,CAMPO VERDE,MATO GROSSO,Brasil,5102678,51,33,4,4.31,0.37,Cerrado,6.8
ab01786e-b0e3-3cc6-b868-2fa38af5784f, -16.175660, -58.476440,2026-05-29 00:48:00,TERRA_M-M,CÁCERES,MATO GROSSO,Brasil,5102504,51,33,11,0.0,0.34,Pantanal,0.0
fb22d194-f2c0-3e9d-9602-05ac436f823f, -14.646060, -54.522760,2026-05-29 00:48:00,TERRA_M-M,PLANALTO DA SERRA,MATO GROSSO,Brasil,5106455,51,33,4,1.11,0.96,Cerrado,9.0
aa82394a-93e9-3f48-9269-0c7feca910bb, -18.466570, -54.718020,2026-05-29 00:48:00,TERRA_M-M,COXIM,MATO GROSSO DO SUL,Brasil,5003306,50,33,10,0.0,0.91,Cerrado,8.9
077a891a-dc8a-3d98-8abe-cf9f64564bc8, -18.236100, -54.595560,2026-05-29 00:48:00,TERRA_M-M,PEDRO GOMES,MATO GROSSO DO SUL,Brasil,5006408,50,33,9,0.0,1.0,Cerrado,6.0
91e06929-f2f4-37d6-9f6b-2a0accb6f9b8, -14.445370, -48.900880,2026-05-29 00:48:00,TERRA_M-M,NIQUELÂNDIA,GOIÁS,Brasil,5214606,52,33,6,0.0,0.53,Cerrado,43.6
5daaf0ca-20d0-3969-b1ca-96edaca4b08c, -18.465130, -54.708130,2026-05-29 00:48:00,TERRA_M-M,COXIM,MATO GROSSO DO SUL,Brasil,5003306,50,33,10,0.0,0.5,Cerrado,29.9
9fb7a01f-0b87-3473-95fd-ce4e8d549b94, -15.904890, -50.552480,2026-05-29 00:48:00,TERRA_M-M,ITAPIRAPUÃ,GOIÁS,Brasil,5211008,52,33,6,0.37,1.0,Cerrado,13.0
61a40984-9423-36eb-8695-6a44e4aa66ed, -20.734370, -54.836320,2026-05-29 00:48:00,TERRA_M-M,TERENOS,MATO GROSSO DO SUL,Brasil,5008008,50,33,5,0.0,0.9,Cerrado,8.6
8d2fe522-203b-356b-905e-a858fe2ea88e, -20.732980, -54.826710,2026-05-29 00:48:00,TERRA_M-M,CAMPO GRANDE,MATO GROSSO DO SUL,Brasil,5002704,50,33,5,0.0,0.8,Cerrado,5.5
ba608367-18fe-353c-ab94-df004e124e7e, -15.826530, -58.620180,2026-05-29 00:48:00,TERRA_M-M,PORTO ESPERIDIÃO,MATO GROSSO,Brasil,5106828,51,33,7,0.1,1.0,Pantanal,7.5
231ce8b3-56af-389e-bf66-fc4a55b751af, -15.786640, -58.661770,2026-05-29 00:48:00,TERRA_M-M,PORTO ESPERIDIÃO,MATO GROSSO,Brasil,5106828,51,33,9,0.0,1.0,Pantanal,12.2
e9aeef25-2ed7-3500-9c1e-2d80b1730588, -15.799760, -58.619800,2026-05-29 00:48:00,TERRA_M-M,PORTO ESPERIDIÃO,MATO GROSSO,Brasil,5106828,51,33,8,0.1,1.0,Pantanal,5.3
64ad366d-1b5e-37af-822a-27ba7e7272cc, -11.591000, -47.449600,2026-05-29 00:50:00,GOES-19,NATIVIDADE,TOCANTINS,Brasil,1714203,17,33,6,0.0,0.65,Cerrado,77.9
53a0fe92-3ac8-3b26-beef-96a4d928e5a9,  -6.402100, -44.165800,2026-05-29 00:50:00,GOES-19,SUCUPIRA DO NORTE,MARANHÃO,Brasil,2111904,21,33,17,0.0,0.8,Cerrado,64.0
81b30a45-d925-3ac8-a26e-7dab54464b8d, -11.777290, -52.512600,2026-05-29 00:50:00,TERRA_M-M,QUERÊNCIA,MATO GROSSO,Brasil,5107065,51,33,24,0.0,0.35,Amazônia,12.1
918609b2-3d60-37bb-afcf-7d1fcd91c346, -11.445730, -55.112580,2026-05-29 00:50:00,TERRA_M-M,CLÁUDIA,MATO GROSSO,Brasil,5103056,51,33,13,0.0,0.38,Amazônia,6.3
4ab51297-f85e-38d4-a9d5-c1e896ee780a,  -7.338420, -49.871120,2026-05-29 00:50:00,TERRA_M-M,RIO MARIA,PARÁ,Brasil,1506161,15,33,13,0.0,0.7,Amazônia,23.7
3074cb9d-3950-37ae-8d4e-7436853c786d, -12.990480, -57.785230,2026-05-29 00:50:00,TERRA_M-M,BRASNORTE,MATO GROSSO,Brasil,5101902,51,33,12,0.7,0.24,Cerrado,11.2
2548d057-8719-3a79-ac94-6bb7a6f700bf, -11.594070, -47.434080,2026-05-29 00:50:00,TERRA_M-M,ALMAS,TOCANTINS,Brasil,1700400,17,33,6,0.0,0.52,Cerrado,116.9
3a20f761-58d1-32b1-9b31-c4b52d3d1ae4, -11.561300, -54.590320,2026-05-29 00:50:00,TERRA_M-M,UNIÃO DO SUL,MATO GROSSO,Brasil,5108303,51,33,13,0.0,0.29,Amazônia,8.4
e21715ec-b801-3e55-b704-f5f2a25fa933, -11.788830, -52.510640,2026-05-29 00:50:00,TERRA_M-M,QUERÊNCIA,MATO GROSSO,Brasil,5107065,51,33,24,0.0,0.35,Amazônia,16.8
f9378289-5d69-3880-bc01-dd0ad428f2d5, -13.635990, -55.751160,2026-05-29 00:50:00,TERRA_M-M,NOVA MUTUM,MATO GROSSO,Brasil,5106224,51,33,12,0.29,0.31,Cerrado,7.6
dceda96c-1fbb-3302-a919-5703a927045b, -11.601540, -47.475540,2026-05-29 00:50:00,TERRA_M-M,NATIVIDADE,TOCANTINS,Brasil,1714203,17,33,6,0.0,0.73,Cerrado,65.2
831ac083-76ce-3c74-ba3e-1509aab5dda2, -12.989250, -57.776230,2026-05-29 00:50:00,TERRA_M-M,BRASNORTE,MATO GROSSO,Brasil,5101902,51,33,12,0.68,0.24,Cerrado,5.8
5d4caeed-1b44-36b5-92ca-a59be01edeaa, -13.637380, -55.760830,2026-05-29 00:50:00,TERRA_M-M,NOVA MUTUM,MATO GROSSO,Brasil,5106224,51,33,12,0.2,0.47,Cerrado,7.4
e533573b-1445-3a00-a17c-25147c8c9896, -11.791430, -52.526750,2026-05-29 00:50:00,TERRA_M-M,QUERÊNCIA,MATO GROSSO,Brasil,5107065,51,33,23,0.0,0.35,Amazônia,8.9
2255f381-8874-3bbb-a251-bd9b95c1a492, -11.780850, -52.517560,2026-05-29 00:50:00,TERRA_M-M,QUERÊNCIA,MATO GROSSO,Brasil,5107065,51,33,24,0.0,0.35,Amazônia,23.9
44887802-5389-3122-9d60-ca113f45112b, -13.181620, -52.712270,2026-05-29 00:50:00,TERRA_M-M,CANARANA,MATO GROSSO,Brasil,5102702,51,33,28,0.0,0.51,Amazônia,36.0
595ded8e-f37e-3cef-8ff4-a992cc92656c, -12.687670, -54.583020,2026-05-29 00:50:00,TERRA_M-M,NOVA UBIRATÃ,MATO GROSSO,Brasil,5106240,51,33,13,0.3,0.53,Amazônia,7.3
314537d3-ee4e-38bd-bc2d-2ba6ae32a23d, -11.559550, -54.578810,2026-05-29 00:50:00,TERRA_M-M,UNIÃO DO SUL,MATO GROSSO,Brasil,5108303,51,33,13,0.0,0.32,Amazônia,22.5
1fd436c6-aa2b-31e3-9ff4-d7f0a35e7fca, -11.302380, -54.036580,2026-05-29 00:50:00,TERRA_M-M,UNIÃO DO SUL,MATO GROSSO,Brasil,5108303,51,33,23,0.0,0.64,Amazônia,12.4
57876323-daa3-30b6-909c-6028303e0906, -12.720970, -54.193380,2026-05-29 00:50:00,TERRA_M-M,PARANATINGA,MATO GROSSO,Brasil,5106307,51,33,14,0.0,0.37,Amazônia,10.6
14cc01be-cec3-3902-a96e-d3ad57e37848, -11.592140, -47.442600,2026-05-29 00:50:00,TERRA_M-M,NATIVIDADE,TOCANTINS,Brasil,1714203,17,33,6,0.0,0.47,Cerrado,153.8
19483c9f-248b-3522-9715-aca27d9aab68, -11.792390, -52.515590,2026-05-29 00:50:00,TERRA_M-M,QUERÊNCIA,MATO GROSSO,Brasil,5107065,51,33,24,0.0,0.35,Amazônia,15.0
dc894a7d-56ce-31a7-b23f-54a5542e078d,  -6.577720, -51.119290,2026-05-29 00:50:00,TERRA_M-M,OURILÂNDIA DO NORTE,PARÁ,Brasil,1505437,15,33,11,0.0,0.41,Amazônia,25.3
b55e256e-181a-34db-9204-4ffd7accfb74, -10.135370, -52.397420,2026-05-29 00:50:00,TERRA_M-M,SANTA CRUZ DO XINGU,MATO GROSSO,Brasil,5107743,51,33,12,0.0,0.98,Amazônia,15.3
68995b5e-351c-324f-a933-76f1255d98ad, -11.625700, -56.855499,2026-05-29 00:52:00,METOP-B,PORTO DOS GAÚCHOS,MATO GROSSO,Brasil,5106802,51,33,11,0.1,0.31,Amazônia,
f368b600-5441-3bc3-9be8-214e42dc56e2, -10.129100, -52.393398,2026-05-29 00:52:00,METOP-B,SANTA CRUZ DO XINGU,MATO GROSSO,Brasil,5107743,51,33,12,0.0,0.77,Amazônia,
f948e241-8e03-355e-8c24-d75dfe20bf41, -18.462000, -54.705101,2026-05-29 00:52:00,METOP-B,COXIM,MATO GROSSO DO SUL,Brasil,5003306,50,33,9,0.0,0.74,Cerrado,
f7b4e129-206e-3fa4-8c17-f268055e0f81, -20.731100, -54.822601,2026-05-29 00:52:00,METOP-B,CAMPO GRANDE,MATO GROSSO DO SUL,Brasil,5002704,50,33,5,0.0,0.8,Cerrado,
c8737820-be43-3d99-8620-c92f0308dcf9, -11.779900, -52.511299,2026-05-29 00:52:00,METOP-B,QUERÊNCIA,MATO GROSSO,Brasil,5107065,51,33,24,0.0,0.35,Amazônia,
f79a9afa-154d-34b0-ac87-a7f488d7965d, -13.181000, -52.700401,2026-05-29 00:52:00,METOP-B,CANARANA,MATO GROSSO,Brasil,5102702,51,33,28,0.0,0.5,Amazônia,
163881d1-9bc6-3af4-b263-7b0843f0522b, -11.635500, -56.853199,2026-05-29 00:52:00,METOP-B,PORTO DOS GAÚCHOS,MATO GROSSO,Brasil,5106802,51,33,11,0.1,0.31,Amazônia,
4bd0ad35-76a7-384a-a6c1-434cd6abd8e6, -11.301600, -54.027599,2026-05-29 00:52:00,METOP-B,UNIÃO DO SUL,MATO GROSSO,Brasil,5108303,51,33,24,0.0,0.33,Amazônia,
0a85d338-f86a-362a-800a-9a86f12a5f74, -11.789600, -52.508801,2026-05-29 00:52:00,METOP-B,QUERÊNCIA,MATO GROSSO,Brasil,5107065,51,33,25,0.0,0.35,Amazônia,
9e8509ab-15b3-3f8c-9c7c-1db2d3af9035, -11.556300, -54.572899,2026-05-29 00:52:00,METOP-B,UNIÃO DO SUL,MATO GROSSO,Brasil,5108303,51,33,13,0.0,0.71,Amazônia,
07cee92e-2e05-39b9-b9a4-ef3306152212, -12.368100, -54.164700,2026-05-29 00:52:00,METOP-B,NOVA UBIRATÃ,MATO GROSSO,Brasil,5106240,51,33,14,0.0,0.36,Amazônia,
370030c1-65a9-3905-a63a-75bc2373a2b4, -11.595300, -47.458599,2026-05-29 00:52:00,METOP-B,NATIVIDADE,TOCANTINS,Brasil,1714203,17,33,6,0.0,0.67,Cerrado,
6b7130b2-6ed1-3b72-a173-b4391cf5b0dc, -18.460199, -54.697201,2026-05-29 00:52:00,METOP-B,COXIM,MATO GROSSO DO SUL,Brasil,5003306,50,33,9,0.0,0.95,Cerrado,
0f5b190a-f72e-3094-9d43-a22f32158149, -11.597800, -47.429199,2026-05-29 00:52:00,METOP-B,ALMAS,TOCANTINS,Brasil,1700400,17,33,6,0.0,0.66,Cerrado,
badeba15-1b31-3e3d-832d-84c2dc4580c8,  -8.684100, -48.305698,2026-05-29 00:52:00,METOP-B,GUARAÍ,TOCANTINS,Brasil,1709302,17,33,18,0.0,0.45,Cerrado,
3b807229-d11a-39e2-861e-af7f5bc3fe43, -14.655100, -54.520100,2026-05-29 00:52:00,METOP-B,PLANALTO DA SERRA,MATO GROSSO,Brasil,5106455,51,33,5,1.2,0.42,Cerrado,
b5f9215b-84fe-3abf-8716-a8b22bd65a09, -11.578700, -47.434700,2026-05-29 00:52:00,METOP-B,NATIVIDADE,TOCANTINS,Brasil,1714203,17,33,6,0.0,0.53,Cerrado,
12843adc-a82f-35a2-9454-fa7de4b983f3, -11.566000, -54.570499,2026-05-29 00:52:00,METOP-B,UNIÃO DO SUL,MATO GROSSO,Brasil,5108303,51,33,13,0.0,0.28,Amazônia,
abc12a4c-49cc-342c-a2d0-89c0d6c9a927, -11.588200, -47.431900,2026-05-29 00:52:00,METOP-B,ALMAS,TOCANTINS,Brasil,1700400,17,33,6,0.0,0.63,Cerrado,
d8e93fc8-9aaa-3dc6-87e2-0e56907f73a0, -21.394300, -48.702301,2026-05-29 00:52:00,METOP-B,TAQUARITINGA,SÃO PAULO,Brasil,3553708,35,33,7,0.0,1.0,Cerrado,
6e775bd5-d103-3bf8-9fcc-5866aa4e09bc, -14.653000, -54.511501,2026-05-29 00:52:00,METOP-B,PLANALTO DA SERRA,MATO GROSSO,Brasil,5106455,51,33,4,1.18,0.92,Cerrado,
c126dd10-e7c1-3699-a58d-d9e417c0cdc3, -18.471800, -54.702599,2026-05-29 00:52:00,METOP-B,COXIM,MATO GROSSO DO SUL,Brasil,5003306,50,33,9,0.0,0.82,Cerrado,
1f95b873-22a6-3a13-860f-ee8dea91a7d2, -12.365800, -54.155300,2026-05-29 00:52:00,METOP-B,NOVA UBIRATÃ,MATO GROSSO,Brasil,5106240,51,33,13,0.0,0.65,Amazônia,
c0c3036f-4221-3c48-8ad6-54151f87cab2, -11.591000, -47.449600,2026-05-29 01:00:00,GOES-19,NATIVIDADE,TOCANTINS,Brasil,1714203,17,33,6,0.0,0.65,Cerrado,76.6
25b28752-d13e-39b0-818b-c4ae3b9b683a, -11.610100, -47.447100,2026-05-29 01:10:00,GOES-19,NATIVIDADE,TOCANTINS,Brasil,1714203,17,33,6,0.0,0.49,Cerrado,65.6
4e359462-f238-3575-a9d1-b19c6c9b8d9a, -11.591000, -47.449600,2026-05-29 01:10:00,GOES-19,NATIVIDADE,TOCANTINS,Brasil,1714203,17,33,6,0.0,0.65,Cerrado,78.3
441141fe-ebc5-3fbf-9f58-79801b39e77d, -11.591000, -47.449600,2026-05-29 01:20:00,GOES-19,NATIVIDADE,TOCANTINS,Brasil,1714203,17,33,6,0.0,0.65,Cerrado,70.9
fc5e0b89-679f-3ab2-8178-b6bea5c6bcf3, -16.165500, -58.484200,2026-05-29 01:30:00,GOES-19,CÁCERES,MATO GROSSO,Brasil,5102504,51,33,10,0.0,0.33,Pantanal,45.7
13992ce6-f690-304b-9a23-d5c06c8a9be7, -11.591000, -47.449600,2026-05-29 01:30:00,GOES-19,NATIVIDADE,TOCANTINS,Brasil,1714203,17,33,6,0.0,0.65,Cerrado,93.4
805ba989-306e-32fc-9042-e29be71d49f5, -11.591000, -47.449600,2026-05-29 01:40:00,GOES-19,NATIVIDADE,TOCANTINS,Brasil,1714203,17,33,6,0.0,0.65,Cerrado,89.9
1bc70f84-2c90-349d-a381-ad39982e4c56, -11.591000, -47.449600,2026-05-29 01:50:00,GOES-19,NATIVIDADE,TOCANTINS,Brasil,1714203,17,33,6,0.0,0.65,Cerrado,80.3
2c44cdb5-0319-3eb6-ab40-ea424554003e, -11.591000, -47.449600,2026-05-29 02:00:00,GOES-19,NATIVIDADE,TOCANTINS,Brasil,1714203,17,33,6,0.0,0.65,Cerrado,75.9
faec6df5-e214-3aad-96f4-9326dc49fda0, -11.591000, -47.449600,2026-05-29 02:10:00,GOES-19,NATIVIDADE,TOCANTINS,Brasil,1714203,17,33,6,0.0,0.65,Cerrado,104.2
a9a7b295-4190-3f01-8904-1e033d17f5d9, -11.591000, -47.449600,2026-05-29 02:20:00,GOES-19,NATIVIDADE,TOCANTINS,Brasil,1714203,17,33,6,0.0,0.65,Cerrado,108.1
b823a5f0-5d1b-3c62-896f-c5a3174bc120, -11.591000, -47.449600,2026-05-29 02:30:00,GOES-19,NATIVIDADE,TOCANTINS,Brasil,1714203,17,33,6,0.0,0.65,Cerrado,78.8
bb5af1eb-e3fa-3757-8f56-823643bfb338, -11.591000, -47.449600,2026-05-29 02:40:00,GOES-19,NATIVIDADE,TOCANTINS,Brasil,1714203,17,33,6,0.0,0.65,Cerrado,91.0
050c864f-bb5b-34bb-a648-4403557fd067, -11.610100, -47.447100,2026-05-29 02:50:00,GOES-19,NATIVIDADE,TOCANTINS,Brasil,1714203,17,33,6,0.0,0.49,Cerrado,60.9
8c21cfd0-e3f7-3e7b-bed3-b28a963d53a0, -11.591000, -47.449600,2026-05-29 02:50:00,GOES-19,NATIVIDADE,TOCANTINS,Brasil,1714203,17,33,6,0.0,0.65,Cerrado,75.0
bcb23fc2-d548-343a-a262-8e4a2f5ad670, -11.591000, -47.449600,2026-05-29 03:00:00,GOES-19,NATIVIDADE,TOCANTINS,Brasil,1714203,17,33,6,0.0,0.65,Cerrado,80.4
3744af4f-3285-3486-9c5b-872ce82e46e9, -11.591000, -47.449600,2026-05-29 03:10:00,GOES-19,NATIVIDADE,TOCANTINS,Brasil,1714203,17,33,6,0.0,0.65,Cerrado,74.5
9bf74b99-3b08-3954-863a-e48cdda85495, -11.791510, -40.082540,2026-05-29 03:15:00,NPP-375D,MAIRI,BAHIA,Brasil,2920106,29,33,8,0.23,1.0,Caatinga,1.5
e9944cdb-5ffe-39be-bf42-5398fbcfdd79, -11.795640, -40.083810,2026-05-29 03:15:00,NPP-375D,MAIRI,BAHIA,Brasil,2920106,29,33,8,0.2,0.99,Caatinga,2.9
d0cfa3b8-e08d-3647-bce4-965f4b9277f6, -11.790280, -40.088380,2026-05-29 03:15:00,NPP-375D,MAIRI,BAHIA,Brasil,2920106,29,33,8,0.25,1.0,Caatinga,3.4
378e6c5f-df81-3de7-8243-ed7b20f1dd9e, -11.798170, -40.083920,2026-05-29 03:15:00,NPP-375D,MAIRI,BAHIA,Brasil,2920106,29,33,7,0.2,0.99,Caatinga,1.5
6d747fd8-9210-3b38-97ab-72ee66d5e00f, -11.591000, -47.449600,2026-05-29 03:20:00,GOES-19,NATIVIDADE,TOCANTINS,Brasil,1714203,17,33,6,0.0,0.65,Cerrado,69.6
7414d642-28cb-3c73-84ed-c57c50133f72, -11.591000, -47.449600,2026-05-29 03:30:00,GOES-19,NATIVIDADE,TOCANTINS,Brasil,1714203,17,33,6,0.0,0.65,Cerrado,75.7
e45f6e3a-29bd-337e-99c0-9381edf98e0f,  -5.954590, -43.489830,2026-05-29 03:32:00,NOAA-20,LAGOA DO MATO,MARANHÃO,Brasil,2105922,21,33,14,0.0,0.9,Cerrado,3.9
0f789945-5edb-3454-b686-3afec67b594b,  -6.758110, -45.020630,2026-05-29 03:32:00,NOAA-20,LORETO,MARANHÃO,Brasil,2106102,21,33,17,0.0,1.0,Cerrado,1.9
4945f861-4979-354c-b370-79da02397c7e,  -5.949250, -43.483770,2026-05-29 03:32:00,NOAA-20,LAGOA DO MATO,MARANHÃO,Brasil,2105922,21,33,14,0.0,0.9,Cerrado,4.0
ab1390b9-f9c2-3f77-a136-9009364e6eeb,  -6.035730, -44.005800,2026-05-29 03:32:00,NOAA-20,COLINAS,MARANHÃO,Brasil,2103505,21,33,10,0.0,0.69,Cerrado,2.0
42aede8b-0f4e-345c-8e16-5afc850634ce,  -6.394370, -44.166810,2026-05-29 03:32:00,NOAA-20,SUCUPIRA DO NORTE,MARANHÃO,Brasil,2111904,21,33,16,0.0,0.8,Cerrado,12.2
fc937dab-9196-31f1-95ca-0a24034939a6,  -6.766250, -45.027310,2026-05-29 03:32:00,NOAA-20,LORETO,MARANHÃO,Brasil,2106102,21,33,17,0.0,1.0,Cerrado,1.3
0b1c0cf8-7a05-31bb-bed5-8f988a3cdd09,  -5.326090, -44.693520,2026-05-29 03:32:00,NOAA-20,TUNTUM,MARANHÃO,Brasil,2112308,21,33,10,0.0,0.67,Cerrado,1.5
dc88ddea-b7e6-3600-8446-034a468f44a7,  -6.996850, -43.866000,2026-05-29 03:32:00,NOAA-20,MARCOS PARENTE,PIAUÍ,Brasil,2206001,22,33,25,0.0,0.89,Cerrado,1.8
feebe0e7-d1cf-3f65-9648-ad3b289767c8,  -7.003100, -43.867240,2026-05-29 03:32:00,NOAA-20,MARCOS PARENTE,PIAUÍ,Brasil,2206001,22,33,25,0.0,0.9,Cerrado,1.8
49be34de-1387-3fa6-bc59-a5c6345cb11c,  -6.759470, -45.026300,2026-05-29 03:32:00,NOAA-20,LORETO,MARANHÃO,Brasil,2106102,21,33,17,0.0,1.0,Cerrado,3.0
8d5c07d7-03f2-3485-89f6-f877b47e752c,  -6.393660, -44.168400,2026-05-29 03:32:00,NOAA-20,SUCUPIRA DO NORTE,MARANHÃO,Brasil,2111904,21,33,16,0.0,0.8,Cerrado,10.8
1bb6b2c0-5376-32ab-bf43-121cff1bc827,  -6.640300, -43.916950,2026-05-29 03:32:00,NOAA-20,NOVA IORQUE,MARANHÃO,Brasil,2107308,21,33,12,0.0,0.86,Cerrado,2.1
dc528e5e-5b88-3be2-a82d-a16a17ced3f6,  -5.319300, -44.692490,2026-05-29 03:32:00,NOAA-20,TUNTUM,MARANHÃO,Brasil,2112308,21,33,10,0.0,0.83,Cerrado,1.5
918683f3-ac86-32a5-ab1c-6fc3f554ac8a,  -6.995940, -43.871030,2026-05-29 03:32:00,NOAA-20,MARCOS PARENTE,PIAUÍ,Brasil,2206001,22,33,25,0.0,0.89,Cerrado,2.3
31a10e47-7608-33ef-9152-1665f5d6ea16,  -6.386930, -44.170960,2026-05-29 03:32:00,NOAA-20,SUCUPIRA DO NORTE,MARANHÃO,Brasil,2111904,21,33,15,0.0,0.82,Cerrado,1.1
92f0f3d7-f90c-39ed-9db8-78b7713dd9ff,  -6.393380, -44.172100,2026-05-29 03:32:00,NOAA-20,SUCUPIRA DO NORTE,MARANHÃO,Brasil,2111904,21,33,16,0.0,0.85,Cerrado,16.2
8b0ac1a7-d37b-31e7-aa06-3b815b51d841,  -6.082450, -44.003960,2026-05-29 03:32:00,NOAA-20,COLINAS,MARANHÃO,Brasil,2103505,21,33,10,0.0,0.7,Cerrado,4.3
22323e94-03dc-3037-9015-10a148d68b3e,  -5.953680, -43.494880,2026-05-29 03:32:00,NOAA-20,LAGOA DO MATO,MARANHÃO,Brasil,2105922,21,33,14,0.0,0.9,Cerrado,3.9
c90860ae-d98e-3e98-badc-6e7a6e258fe8,  -7.000290, -43.867310,2026-05-29 03:32:00,NOAA-20,MARCOS PARENTE,PIAUÍ,Brasil,2206001,22,33,25,0.0,0.9,Cerrado,4.5
1c7157b4-4cd4-32fc-925f-6a0bac721d0b,  -6.392690, -44.173750,2026-05-29 03:32:00,NOAA-20,SUCUPIRA DO NORTE,MARANHÃO,Brasil,2111904,21,33,16,0.0,0.88,Cerrado,10.8
0fc70f22-6c12-3e57-9d94-7ba61e42d622,  -5.948350, -43.488780,2026-05-29 03:32:00,NOAA-20,LAGOA DO MATO,MARANHÃO,Brasil,2105922,21,33,14,0.0,0.9,Cerrado,5.5
348bc7b6-a8cf-304e-8202-7c8b7915cafa,  -5.933320, -43.465260,2026-05-29 03:32:00,NOAA-20,LAGOA DO MATO,MARANHÃO,Brasil,2105922,21,33,14,0.0,0.9,Cerrado,0.7
4e6f86f4-94ac-3181-be36-2b7264d6cba3,  -6.756990, -45.026630,2026-05-29 03:32:00,NOAA-20,LORETO,MARANHÃO,Brasil,2106102,21,33,17,0.0,1.0,Cerrado,1.9
e89c2cdd-14aa-329b-b8ae-bbbcc7dfdd36,  -5.939490, -43.466660,2026-05-29 03:32:00,NOAA-20,LAGOA DO MATO,MARANHÃO,Brasil,2105922,21,33,14,0.0,0.9,Cerrado,0.7
144b4708-dc32-38e4-b873-6178b86aa4d4,  -6.994040, -43.866120,2026-05-29 03:32:00,NOAA-20,MARCOS PARENTE,PIAUÍ,Brasil,2206001,22,33,25,0.0,0.89,Cerrado,1.8
ff3d63a8-7f65-3ee1-bf1a-22e822c1d118,  -6.642450, -43.918930,2026-05-29 03:32:00,NOAA-20,NOVA IORQUE,MARANHÃO,Brasil,2107308,21,33,12,0.0,0.86,Cerrado,4.0
bff7517d-0092-3956-955f-cc7b0d51a91b,  -6.760610, -45.020370,2026-05-29 03:32:00,NOAA-20,LORETO,MARANHÃO,Brasil,2106102,21,33,17,0.0,1.0,Cerrado,3.1
1a9dce14-eab6-3802-b1a2-12da094e0fac,  -6.036630, -44.000900,2026-05-29 03:32:00,NOAA-20,COLINAS,MARANHÃO,Brasil,2103505,21,33,10,0.0,0.68,Cerrado,2.0
cc49d981-fe14-3427-a4f1-8d27f018424e,  -6.639370, -43.922060,2026-05-29 03:32:00,NOAA-20,NOVA IORQUE,MARANHÃO,Brasil,2107308,21,33,12,0.0,0.86,Cerrado,2.1
b84dd63a-0d4a-3614-99da-5cabe4c11968,  -6.763800, -45.027520,2026-05-29 03:32:00,NOAA-20,LORETO,MARANHÃO,Brasil,2106102,21,33,17,0.0,1.0,Cerrado,1.9
226f0939-6a61-3eb2-b4d4-edfa98182098, -10.818370, -46.895630,2026-05-29 03:34:00,NOAA-20,PONTE ALTA DO TOCANTINS,TOCANTINS,Brasil,1717909,17,33,6,0.0,0.77,Cerrado,3.2
aa10f158-0a86-3379-a823-99d0f56ac119,  -9.235090, -40.559120,2026-05-29 03:34:00,NOAA-20,PETROLINA,PERNAMBUCO,Brasil,2611101,26,33,20,0.0,1.0,Caatinga,1.4
983b40e8-76ae-3588-bb66-c9e3c15b5488, -11.945650, -43.406810,2026-05-29 03:34:00,NOAA-20,MUQUÉM DO SÃO FRANCISCO,BAHIA,Brasil,2922250,29,33,5,0.1,1.0,Cerrado,0.7
8f710833-acdb-334a-ac5c-33bf633fa04e, -12.000240, -45.144190,2026-05-29 03:34:00,NOAA-20,BARREIRAS,BAHIA,Brasil,2903201,29,33,4,0.0,0.79,Cerrado,3.0
a0288374-890a-39e2-afc7-43a08489b553, -12.008180, -45.358230,2026-05-29 03:34:00,NOAA-20,BARREIRAS,BAHIA,Brasil,2903201,29,33,2,0.0,0.83,Cerrado,1.2
7db2da2b-402a-3954-ade6-6a2bb65c6edc, -10.825390, -46.897030,2026-05-29 03:34:00,NOAA-20,PONTE ALTA DO TOCANTINS,TOCANTINS,Brasil,1717909,17,33,6,0.0,0.76,Cerrado,3.2
6b199dcb-b071-3454-84ef-153a536e4fb9,  -9.168990, -40.918170,2026-05-29 03:34:00,NOAA-20,CASA NOVA,BAHIA,Brasil,2907202,29,33,21,0.0,1.0,Caatinga,1.7
83152b9b-5ed0-369e-847b-41fcd1a9aa97,  -9.343780, -40.206520,2026-05-29 03:34:00,NOAA-20,JUAZEIRO,BAHIA,Brasil,2918407,29,33,25,0.0,1.0,Caatinga,2.5
b888bd12-25e8-3cf6-9d88-f3df994b48cf,  -9.169530, -40.915260,2026-05-29 03:34:00,NOAA-20,CASA NOVA,BAHIA,Brasil,2907202,29,33,21,0.0,1.0,Caatinga,1.7
28dd4aba-00be-3404-9481-e13623a4a863, -11.594000, -47.443850,2026-05-29 03:34:00,NOAA-20,NATIVIDADE,TOCANTINS,Brasil,1714203,17,33,6,0.0,0.47,Cerrado,18.1
27f159ae-eb51-3873-9381-1c1ae3cf6389, -14.418210, -44.587330,2026-05-29 03:34:00,NOAA-20,MONTALVÂNIA,MINAS GERAIS,Brasil,3142700,31,33,6,0.0,1.0,Cerrado,0.9
b2ada435-df73-386c-ab5a-4a8fdbb5ec04, -10.978160, -45.095100,2026-05-29 03:34:00,NOAA-20,FORMOSA DO RIO PRETO,BAHIA,Brasil,2911105,29,33,34,0.0,1.0,Cerrado,3.3
025ef268-e189-3a79-a9b4-91b203e2161c, -11.943680, -43.399580,2026-05-29 03:34:00,NOAA-20,MUQUÉM DO SÃO FRANCISCO,BAHIA,Brasil,2922250,29,33,5,0.1,1.0,Cerrado,1.3
1cdef370-bf89-38cc-91b6-5a31e74594b6, -11.940040, -43.405740,2026-05-29 03:34:00,NOAA-20,MUQUÉM DO SÃO FRANCISCO,BAHIA,Brasil,2922250,29,33,5,0.1,1.0,Cerrado,0.7
2f6ef242-9e27-351b-bb02-dec13c4cc64d, -10.822900, -46.895870,2026-05-29 03:34:00,NOAA-20,PONTE ALTA DO TOCANTINS,TOCANTINS,Brasil,1717909,17,33,6,0.0,0.76,Cerrado,6.4
585714c4-49b4-3167-8a9d-decfa1dd658c,  -9.743460, -37.167440,2026-05-29 03:34:00,NOAA-20,BELO MONTE,ALAGOAS,Brasil,2700904,27,33,3,0.0,1.0,Caatinga,0.9
e7c143ee-a3a1-3201-b426-cb9f4355fde9, -11.595490, -47.436810,2026-05-29 03:34:00,NOAA-20,NATIVIDADE,TOCANTINS,Brasil,1714203,17,33,6,0.0,0.41,Cerrado,18.1
3e7d1890-14e4-3822-8e81-62c9be20e5f6, -10.984480, -45.096300,2026-05-29 03:34:00,NOAA-20,FORMOSA DO RIO PRETO,BAHIA,Brasil,2911105,29,33,33,0.0,1.0,Cerrado,3.3
36d0eafa-618d-3882-a79b-5d4c9d4b62b1, -11.942950, -43.403420,2026-05-29 03:34:00,NOAA-20,MUQUÉM DO SÃO FRANCISCO,BAHIA,Brasil,2922250,29,33,5,0.1,1.0,Cerrado,1.3
37bc8b54-0241-3ec9-a406-aadaa4469547, -11.592500, -47.450920,2026-05-29 03:34:00,NOAA-20,NATIVIDADE,TOCANTINS,Brasil,1714203,17,33,6,0.0,0.66,Cerrado,27.2
348d5ad9-7d51-359f-a7bb-1083f38037e0, -11.586890, -47.442260,2026-05-29 03:34:00,NOAA-20,NATIVIDADE,TOCANTINS,Brasil,1714203,17,33,6,0.0,0.6,Cerrado,6.6
93e98977-443b-3246-86ef-d758ff28670a,  -9.348530, -40.207390,2026-05-29 03:34:00,NOAA-20,JUAZEIRO,BAHIA,Brasil,2918407,29,33,25,0.0,1.0,Caatinga,5.0
678e4b9c-343a-3713-a539-8f47cd110f4d, -12.001900, -45.356870,2026-05-29 03:34:00,NOAA-20,BARREIRAS,BAHIA,Brasil,2903201,29,33,2,0.0,0.83,Cerrado,1.2
2727c5f6-6888-365f-a66e-befe1fd5fea8, -11.941570, -43.398090,2026-05-29 03:34:00,NOAA-20,MUQUÉM DO SÃO FRANCISCO,BAHIA,Brasil,2922250,29,33,5,0.1,1.0,Cerrado,1.0
3f2a6b33-eaa3-3416-a8c5-2280113952fc, -11.940810, -43.401910,2026-05-29 03:34:00,NOAA-20,MUQUÉM DO SÃO FRANCISCO,BAHIA,Brasil,2922250,29,33,5,0.1,1.0,Cerrado,1.0
9b8d9fcb-cc9d-3e9d-8536-d0adc1f60f1a, -11.942210, -43.407250,2026-05-29 03:34:00,NOAA-20,MUQUÉM DO SÃO FRANCISCO,BAHIA,Brasil,2922250,29,33,5,0.1,1.0,Cerrado,1.6
f050ca30-ddd9-32e3-93ec-30e675533a5a,  -9.239950, -40.560050,2026-05-29 03:34:00,NOAA-20,PETROLINA,PERNAMBUCO,Brasil,2611101,26,33,20,0.0,1.0,Caatinga,1.4
c0f02844-75f3-323c-8750-6a0c61705fbe, -11.601060, -47.445710,2026-05-29 03:34:00,NOAA-20,NATIVIDADE,TOCANTINS,Brasil,1714203,17,33,6,0.0,0.52,Cerrado,18.1
31cd5958-0aba-35a2-9ac8-f4ce4e8f2dc5, -12.701330, -44.791970,2026-05-29 03:34:00,NOAA-20,SÃO DESIDÉRIO,BAHIA,Brasil,2928901,29,33,6,0.0,0.91,Cerrado,1.6
17b6a058-527c-354c-ba48-3d3768501bb9, -11.585400, -47.449280,2026-05-29 03:34:00,NOAA-20,NATIVIDADE,TOCANTINS,Brasil,1714203,17,33,6,0.0,0.65,Cerrado,4.6
cf43c02e-3c19-307d-b01e-9a4b956031f4, -11.996170, -45.144380,2026-05-29 03:34:00,NOAA-20,BARREIRAS,BAHIA,Brasil,2903201,29,33,4,0.0,0.71,Cerrado,1.0
8314af46-dfe7-353e-a556-d1eb9e1ddcab, -14.412470, -44.586000,2026-05-29 03:34:00,NOAA-20,MONTALVÂNIA,MINAS GERAIS,Brasil,3142700,31,33,6,0.0,1.0,Cerrado,1.1
aea4ff4f-b32e-3b59-95f5-342720c54b82, -12.002370, -45.145750,2026-05-29 03:34:00,NOAA-20,BARREIRAS,BAHIA,Brasil,2903201,29,33,4,0.0,0.81,Cerrado,1.3
c0650915-3cb9-3a86-80c3-b37fce0e8138, -17.701700, -42.272930,2026-05-29 03:36:00,NOAA-20,ANGELÂNDIA,MINAS GERAIS,Brasil,3102852,31,33,6,0.1,0.77,Cerrado,1.5
8e8e3033-cd9b-3618-bbab-afe81d69f5d8, -19.171750, -47.356350,2026-05-29 03:36:00,NOAA-20,PERDIZES,MINAS GERAIS,Brasil,3149804,31,33,6,0.5,0.51,Cerrado,4.4
907d6d18-a115-30af-913e-ed1a8c8bdcd7, -23.206870, -49.410140,2026-05-29 03:38:00,NOAA-20,PIRAJU,SÃO PAULO,Brasil,3538808,35,33,4,0.0,0.76,Mata Atlântica,1.9
1fbdc32d-6ba5-3a4f-ae97-938f0df92b0f, -21.395470, -48.709890,2026-05-29 03:38:00,NOAA-20,FERNANDO PRESTES,SÃO PAULO,Brasil,3515608,35,33,7,0.0,1.0,Cerrado,1.0
d73c5a18-ace0-3ec1-8c6a-a470d42cabb5, -21.394080, -48.715540,2026-05-29 03:38:00,NOAA-20,FERNANDO PRESTES,SÃO PAULO,Brasil,3515608,35,33,7,0.0,1.0,Cerrado,1.0
584726ed-102e-3ac0-8356-ba52eb52a89b, -11.591000, -47.449600,2026-05-29 03:40:00,GOES-19,NATIVIDADE,TOCANTINS,Brasil,1714203,17,33,6,0.0,0.65,Cerrado,82.1
7398a390-c088-38e0-8c35-41f1693085b6, -11.591400, -47.427300,2026-05-29 03:40:00,GOES-19,ALMAS,TOCANTINS,Brasil,1700400,17,33,6,0.0,0.66,Cerrado,59.5
359f5667-dd33-31ab-bfa7-697178301c99, -11.591000, -47.449600,2026-05-29 03:50:00,GOES-19,NATIVIDADE,TOCANTINS,Brasil,1714203,17,33,6,0.0,0.65,Cerrado,87.7
e6af359a-781d-354b-8e3b-99e7413e84d6, -11.591000, -47.449600,2026-05-29 04:00:00,GOES-19,NATIVIDADE,TOCANTINS,Brasil,1714203,17,33,6,0.0,0.65,Cerrado,73.0
551b7e50-6273-3f7a-9089-ef83db1887fa, -11.591000, -47.449600,2026-05-29 04:10:00,GOES-19,NATIVIDADE,TOCANTINS,Brasil,1714203,17,33,6,0.0,0.65,Cerrado,75.7
bd681298-b2a8-3a52-b0a5-f38d3b0c8937,  -8.114030, -44.160470,2026-05-29 04:19:00,NOAA-21,SEBASTIÃO LEAL,PIAUÍ,Brasil,2210631,22,33,6,0.0,0.97,Cerrado,0.9
7982991e-4704-3af2-a6e7-c0d70cbb2b19,  -8.116270, -44.168000,2026-05-29 04:19:00,NOAA-21,SEBASTIÃO LEAL,PIAUÍ,Brasil,2210631,22,33,6,0.0,0.97,Cerrado,1.2
1efe7dbe-afe9-3469-ad78-2dbb6fc2fcf8,  -6.245560, -48.575290,2026-05-29 04:19:00,NOAA-21,SÃO GERALDO DO ARAGUAIA,PARÁ,Brasil,1507458,15,33,13,0.0,1.0,Amazônia,7.4
1788e1ac-f843-3be0-90c8-f53b5d8e2eb2,  -6.250120, -48.571030,2026-05-29 04:19:00,NOAA-21,SÃO GERALDO DO ARAGUAIA,PARÁ,Brasil,1507458,15,33,13,0.0,1.0,Amazônia,2.2
8f1c231a-fdbb-3782-ab17-5c50408f807e,  -5.790670, -45.120030,2026-05-29 04:19:00,NOAA-21,BARRA DO CORDA,MARANHÃO,Brasil,2101608,21,33,10,0.0,0.61,Cerrado,0.6
6ed1aeeb-add4-3a9a-89fd-c3ff5e07542a,  -8.116810, -44.164490,2026-05-29 04:19:00,NOAA-21,SEBASTIÃO LEAL,PIAUÍ,Brasil,2210631,22,33,6,0.0,0.97,Cerrado,0.7
73af7854-c474-32c5-b3e7-c52144517eee,  -7.003330, -45.004060,2026-05-29 04:19:00,NOAA-21,LORETO,MARANHÃO,Brasil,2106102,21,33,24,0.0,0.91,Cerrado,4.4
05e8e462-6318-344f-b2ba-3ecebe0630b8,  -7.009930, -45.005100,2026-05-29 04:19:00,NOAA-21,LORETO,MARANHÃO,Brasil,2106102,21,33,24,0.0,0.91,Cerrado,2.0
77b64303-0584-3b34-afa7-4aa76632d201,  -6.394560, -44.172650,2026-05-29 04:19:00,NOAA-21,SUCUPIRA DO NORTE,MARANHÃO,Brasil,2111904,21,33,16,0.0,0.86,Cerrado,3.5
3868416e-1486-3548-80a4-b71aae308de7,  -8.113490, -44.163980,2026-05-29 04:19:00,NOAA-21,SEBASTIÃO LEAL,PIAUÍ,Brasil,2210631,22,33,6,0.0,0.97,Cerrado,0.9
cf52c0ba-7214-3927-880e-c5ea06ebfaea,  -5.949680, -43.486480,2026-05-29 04:19:00,NOAA-21,LAGOA DO MATO,MARANHÃO,Brasil,2105922,21,33,14,0.0,0.9,Cerrado,1.6
2faea4db-dd33-3fd6-b31b-b926d3834b80,  -6.080720, -44.003080,2026-05-29 04:19:00,NOAA-21,COLINAS,MARANHÃO,Brasil,2103505,21,33,10,0.0,0.7,Cerrado,1.2
3c527a7c-a03e-3f84-8617-cc15c462e6e4,  -6.052140, -44.012840,2026-05-29 04:19:00,NOAA-21,COLINAS,MARANHÃO,Brasil,2103505,21,33,10,0.0,0.69,Cerrado,1.6
e7288801-7fad-3a18-bc7b-9d4430d20554,  -7.352960, -46.214950,2026-05-29 04:19:00,NOAA-21,RIACHÃO,MARANHÃO,Brasil,2109502,21,33,11,0.0,0.98,Cerrado,4.1
38126fb7-202c-30c8-8c6a-6ae3424bca84,  -5.955790, -43.491020,2026-05-29 04:19:00,NOAA-21,LAGOA DO MATO,MARANHÃO,Brasil,2105922,21,33,14,0.0,0.9,Cerrado,0.8
b94b1404-a336-35f6-b6ee-287bc6c6845d,  -6.762940, -45.018800,2026-05-29 04:19:00,NOAA-21,LORETO,MARANHÃO,Brasil,2106102,21,33,17,0.0,1.0,Cerrado,1.7
9bf25b70-2550-3916-9c31-dec4c7cdcf46,  -7.338650, -49.864010,2026-05-29 04:19:00,NOAA-21,RIO MARIA,PARÁ,Brasil,1506161,15,33,13,0.0,0.71,Amazônia,3.2
cb337eb3-9e03-3919-b1a2-ba19145683f4,  -7.608610, -43.150150,2026-05-29 04:19:00,NOAA-21,ITAUEIRA,PIAUÍ,Brasil,2205102,22,33,30,0.0,1.0,Caatinga,2.3
67169e08-96ec-3193-8052-a512bfd0a341,  -7.002780, -45.007520,2026-05-29 04:19:00,NOAA-21,LORETO,MARANHÃO,Brasil,2106102,21,33,24,0.0,0.91,Cerrado,3.1
61506f5a-83d3-3d4c-a50b-fac29a176a03,  -6.765160, -45.026220,2026-05-29 04:19:00,NOAA-21,LORETO,MARANHÃO,Brasil,2106102,21,33,17,0.0,1.0,Cerrado,1.9
6bf40f5a-9490-3e71-85d4-7cc12f4098ba,  -6.084030, -44.003590,2026-05-29 04:19:00,NOAA-21,COLINAS,MARANHÃO,Brasil,2103505,21,33,10,0.0,0.7,Cerrado,1.2
8a3ecf0c-09b0-3aa1-9d45-045e2b5306b8,  -5.923580, -43.478890,2026-05-29 04:19:00,NOAA-21,LAGOA DO MATO,MARANHÃO,Brasil,2105922,21,33,14,0.0,0.9,Cerrado,1.2
acec793c-d519-39ea-ba28-23b09979f5a2,  -7.339230, -49.860500,2026-05-29 04:19:00,NOAA-21,RIO MARIA,PARÁ,Brasil,1506161,15,33,13,0.0,0.67,Amazônia,3.2
f4dc1e1e-b88d-3913-9f74-25b0579a92c0,  -7.565320, -42.644780,2026-05-29 04:19:00,NOAA-21,SÃO JOSÉ DO PEIXE,PIAUÍ,Brasil,2210102,22,33,28,0.0,1.0,Caatinga,3.0
2f54a4e1-efdb-3976-8732-f3774a62c2da,  -4.478070, -37.809190,2026-05-29 04:19:00,NOAA-21,FORTIM,CEARÁ,Brasil,2304459,23,33,-999,0.0,0.05,Caatinga,1.9
79d1e63c-fa91-3ded-8b42-978d316e4aa1,  -7.557290, -42.651350,2026-05-29 04:19:00,NOAA-21,SÃO JOSÉ DO PEIXE,PIAUÍ,Brasil,2210102,22,33,26,0.0,1.0,Caatinga,1.0
3f2c903b-f49b-305f-9edc-6e14ee75bb22,  -6.997270, -44.999570,2026-05-29 04:19:00,NOAA-21,LORETO,MARANHÃO,Brasil,2106102,21,33,23,0.0,0.91,Cerrado,2.3
9979c507-7250-36d9-8772-668199d8edbf,  -3.860750, -42.963070,2026-05-29 04:19:00,NOAA-21,BURITI,MARANHÃO,Brasil,2102200,21,33,6,1.54,0.03,Cerrado,1.3
baf476c2-f972-3383-89eb-4610cf9cc638,  -7.694890, -46.141040,2026-05-29 04:19:00,NOAA-21,BALSAS,MARANHÃO,Brasil,2101400,21,33,34,0.0,1.0,Cerrado,0.8
69244f83-78a0-3daf-9c06-a2b745d5b739,  -7.335210, -49.859850,2026-05-29 04:19:00,NOAA-21,RIO MARIA,PARÁ,Brasil,1506161,15,33,13,0.0,0.98,Amazônia,1.1
8f3d7706-50aa-3882-9ec1-b60c0b35bb4a,  -2.965180, -39.924500,2026-05-29 04:19:00,NOAA-21,ITAREMA,CEARÁ,Brasil,2306553,23,33,-999,5.2,0.09,Caatinga,1.1
526045de-7b4d-35d1-9076-a657a877e48d,  -7.003870, -45.000610,2026-05-29 04:19:00,NOAA-21,LORETO,MARANHÃO,Brasil,2106102,21,33,24,0.0,0.91,Cerrado,4.4
0db01ee2-9a20-305f-9704-0cfe8e624cba,  -6.244750, -48.580250,2026-05-29 04:19:00,NOAA-21,SÃO GERALDO DO ARAGUAIA,PARÁ,Brasil,1507458,15,33,12,0.0,1.0,Amazônia,7.4
bdad166e-ec32-3ef4-87f0-424eb48287be,  -6.398400, -44.169710,2026-05-29 04:19:00,NOAA-21,SUCUPIRA DO NORTE,MARANHÃO,Brasil,2111904,21,33,17,0.0,0.8,Cerrado,3.5
33d03afe-d26c-3e50-96aa-4807e0db9c0b,  -7.334620, -49.863380,2026-05-29 04:19:00,NOAA-21,RIO MARIA,PARÁ,Brasil,1506161,15,33,13,0.0,1.0,Amazônia,1.1
0d5d6e85-bc45-3141-ac65-03556df50f30,  -7.010470, -45.001640,2026-05-29 04:19:00,NOAA-21,LORETO,MARANHÃO,Brasil,2106102,21,33,24,0.0,0.91,Cerrado,2.0
00d9bc58-a62c-3ab4-ad95-d3b6f676d97d,  -6.087330, -44.004110,2026-05-29 04:19:00,NOAA-21,COLINAS,MARANHÃO,Brasil,2103505,21,33,10,0.0,0.7,Cerrado,3.9
6e5f05c6-5891-30cb-a1a0-f7a5deba2b22,  -6.539110, -44.686080,2026-05-29 04:19:00,NOAA-21,MIRADOR,MARANHÃO,Brasil,2106706,21,33,12,0.0,0.71,Cerrado,2.9
0a4e92ef-69d5-3558-a532-3eaac36a1b2e,  -5.835780, -43.497730,2026-05-29 04:19:00,NOAA-21,PARNARAMA,MARANHÃO,Brasil,2107803,21,33,14,0.0,0.88,Cerrado,0.5
54d628c7-6728-37d5-8b35-629f0dd69fd0,  -7.556720, -42.655150,2026-05-29 04:19:00,NOAA-21,SÃO JOSÉ DO PEIXE,PIAUÍ,Brasil,2210102,22,33,26,0.0,1.0,Caatinga,1.0
c0a62c33-8821-3fa6-80f9-9c3db5c4f63f,  -5.907430, -45.565420,2026-05-29 04:19:00,NOAA-21,GRAJAÚ,MARANHÃO,Brasil,2104800,21,33,11,0.0,0.38,Cerrado,0.9
cfdb16e4-2fce-32d7-8e3a-2cc47a85e9f9,  -6.246370, -48.570320,2026-05-29 04:19:00,NOAA-21,SÃO GERALDO DO ARAGUAIA,PARÁ,Brasil,1507458,15,33,13,0.0,1.0,Amazônia,2.2
949ee4a9-0bcc-37eb-9460-8ac9c46f4310,  -5.950220, -43.482980,2026-05-29 04:19:00,NOAA-21,LAGOA DO MATO,MARANHÃO,Brasil,2105922,21,33,14,0.0,0.9,Cerrado,1.1
d359bcf3-1c3a-3f4f-b893-2ce65d40f15b,  -6.391260, -44.172140,2026-05-29 04:19:00,NOAA-21,SUCUPIRA DO NORTE,MARANHÃO,Brasil,2111904,21,33,16,0.0,0.85,Cerrado,4.0
cb278ffb-3e27-3779-94a3-de535ab41f8e,  -7.006630, -45.004580,2026-05-29 04:19:00,NOAA-21,LORETO,MARANHÃO,Brasil,2106102,21,33,24,0.0,0.91,Cerrado,2.0
4252d261-0de3-36f4-a0b4-bd997ddfd4e8,  -5.323490, -44.691990,2026-05-29 04:19:00,NOAA-21,TUNTUM,MARANHÃO,Brasil,2112308,21,33,10,0.0,0.65,Cerrado,2.0
c6244fd1-75ce-3eec-9900-540d2e12a23c,  -6.291590, -43.629470,2026-05-29 04:19:00,NOAA-21,PASSAGEM FRANCA,MARANHÃO,Brasil,2107902,21,33,10,0.0,0.81,Cerrado,2.8
5f0e25ca-aa7f-391b-8a16-4833693dbb4e,  -5.839110, -43.498250,2026-05-29 04:19:00,NOAA-21,PARNARAMA,MARANHÃO,Brasil,2107803,21,33,14,0.0,0.88,Cerrado,0.9
fd8bebe1-6880-3f22-9242-ee64ce50d21e,  -2.968920, -39.925080,2026-05-29 04:19:00,NOAA-21,ITAREMA,CEARÁ,Brasil,2306553,23,33,-999,5.18,0.12,Caatinga,3.4
20e452aa-fa32-3088-bc18-0f834122bf6f,  -6.997810, -44.996120,2026-05-29 04:19:00,NOAA-21,LORETO,MARANHÃO,Brasil,2106102,21,33,23,0.0,0.91,Cerrado,1.7
f6e127fc-1b61-3fa7-956f-1321ae1b99d0,  -5.288300, -43.959840,2026-05-29 04:19:00,NOAA-21,SENADOR ALEXANDRE COSTA,MARANHÃO,Brasil,2111748,21,33,11,0.0,0.22,Cerrado,0.9
9816344d-87ef-3f2b-b971-5b3b837e31ef,  -6.761860, -45.025710,2026-05-29 04:19:00,NOAA-21,LORETO,MARANHÃO,Brasil,2106102,21,33,17,0.0,1.0,Cerrado,2.2
0f1c3a1b-2d60-3d9b-b678-d2b586ce7e21,  -5.923040, -43.482400,2026-05-29 04:19:00,NOAA-21,LAGOA DO MATO,MARANHÃO,Brasil,2105922,21,33,14,0.0,0.9,Cerrado,0.5
aa14bc0a-8691-3dc6-81a1-e598a1d764f5,  -7.609170, -43.146470,2026-05-29 04:19:00,NOAA-21,ITAUEIRA,PIAUÍ,Brasil,2205102,22,33,30,0.0,1.0,Caatinga,2.3
ed7dc005-a016-3fad-a5c3-710d57b92e13,  -5.324030, -44.688540,2026-05-29 04:19:00,NOAA-21,TUNTUM,MARANHÃO,Brasil,2112308,21,33,10,0.0,0.58,Cerrado,1.0
12122080-9fb2-3f2e-a305-16d40209e456,  -5.326790, -44.692500,2026-05-29 04:19:00,NOAA-21,TUNTUM,MARANHÃO,Brasil,2112308,21,33,10,0.0,0.61,Cerrado,1.4
43d224f6-08bb-3c15-9dec-01d9e0de9552,  -6.765700, -45.022770,2026-05-29 04:19:00,NOAA-21,LORETO,MARANHÃO,Brasil,2106102,21,33,17,0.0,1.0,Cerrado,1.7
028ddc3c-cdc7-3a2d-a3f0-1cb7fd8e9c9e,  -5.327330, -44.689050,2026-05-29 04:19:00,NOAA-21,TUNTUM,MARANHÃO,Brasil,2112308,21,33,10,0.0,0.51,Cerrado,1.1
41fd62ff-fb06-347a-bcdf-e7c8af8d18ca,  -5.926910, -43.479400,2026-05-29 04:19:00,NOAA-21,LAGOA DO MATO,MARANHÃO,Brasil,2105922,21,33,14,0.0,0.9,Cerrado,1.2
7c752f64-f3e2-35a1-8383-211aecee878d,  -7.007170, -45.001130,2026-05-29 04:19:00,NOAA-21,LORETO,MARANHÃO,Brasil,2106102,21,33,24,0.0,0.91,Cerrado,2.0
3dda57ad-bda3-30e6-84c0-cc9f951e0530,  -6.759640, -45.018280,2026-05-29 04:19:00,NOAA-21,LORETO,MARANHÃO,Brasil,2106102,21,33,18,0.0,1.0,Cerrado,1.7
39ce559d-cc71-3137-943f-d54c35fae1da,  -5.953000, -43.487010,2026-05-29 04:19:00,NOAA-21,LAGOA DO MATO,MARANHÃO,Brasil,2105922,21,33,14,0.0,0.9,Cerrado,1.6
bb189f53-ed80-3d83-b8bb-4358e986e1c4,  -6.395090, -44.169200,2026-05-29 04:19:00,NOAA-21,SUCUPIRA DO NORTE,MARANHÃO,Brasil,2111904,21,33,16,0.0,0.8,Cerrado,3.5
c5764327-7e73-338d-8582-03c4316337cd,  -6.528430, -43.680450,2026-05-29 04:19:00,NOAA-21,SÃO JOÃO DOS PATOS,MARANHÃO,Brasil,2111102,21,33,10,0.0,0.86,Cerrado,1.4
9173b449-4fa1-3caf-99ac-3d9efd84ca84,  -2.964530, -39.921510,2026-05-29 04:19:00,NOAA-21,ITAREMA,CEARÁ,Brasil,2306553,23,33,-999,5.2,0.05,Caatinga,1.2
ac62353c-fc59-3b81-b4ae-18c975063dde,  -3.945790, -40.970410,2026-05-29 04:19:00,NOAA-21,IBIAPINA,CEARÁ,Brasil,2305308,23,33,11,0.0,0.36,Caatinga,0.9
69e6c8b2-a9c7-3de7-a68c-655a85862dcc,  -7.006080, -45.008040,2026-05-29 04:19:00,NOAA-21,LORETO,MARANHÃO,Brasil,2106102,21,33,24,0.0,0.91,Cerrado,4.7
db2472cf-5606-32f9-9bdd-346985f01200,  -6.762400, -45.022250,2026-05-29 04:19:00,NOAA-21,LORETO,MARANHÃO,Brasil,2106102,21,33,17,0.0,1.0,Cerrado,1.7
758e5607-54e5-350f-8056-c55074327766,  -6.022790, -44.223870,2026-05-29 04:19:00,NOAA-21,COLINAS,MARANHÃO,Brasil,2103505,21,33,12,0.0,0.71,Cerrado,1.3
c0ed4207-2bf1-32c2-b277-8944f59726d3, -11.591000, -47.449600,2026-05-29 04:20:00,GOES-19,NATIVIDADE,TOCANTINS,Brasil,1714203,17,33,6,0.0,0.65,Cerrado,88.4
59055577-4a9c-3e3e-bfc9-5de0eefd8212, -12.046870, -45.272310,2026-05-29 04:21:00,NOAA-21,BARREIRAS,BAHIA,Brasil,2903201,29,33,3,0.0,0.86,Cerrado,0.5
fa7d9096-d0cf-356f-a545-63eb46c6b861,  -8.716260, -47.797340,2026-05-29 04:21:00,NOAA-21,ITACAJÁ,TOCANTINS,Brasil,1710508,17,33,22,0.0,0.76,Cerrado,1.4
fb53c69d-f36a-3b5a-bcfc-8697338a4160,  -8.598680, -45.936760,2026-05-29 04:21:00,NOAA-21,TASSO FRAGOSO,MARANHÃO,Brasil,2112001,21,33,34,0.0,0.96,Cerrado,0.6
19cde2c5-d2da-33ae-b410-30994c68df94,  -8.714780, -47.916320,2026-05-29 04:21:00,NOAA-21,ITACAJÁ,TOCANTINS,Brasil,1710508,17,33,24,0.0,0.8,Cerrado,0.9
1e8c5b09-8f1c-3362-b922-95ff0222f24c, -14.441010, -48.898690,2026-05-29 04:21:00,NOAA-21,NIQUELÂNDIA,GOIÁS,Brasil,5214606,52,33,6,0.0,0.52,Cerrado,2.6
a7503beb-726a-3700-bafd-8ae563a8bba4, -12.087300, -51.219270,2026-05-29 04:21:00,NOAA-21,SERRA NOVA DOURADA,MATO GROSSO,Brasil,5107883,51,33,8,0.0,0.88,Cerrado,1.4
b023e874-b279-3f41-882f-4d377568e464, -11.832280, -49.792890,2026-05-29 04:21:00,NOAA-21,FORMOSO DO ARAGUAIA,TOCANTINS,Brasil,1708205,17,33,6,0.0,0.97,Cerrado,1.6
8671ebea-6a62-37ff-be2f-9f7bb11c9b92, -11.594810, -47.438020,2026-05-29 04:21:00,NOAA-21,NATIVIDADE,TOCANTINS,Brasil,1714203,17,33,6,0.0,0.37,Cerrado,12.8
eed85ce6-ffdb-3bca-98c4-2461052e3e76,  -8.876990, -48.501750,2026-05-29 04:21:00,NOAA-21,GUARAÍ,TOCANTINS,Brasil,1709302,17,33,15,0.0,1.0,Cerrado,2.6
42a7faa0-e298-35d2-b068-dacfff936185, -11.587440, -47.440590,2026-05-29 04:21:00,NOAA-21,NATIVIDADE,TOCANTINS,Brasil,1714203,17,33,6,0.0,0.57,Cerrado,4.1
96b07cc8-d679-3e16-92e4-fa766d79cfc6, -10.512170, -47.716240,2026-05-29 04:21:00,NOAA-21,PONTE ALTA DO TOCANTINS,TOCANTINS,Brasil,1717909,17,33,14,0.0,0.73,Cerrado,0.9
8d823582-afbe-390c-915a-15c3bab715ae, -12.704510, -44.791680,2026-05-29 04:21:00,NOAA-21,SÃO DESIDÉRIO,BAHIA,Brasil,2928901,29,33,6,0.0,0.91,Cerrado,2.3
891abd9c-e025-370b-8790-dd4f5aaed790,  -8.705040, -47.799630,2026-05-29 04:21:00,NOAA-21,ITACAJÁ,TOCANTINS,Brasil,1710508,17,33,21,0.0,0.76,Cerrado,1.3
b0bff199-8cd3-3d6e-bef8-f1a1307b2359,  -9.759620, -50.010760,2026-05-29 04:21:00,NOAA-21,MARIANÓPOLIS DO TOCANTINS,TOCANTINS,Brasil,1712504,17,33,29,0.0,0.68,Cerrado,1.2
a4ec1f07-2f6e-3e3c-a221-226e40da07dc, -10.982570, -45.096000,2026-05-29 04:21:00,NOAA-21,FORMOSA DO RIO PRETO,BAHIA,Brasil,2911105,29,33,34,0.0,1.0,Cerrado,4.1
02f530cd-620c-3c66-b17b-4b9c0ba75d2c, -14.958850, -48.705330,2026-05-29 04:21:00,NOAA-21,VILA PROPÍCIO,GOIÁS,Brasil,5222302,52,33,6,0.0,0.89,Cerrado,0.7
888e6c20-0f1e-3b60-a9b0-0e85edd1ca83, -10.981800, -48.154470,2026-05-29 04:21:00,NOAA-21,MONTE DO CARMO,TOCANTINS,Brasil,1713601,17,33,7,0.0,0.47,Cerrado,0.5
fe64e14f-3947-3131-818e-f1ab0f77f809, -11.303010, -54.032640,2026-05-29 04:21:00,NOAA-21,UNIÃO DO SUL,MATO GROSSO,Brasil,5108303,51,33,24,0.0,0.44,Amazônia,1.8
57c64fb1-402f-35c4-a268-995335fa50a0, -13.284570, -48.858620,2026-05-29 04:21:00,NOAA-21,TROMBAS,GOIÁS,Brasil,5221452,52,33,6,0.0,1.0,Cerrado,1.1
41201fc3-97de-3d19-8a27-35bf839c10eb, -11.779540, -52.514780,2026-05-29 04:21:00,NOAA-21,QUERÊNCIA,MATO GROSSO,Brasil,5107065,51,33,24,0.0,0.35,Amazônia,0.8
10f637b9-686f-3a3c-b396-684d3f00c488, -11.444610, -55.107870,2026-05-29 04:21:00,NOAA-21,CLÁUDIA,MATO GROSSO,Brasil,5103056,51,33,13,0.0,0.38,Amazônia,0.9
b4c92c42-5b27-33c2-b3bc-8390c6b412aa, -11.409580, -48.444750,2026-05-29 04:21:00,NOAA-21,SÃO VALÉRIO,TOCANTINS,Brasil,1720499,17,33,9,0.0,0.96,Cerrado,2.3
5e18993a-6175-3810-9334-b96698cf314e,  -8.436130, -47.889370,2026-05-29 04:21:00,NOAA-21,ITACAJÁ,TOCANTINS,Brasil,1710508,17,33,15,0.0,0.81,Cerrado,0.9
c0f47b7c-d50b-37ca-b60e-b3bbbb39f7ec, -10.974830, -48.153290,2026-05-29 04:21:00,NOAA-21,MONTE DO CARMO,TOCANTINS,Brasil,1713601,17,33,7,0.0,0.41,Cerrado,1.0
b3b2e48a-3693-3d4a-9006-4f0ae77a5718,  -9.529980, -47.487600,2026-05-29 04:21:00,NOAA-21,RIO SONO,TOCANTINS,Brasil,1718758,17,33,31,0.0,0.93,Cerrado,0.9
654ce8dc-3427-385a-897e-41dcd207b9f5,  -9.857850, -48.252640,2026-05-29 04:21:00,NOAA-21,LAJEADO,TOCANTINS,Brasil,1712009,17,33,14,0.0,0.75,Cerrado,1.4
91b3d453-c8f3-37e9-99f7-0dc798911c8b, -11.897290, -47.609570,2026-05-29 04:21:00,NOAA-21,NATIVIDADE,TOCANTINS,Brasil,1714203,17,33,6,0.0,0.86,Cerrado,1.2
4c6c620c-376d-3339-ae6a-616ddf4db2fd, -10.095380, -43.981690,2026-05-29 04:21:00,NOAA-21,AVELINO LOPES,PIAUÍ,Brasil,2201101,22,33,36,0.0,0.92,Cerrado,0.8
1e6b7367-3aff-3ed1-b28a-3c8b3657fe20,  -9.172430, -40.919350,2026-05-29 04:21:00,NOAA-21,CASA NOVA,BAHIA,Brasil,2907202,29,33,22,0.0,1.0,Caatinga,2.3
dbd5dd6a-ccf1-34e3-985a-f3e7ab62633a,  -9.529360, -47.491420,2026-05-29 04:21:00,NOAA-21,RIO SONO,TOCANTINS,Brasil,1718758,17,33,31,0.0,0.92,Cerrado,0.9
8095ec56-9e19-3bfd-ae22-f1f8def79d97, -11.596990, -47.445950,2026-05-29 04:21:00,NOAA-21,NATIVIDADE,TOCANTINS,Brasil,1714203,17,33,6,0.0,0.52,Cerrado,18.1
d2b04de0-3287-3c97-ab9c-4218cee3575d,  -9.215380, -47.917450,2026-05-29 04:21:00,NOAA-21,PEDRO AFONSO,TOCANTINS,Brasil,1716505,17,33,15,0.0,0.93,Cerrado,2.5
0bb4e708-2a79-3688-b66c-e47cd1e965a6,  -9.214750, -48.596930,2026-05-29 04:21:00,NOAA-21,MIRANORTE,TOCANTINS,Brasil,1713304,17,33,31,0.0,0.8,Cerrado,0.7
3c72a23c-ed19-31d0-b6a7-c9c2460fad24, -13.559830, -47.566370,2026-05-29 04:21:00,NOAA-21,CAVALCANTE,GOIÁS,Brasil,5205307,52,33,6,0.0,0.85,Cerrado,0.5
a2c4bdc9-4199-398f-b21f-51f539b0acb8, -12.002020, -45.142430,2026-05-29 04:21:00,NOAA-21,BARREIRAS,BAHIA,Brasil,2903201,29,33,4,0.0,0.84,Cerrado,1.1
197910a9-7813-3a0f-9731-ee6756b1db91, -15.109960, -43.993720,2026-05-29 04:21:00,NOAA-21,JAÍBA,MINAS GERAIS,Brasil,3135050,31,33,6,0.0,1.0,Cerrado,0.9
b98608db-914a-3844-9505-68aa94601fd5, -11.273110, -53.971930,2026-05-29 04:21:00,NOAA-21,UNIÃO DO SUL,MATO GROSSO,Brasil,5108303,51,33,27,0.0,0.28,Amazônia,1.2
a681c6e1-dcb1-3d76-8353-3a20999e901c, -11.788440, -52.516410,2026-05-29 04:21:00,NOAA-21,QUERÊNCIA,MATO GROSSO,Brasil,5107065,51,33,24,0.0,0.35,Amazônia,1.1
baea4e33-94fc-335b-93ee-98ed7f313a87, -11.800470, -52.517010,2026-05-29 04:21:00,NOAA-21,QUERÊNCIA,MATO GROSSO,Brasil,5107065,51,33,24,0.0,0.35,Amazônia,1.5
24272055-5527-3e3a-92d5-53270f5b8214, -11.561930, -54.580530,2026-05-29 04:21:00,NOAA-21,UNIÃO DO SUL,MATO GROSSO,Brasil,5108303,51,33,13,0.0,0.28,Amazônia,2.3
5153befb-4929-3f98-9a52-cde0b4fc0423,  -9.392710, -48.451620,2026-05-29 04:21:00,NOAA-21,MIRACEMA DO TOCANTINS,TOCANTINS,Brasil,1713205,17,33,24,0.0,0.9,Cerrado,0.9
37d0f8da-0b4b-3831-b621-803782566485, -11.689680, -45.381230,2026-05-29 04:21:00,NOAA-21,RIACHÃO DAS NEVES,BAHIA,Brasil,2926202,29,33,6,0.0,1.0,Cerrado,1.3
38b92f35-7a7c-3de6-be95-f5c8c8c19740, -11.943560, -43.408070,2026-05-29 04:21:00,NOAA-21,MUQUÉM DO SÃO FRANCISCO,BAHIA,Brasil,2922250,29,33,5,0.1,1.0,Cerrado,0.8
5517bf48-a171-3cdb-ab3a-6057d3ad1130, -11.471920, -57.100580,2026-05-29 04:21:00,NOAA-21,PORTO DOS GAÚCHOS,MATO GROSSO,Brasil,5106802,51,33,11,0.1,0.3,Amazônia,4.5
b179e098-1c24-3da7-bcee-f29d727065ae, -12.003090, -45.355780,2026-05-29 04:21:00,NOAA-21,BARREIRAS,BAHIA,Brasil,2903201,29,33,2,0.0,0.83,Cerrado,1.8
aaf6f386-7c1f-3c81-8f7f-95d801982f5d,  -9.160040, -46.860600,2026-05-29 04:21:00,NOAA-21,LIZARDA,TOCANTINS,Brasil,1712405,17,33,34,0.0,1.0,Cerrado,2.1
0aeab621-357c-301e-adb4-ecf656db8a29,  -7.613840, -49.467930,2026-05-29 04:21:00,NOAA-21,FLORESTA DO ARAGUAIA,PARÁ,Brasil,1503044,15,33,14,0.0,1.0,Amazônia,1.2
4fc62279-d2e6-3599-b551-553e5311af98, -12.363040, -54.169880,2026-05-29 04:21:00,NOAA-21,NOVA UBIRATÃ,MATO GROSSO,Brasil,5106240,51,33,14,0.0,0.36,Amazônia,2.9
a564efd5-7405-3096-b153-5fa2ec0e0dd2, -11.443960, -55.111250,2026-05-29 04:21:00,NOAA-21,CLÁUDIA,MATO GROSSO,Brasil,5103056,51,33,13,0.0,0.38,Amazônia,0.9
c24c0d3f-12cc-3938-b775-cc4b8ce4d2bc, -10.815960, -56.596400,2026-05-29 04:21:00,NOAA-21,TABAPORÃ,MATO GROSSO,Brasil,5107941,51,33,10,0.0,0.32,Amazônia,1.7
3ebbcfbd-0330-35fa-ba22-b3468eb4cbfb, -11.970770, -47.371510,2026-05-29 04:21:00,NOAA-21,CONCEIÇÃO DO TOCANTINS,TOCANTINS,Brasil,1705607,17,33,6,0.0,0.76,Cerrado,1.4
a14bfbd1-2282-3d73-8913-235f984316f0,  -9.149260, -50.043840,2026-05-29 04:21:00,NOAA-21,SANTANA DO ARAGUAIA,PARÁ,Brasil,1506708,15,33,17,0.0,0.65,Amazônia,0.9
946f1bd9-554a-3f0e-bc1d-674ebb24dc65, -11.475220, -52.920440,2026-05-29 04:21:00,NOAA-21,SÃO FÉLIX DO ARAGUAIA,MATO GROSSO,Brasil,5107859,51,33,14,0.0,0.3,Amazônia,1.4
c16544b9-9033-3ceb-a132-7979cdb65177, -10.824780, -46.895790,2026-05-29 04:21:00,NOAA-21,PONTE ALTA DO TOCANTINS,TOCANTINS,Brasil,1717909,17,33,6,0.0,0.76,Cerrado,3.1
b9ecc5c8-85cc-3261-84ef-7e6ea34dc163, -10.518510, -48.102610,2026-05-29 04:21:00,NOAA-21,MONTE DO CARMO,TOCANTINS,Brasil,1713601,17,33,9,0.0,0.64,Cerrado,3.1
deccb71b-a509-3f94-bb8e-9961be977eaa, -10.101230, -52.170890,2026-05-29 04:21:00,NOAA-21,SANTA CRUZ DO XINGU,MATO GROSSO,Brasil,5107743,51,33,10,0.0,0.36,Amazônia,1.5
e4dc0450-96ae-3859-a5dc-714c65dc40c5, -10.357140, -45.268430,2026-05-29 04:21:00,NOAA-21,CORRENTE,PIAUÍ,Brasil,2202901,22,33,37,0.0,1.0,Cerrado,0.6
ddc71e5a-9b34-3843-80d0-a94e53da05dc, -10.804160, -46.881330,2026-05-29 04:21:00,NOAA-21,PONTE ALTA DO TOCANTINS,TOCANTINS,Brasil,1717909,17,33,6,0.0,0.79,Cerrado,3.1
53274c57-b180-317a-9617-02d71a50856c, -11.594210, -47.441700,2026-05-29 04:21:00,NOAA-21,NATIVIDADE,TOCANTINS,Brasil,1714203,17,33,6,0.0,0.39,Cerrado,12.8
7cd49ea9-0b1e-30d4-811c-609ef7130e60, -13.181250, -52.709590,2026-05-29 04:21:00,NOAA-21,CANARANA,MATO GROSSO,Brasil,5102702,51,33,28,0.0,0.5,Amazônia,5.0
5aa08973-1455-34ad-abdc-3a4175edffc1, -11.331150, -51.404800,2026-05-29 04:21:00,NOAA-21,SÃO FÉLIX DO ARAGUAIA,MATO GROSSO,Brasil,5107859,51,33,26,0.0,0.89,Cerrado,1.0
483d9e22-8e63-33fb-8aff-6b7bb7bbd2b8,  -9.393400, -48.447430,2026-05-29 04:21:00,NOAA-21,MIRACEMA DO TOCANTINS,TOCANTINS,Brasil,1713205,17,33,24,0.0,0.86,Cerrado,0.9
56c20bb7-e709-3eff-ae41-edd41820ff17, -11.740400, -44.515740,2026-05-29 04:21:00,NOAA-21,COTEGIPE,BAHIA,Brasil,2909406,29,33,6,0.0,1.0,Cerrado,1.4
e3d91286-ad30-3e3f-a213-1a10653d0703, -11.995390, -47.154980,2026-05-29 04:21:00,NOAA-21,CONCEIÇÃO DO TOCANTINS,TOCANTINS,Brasil,1705607,17,33,6,0.0,0.84,Cerrado,0.3
65774d26-f2af-343e-bd86-c231ca943ff7, -11.294500, -46.770240,2026-05-29 04:21:00,NOAA-21,RIO DA CONCEIÇÃO,TOCANTINS,Brasil,1718659,17,33,5,0.0,0.81,Cerrado,4.5
fb5b8a51-1739-3469-8e4c-a5a830137105, -10.825950, -46.888510,2026-05-29 04:21:00,NOAA-21,PONTE ALTA DO TOCANTINS,TOCANTINS,Brasil,1717909,17,33,6,0.0,0.76,Cerrado,2.0
2c9c31bc-c9b8-3b63-9f63-55931353dbf4,  -8.208880, -46.204360,2026-05-29 04:21:00,NOAA-21,BALSAS,MARANHÃO,Brasil,2101400,21,33,17,0.0,0.82,Cerrado,0.8
24cdf400-0687-38b0-8465-e73296346c51, -10.521350, -48.107160,2026-05-29 04:21:00,NOAA-21,MONTE DO CARMO,TOCANTINS,Brasil,1713601,17,33,9,0.0,0.67,Cerrado,2.5
5d85e533-87c4-33cf-9ddd-1995848ca74e, -11.163810, -46.799610,2026-05-29 04:21:00,NOAA-21,ALMAS,TOCANTINS,Brasil,1700400,17,33,0,0.0,1.0,Cerrado,0.9
aeef55d4-c328-3f93-86e9-c106c76128ad,  -9.214110, -48.597520,2026-05-29 04:21:00,NOAA-21,MIRANORTE,TOCANTINS,Brasil,1713304,17,33,31,0.0,0.81,Cerrado,0.7
5333fe11-6a5e-3de2-afd2-1eebab57eb7a, -12.456910, -46.523980,2026-05-29 04:21:00,NOAA-21,TAGUATINGA,TOCANTINS,Brasil,1720903,17,33,1,0.0,0.67,Cerrado,1.9
8f12a135-8d82-3ad1-be35-6fa413b14d38, -10.909640, -54.120060,2026-05-29 04:21:00,NOAA-21,MARCELÂNDIA,MATO GROSSO,Brasil,5105580,51,33,14,0.0,0.26,Amazônia,1.8
cc63cf3c-b03e-3c71-8235-61dba42d49b8, -13.186550, -52.706550,2026-05-29 04:21:00,NOAA-21,CANARANA,MATO GROSSO,Brasil,5102702,51,33,28,0.0,0.55,Amazônia,3.8
6f7074e9-8e0f-35cc-a998-1e7713539a14, -14.443160, -48.907210,2026-05-29 04:21:00,NOAA-21,NIQUELÂNDIA,GOIÁS,Brasil,5214606,52,33,6,0.0,0.79,Cerrado,2.2
25b5c42b-e14c-3cc8-8e32-12aeaf2e3827, -11.600970, -47.442840,2026-05-29 04:21:00,NOAA-21,NATIVIDADE,TOCANTINS,Brasil,1714203,17,33,6,0.0,0.41,Cerrado,10.2
e01d57b4-500b-3039-b731-6157ffa4a56d,  -8.892050, -51.855660,2026-05-29 04:21:00,NOAA-21,CUMARU DO NORTE,PARÁ,Brasil,1502764,15,33,14,0.0,0.83,Amazônia,3.4
e5a0122b-8589-38c2-869b-b6bd0e1b4c7c, -15.783780, -43.856980,2026-05-29 04:21:00,NOAA-21,SÃO JOÃO DA PONTE,MINAS GERAIS,Brasil,3162401,31,33,36,0.62,1.0,Caatinga,1.1
d91c53f4-86e3-34ed-97c5-94f02ffb58b6, -10.660990, -49.727300,2026-05-29 04:21:00,NOAA-21,LAGOA DA CONFUSÃO,TOCANTINS,Brasil,1711902,17,33,29,0.0,1.0,Cerrado,3.0
dcc808a2-5aa4-3f4b-990d-30b12fe41deb, -11.829910, -48.211810,2026-05-29 04:21:00,NOAA-21,SÃO VALÉRIO,TOCANTINS,Brasil,1720499,17,33,6,0.0,0.68,Cerrado,2.0
1224346a-d5df-3780-a88c-1828c52b8b30, -11.944140, -43.404150,2026-05-29 04:21:00,NOAA-21,MUQUÉM DO SÃO FRANCISCO,BAHIA,Brasil,2922250,29,33,5,0.1,1.0,Cerrado,1.8
57eed562-a750-302c-85b0-b3e62aaa39fe, -11.794430, -40.080110,2026-05-29 04:21:00,NOAA-21,MAIRI,BAHIA,Brasil,2920106,29,33,7,0.21,0.99,Caatinga,2.1
f1d81ded-a48e-3fbe-8894-0ee7fce3667b, -11.562520, -54.577400,2026-05-29 04:21:00,NOAA-21,UNIÃO DO SUL,MATO GROSSO,Brasil,5108303,51,33,13,0.0,0.32,Amazônia,2.3
9acba40b-8899-30aa-b836-19152467f2bd,  -8.719070, -54.990880,2026-05-29 04:21:00,NOAA-21,ALTAMIRA,PARÁ,Brasil,1500602,15,33,11,0.0,0.54,Amazônia,0.8
43580445-2695-30c0-bd44-a07d321c8e00, -11.601570, -47.439150,2026-05-29 04:21:00,NOAA-21,NATIVIDADE,TOCANTINS,Brasil,1714203,17,33,6,0.0,0.32,Cerrado,10.2
5185cc8c-1197-33c7-a64e-2411871221de, -12.365320, -54.166030,2026-05-29 04:21:00,NOAA-21,NOVA UBIRATÃ,MATO GROSSO,Brasil,5106240,51,33,14,0.0,0.36,Amazônia,2.4
c022d74e-f689-3787-8b53-602969fc991d, -13.641750, -55.755610,2026-05-29 04:21:00,NOAA-21,NOVA MUTUM,MATO GROSSO,Brasil,5106224,51,33,12,0.24,0.57,Cerrado,1.1
cb7356ed-bd18-3f00-b17f-f58a1fbc8ce4,  -9.240480, -40.558370,2026-05-29 04:21:00,NOAA-21,PETROLINA,PERNAMBUCO,Brasil,2611101,26,33,20,0.0,1.0,Caatinga,2.0
9ad73483-8aa0-306e-8ca5-8eb1df47cbae, -11.463300, -46.695150,2026-05-29 04:21:00,NOAA-21,DIANÓPOLIS,TOCANTINS,Brasil,1707009,17,33,3,0.0,0.71,Cerrado,0.3
95ad4abc-907e-3685-885f-dbc2faa39324,  -8.687220, -48.308000,2026-05-29 04:21:00,NOAA-21,GUARAÍ,TOCANTINS,Brasil,1709302,17,33,18,0.0,0.42,Cerrado,4.7
b8922ba8-60e5-3d88-b3b0-83e8d26c1aa1, -12.317480, -47.897790,2026-05-29 04:21:00,NOAA-21,PARANÃ,TOCANTINS,Brasil,1716208,17,33,6,0.0,0.94,Cerrado,1.3
3ca00015-1792-3fe7-8707-9d592109dec4, -11.630590, -56.864250,2026-05-29 04:21:00,NOAA-21,PORTO DOS GAÚCHOS,MATO GROSSO,Brasil,5106802,51,33,11,0.1,0.31,Amazônia,3.6
bb2f0bb3-27a3-3997-9dae-7db2622f7790, -10.661780, -49.722580,2026-05-29 04:21:00,NOAA-21,LAGOA DA CONFUSÃO,TOCANTINS,Brasil,1711902,17,33,29,0.0,1.0,Cerrado,2.0
432d3b6c-0930-3904-a736-388f0b862bb9, -13.182150, -52.705730,2026-05-29 04:21:00,NOAA-21,CANARANA,MATO GROSSO,Brasil,5102702,51,33,28,0.0,0.5,Amazônia,3.8
2f530370-bd5c-3266-90d2-b0d71abae192, -11.298040, -54.031710,2026-05-29 04:21:00,NOAA-21,UNIÃO DO SUL,MATO GROSSO,Brasil,5108303,51,33,23,0.0,0.32,Amazônia,0.7
43111470-49b8-3781-a946-80117e1e7845, -13.117020, -51.724080,2026-05-29 04:21:00,NOAA-21,RIBEIRÃO CASCALHEIRA,MATO GROSSO,Brasil,5107180,51,33,10,0.0,0.86,Cerrado,2.1
c8a450e5-bd87-3d73-8c3d-f330e152861b, -11.335990, -51.401660,2026-05-29 04:21:00,NOAA-21,SÃO FÉLIX DO ARAGUAIA,MATO GROSSO,Brasil,5107859,51,33,26,0.0,0.9,Cerrado,0.7
021eefcb-8f59-34a6-84b4-cf59977fd4b9,  -8.490760, -46.462670,2026-05-29 04:21:00,NOAA-21,BALSAS,MARANHÃO,Brasil,2101400,21,33,34,0.0,0.91,Cerrado,0.8
41b9f05e-a001-3275-8983-47c2f753b22a, -15.248810, -47.460500,2026-05-29 04:21:00,NOAA-21,FORMOSA,GOIÁS,Brasil,5208004,52,33,13,0.0,1.0,Cerrado,0.7
a29ea0ac-d64d-3e63-bfdd-7ad24388ae90, -14.417260, -44.586770,2026-05-29 04:21:00,NOAA-21,MONTALVÂNIA,MINAS GERAIS,Brasil,3142700,31,33,6,0.0,1.0,Cerrado,2.2
2f243d00-4bcb-3251-a35f-ae628e1fecfe, -13.186490, -52.705910,2026-05-29 04:21:00,NOAA-21,CANARANA,MATO GROSSO,Brasil,5102702,51,33,28,0.0,0.55,Amazônia,3.5
3489cb50-8269-37b2-941a-501c72fb81b6,  -8.721570, -47.830940,2026-05-29 04:21:00,NOAA-21,ITACAJÁ,TOCANTINS,Brasil,1710508,17,33,26,0.0,0.78,Cerrado,1.4
cff87458-2120-3aa7-ad88-38fc48bd757c,  -8.686540, -48.312190,2026-05-29 04:21:00,NOAA-21,GUARAÍ,TOCANTINS,Brasil,1709302,17,33,18,0.0,0.42,Cerrado,1.8
ea1eb016-d8c3-3150-8b43-7f311756fb86,  -8.850510, -46.709810,2026-05-29 04:21:00,NOAA-21,BALSAS,MARANHÃO,Brasil,2101400,21,33,37,0.0,0.83,Cerrado,0.9
8af138d9-2c08-3a2f-b090-a6c5f02ae45f, -13.181340, -52.710230,2026-05-29 04:21:00,NOAA-21,CANARANA,MATO GROSSO,Brasil,5102702,51,33,28,0.0,0.5,Amazônia,3.4
9e8cffe6-247c-3d95-875d-8ad26a3037cb, -13.556340, -46.650570,2026-05-29 04:21:00,NOAA-21,SÃO DOMINGOS,GOIÁS,Brasil,5219803,52,33,0,0.1,1.0,Cerrado,0.9
0d050068-b57e-367a-88e8-8d5a92583ca4, -10.722980, -49.035140,2026-05-29 04:21:00,NOAA-21,CRISTALÂNDIA,TOCANTINS,Brasil,1706100,17,33,26,0.0,0.66,Cerrado,1.9
a8f16388-ff59-3bc6-a3bb-9a64087009b9, -10.104500, -46.568700,2026-05-29 04:21:00,NOAA-21,SÃO FÉLIX DO TOCANTINS,TOCANTINS,Brasil,1720150,17,33,16,0.0,1.0,Cerrado,2.2
59d1f5cf-6618-33c2-baf6-5efc9f617907, -10.661050, -49.724920,2026-05-29 04:21:00,NOAA-21,LAGOA DA CONFUSÃO,TOCANTINS,Brasil,1711902,17,33,29,0.0,1.0,Cerrado,4.4
0e7dcb53-a0a3-36c6-a843-25eca3f89fbf, -11.449280, -55.112230,2026-05-29 04:21:00,NOAA-21,CLÁUDIA,MATO GROSSO,Brasil,5103056,51,33,13,0.0,0.38,Amazônia,0.8
24d62b5e-0f1a-33ad-88bf-3c620db32945, -10.481430, -48.908030,2026-05-29 04:21:00,NOAA-21,PUGMIL,TOCANTINS,Brasil,1718451,17,33,19,0.0,0.65,Cerrado,5.9
d958603b-cabf-3606-bc8b-5985bf79cdee,  -8.712080, -47.800750,2026-05-29 04:21:00,NOAA-21,ITACAJÁ,TOCANTINS,Brasil,1710508,17,33,22,0.0,0.78,Cerrado,3.7
c079464a-bea9-3735-833c-13a199fdbd99, -11.897890, -47.605850,2026-05-29 04:21:00,NOAA-21,NATIVIDADE,TOCANTINS,Brasil,1714203,17,33,6,0.0,0.9,Cerrado,1.0
1e4a1e8d-cf92-3e6a-b6cb-fe3bdc22945e, -12.209210, -47.501540,2026-05-29 04:21:00,NOAA-21,CONCEIÇÃO DO TOCANTINS,TOCANTINS,Brasil,1705607,17,33,6,0.0,1.0,Cerrado,1.2
632eae81-a927-32dd-b531-7653f6a69662,  -8.725750, -47.827510,2026-05-29 04:21:00,NOAA-21,ITACAJÁ,TOCANTINS,Brasil,1710508,17,33,27,0.0,0.83,Cerrado,1.7
495b04a6-1067-32e7-a644-ea082481d41d, -11.631450, -56.859810,2026-05-29 04:21:00,NOAA-21,PORTO DOS GAÚCHOS,MATO GROSSO,Brasil,5106802,51,33,11,0.1,0.31,Amazônia,2.8
cb2b773f-fef0-3a91-b75f-852a25df44ab, -12.009700, -45.356830,2026-05-29 04:21:00,NOAA-21,BARREIRAS,BAHIA,Brasil,2903201,29,33,2,0.0,0.82,Cerrado,3.1
dc0c4545-c0a3-3ad2-aeb3-9a8b17cbe82a,  -8.846560, -46.712890,2026-05-29 04:21:00,NOAA-21,BALSAS,MARANHÃO,Brasil,2101400,21,33,37,0.0,0.83,Cerrado,0.6
3762b7b8-01a5-3274-844b-a7073ad2d22e,  -8.877690, -48.497500,2026-05-29 04:21:00,NOAA-21,GUARAÍ,TOCANTINS,Brasil,1709302,17,33,15,0.0,1.0,Cerrado,2.6
39248952-3f7b-3c8d-a147-293ffd688e92,  -8.687910, -48.303810,2026-05-29 04:21:00,NOAA-21,GUARAÍ,TOCANTINS,Brasil,1709302,17,33,18,0.0,0.54,Cerrado,4.7
f3561a5e-4816-3d0b-9270-a35720f53598, -11.561330, -54.583680,2026-05-29 04:21:00,NOAA-21,UNIÃO DO SUL,MATO GROSSO,Brasil,5108303,51,33,13,0.0,0.28,Amazônia,2.5
f834ec4e-6764-313d-bb31-d24df2c2e521, -10.131610, -52.402370,2026-05-29 04:21:00,NOAA-21,SANTA CRUZ DO XINGU,MATO GROSSO,Brasil,5107743,51,33,12,0.0,0.95,Amazônia,7.2
a5d40677-075b-34a9-81ed-c66dcbd7e530, -11.047670, -49.603310,2026-05-29 04:21:00,NOAA-21,SANTA RITA DO TOCANTINS,TOCANTINS,Brasil,1718899,17,33,19,0.0,0.82,Cerrado,1.3
0fe2c549-5b8d-362e-825d-fded12780eab,  -8.708560, -47.800190,2026-05-29 04:21:00,NOAA-21,ITACAJÁ,TOCANTINS,Brasil,1710508,17,33,21,0.0,0.76,Cerrado,3.7
95b36aa9-a777-3ae1-8a3b-276018cc100e,  -8.849930, -46.713450,2026-05-29 04:21:00,NOAA-21,BALSAS,MARANHÃO,Brasil,2101400,21,33,37,0.0,0.83,Cerrado,0.6
4026de4c-6d4d-3471-9394-61d35055d2b5, -10.986420, -45.093020,2026-05-29 04:21:00,NOAA-21,FORMOSA DO RIO PRETO,BAHIA,Brasil,2911105,29,33,33,0.0,1.0,Cerrado,2.9
e0f9a605-0b08-31c8-a4a9-8b12d38d5c0c, -12.265500, -48.803650,2026-05-29 04:21:00,NOAA-21,SUCUPIRA,TOCANTINS,Brasil,1720853,17,33,6,0.0,1.0,Cerrado,0.9
71042e05-8288-333f-b384-76aa83913e56, -12.364080, -54.164230,2026-05-29 04:21:00,NOAA-21,NOVA UBIRATÃ,MATO GROSSO,Brasil,5106240,51,33,14,0.0,0.36,Amazônia,2.2
afb3efd4-b962-37a4-b6d2-79d52f765f74,  -8.718410, -54.994480,2026-05-29 04:21:00,NOAA-21,ALTAMIRA,PARÁ,Brasil,1500602,15,33,11,0.0,0.59,Amazônia,0.8
d0db5b1a-08b7-339e-a8db-87e7d4744aa1, -12.364230, -54.171680,2026-05-29 04:21:00,NOAA-21,NOVA UBIRATÃ,MATO GROSSO,Brasil,5106240,51,33,14,0.0,0.36,Amazônia,2.4
35dc1eea-2ff1-345d-9fc8-1f68429d5733, -10.978320, -48.153870,2026-05-29 04:21:00,NOAA-21,MONTE DO CARMO,TOCANTINS,Brasil,1713601,17,33,7,0.0,0.43,Cerrado,1.0
0fbeac85-360a-3db0-bbb3-e50c52aef8af, -13.636410, -55.754550,2026-05-29 04:21:00,NOAA-21,NOVA MUTUM,MATO GROSSO,Brasil,5106224,51,33,12,0.25,0.35,Cerrado,1.1
ae784c17-2edb-33bf-b54f-ef14a29e1746, -11.628110, -56.862450,2026-05-29 04:21:00,NOAA-21,PORTO DOS GAÚCHOS,MATO GROSSO,Brasil,5106802,51,33,11,0.1,0.31,Amazônia,4.1
02a51d67-c605-3870-8898-ad5aa731cd11, -11.303550, -54.029700,2026-05-29 04:21:00,NOAA-21,UNIÃO DO SUL,MATO GROSSO,Brasil,5108303,51,33,24,0.0,0.28,Amazônia,1.8
1947b49b-5035-3dee-b5cc-4044d9937f46, -11.593610, -47.445380,2026-05-29 04:21:00,NOAA-21,NATIVIDADE,TOCANTINS,Brasil,1714203,17,33,6,0.0,0.52,Cerrado,18.1
59eb0036-3c55-3134-881e-98fb758dc40f,  -8.683620, -48.307420,2026-05-29 04:21:00,NOAA-21,GUARAÍ,TOCANTINS,Brasil,1709302,17,33,18,0.0,0.41,Cerrado,4.7
dcb609aa-bbbb-3bbe-a769-144d132d4a7b, -10.825360, -46.892150,2026-05-29 04:21:00,NOAA-21,PONTE ALTA DO TOCANTINS,TOCANTINS,Brasil,1717909,17,33,6,0.0,0.76,Cerrado,3.1
8c6095a5-5703-3a8a-ac64-6709ae88dc63, -11.967390, -47.370960,2026-05-29 04:21:00,NOAA-21,CONCEIÇÃO DO TOCANTINS,TOCANTINS,Brasil,1705607,17,33,6,0.0,0.76,Cerrado,1.4
87cb47a8-b051-3081-b884-1956ba23c947, -11.598190, -47.438580,2026-05-29 04:21:00,NOAA-21,NATIVIDADE,TOCANTINS,Brasil,1714203,17,33,6,0.0,0.34,Cerrado,12.8
c16e4a40-4cb9-3ff2-97fd-1607e42eb6c6, -10.983110, -45.092490,2026-05-29 04:21:00,NOAA-21,FORMOSA DO RIO PRETO,BAHIA,Brasil,2911105,29,33,34,0.0,1.0,Cerrado,4.1
9302f6c1-82b0-388c-a550-86629b6e1d78,  -8.595350, -45.936240,2026-05-29 04:21:00,NOAA-21,TASSO FRAGOSO,MARANHÃO,Brasil,2112001,21,33,34,0.0,0.92,Cerrado,0.6
98b94012-f364-3663-9f01-6d892d73188b,  -9.227080, -47.513980,2026-05-29 04:21:00,NOAA-21,CENTENÁRIO,TOCANTINS,Brasil,1704105,17,33,31,0.0,0.93,Cerrado,0.7
d5a40666-2888-34e1-a9c0-033993c54e92, -10.719330, -49.034520,2026-05-29 04:21:00,NOAA-21,CRISTALÂNDIA,TOCANTINS,Brasil,1706100,17,33,26,0.0,0.66,Cerrado,1.9
47cf30bc-090e-31cf-a8b5-6f94c7700007, -11.470620, -52.919590,2026-05-29 04:21:00,NOAA-21,SÃO FÉLIX DO ARAGUAIA,MATO GROSSO,Brasil,5107859,51,33,14,0.0,0.3,Amazônia,1.3
e7f28cbf-b954-3d0f-b5e3-8d8203b68d6d, -15.420720, -42.021580,2026-05-29 04:21:00,NOAA-21,SÃO JOÃO DO PARAÍSO,MINAS GERAIS,Brasil,3162708,31,33,6,0.1,0.95,Mata Atlântica,5.4
d0a95bde-b6f5-3795-90c4-1899a8025045, -11.944720, -43.400230,2026-05-29 04:21:00,NOAA-21,MUQUÉM DO SÃO FRANCISCO,BAHIA,Brasil,2922250,29,33,5,0.1,1.0,Cerrado,1.8
1d4e4494-d94d-3668-a4de-bd24b3f8be61, -11.970170, -47.375180,2026-05-29 04:21:00,NOAA-21,CONCEIÇÃO DO TOCANTINS,TOCANTINS,Brasil,1705607,17,33,6,0.0,0.77,Cerrado,1.4
c45e959a-cc5b-330b-98e0-00b084cffe7d, -13.182090, -52.705100,2026-05-29 04:21:00,NOAA-21,CANARANA,MATO GROSSO,Brasil,5102702,51,33,28,0.0,0.5,Amazônia,3.5
95801f12-0003-3b23-bcf3-f6d827f88f73, -11.590220, -47.444820,2026-05-29 04:21:00,NOAA-21,NATIVIDADE,TOCANTINS,Brasil,1714203,17,33,6,0.0,0.56,Cerrado,6.3
f925a523-ed7e-3cd0-b76a-aba20ea728a8, -10.136160, -52.403160,2026-05-29 04:21:00,NOAA-21,SANTA CRUZ DO XINGU,MATO GROSSO,Brasil,5107743,51,33,12,0.0,0.93,Amazônia,2.4
60514c5d-2e64-3cb4-8458-de0c065c7a14, -12.115740, -43.970990,2026-05-29 04:21:00,NOAA-21,WANDERLEY,BAHIA,Brasil,2933455,29,33,5,0.0,0.93,Cerrado,1.7
dc888cb0-3cc5-369c-9dd6-89833a55c9b5, -12.455790, -46.531060,2026-05-29 04:21:00,NOAA-21,TAGUATINGA,TOCANTINS,Brasil,1720903,17,33,1,0.0,0.71,Cerrado,1.5
ce23fcfd-cd81-37d0-baeb-9a73d8fa71dd, -11.298580, -54.028770,2026-05-29 04:21:00,NOAA-21,UNIÃO DO SUL,MATO GROSSO,Brasil,5108303,51,33,24,0.0,0.33,Amazônia,0.7
ca6e3243-ba8d-3495-a852-6521a4f324c5, -11.846550, -43.968260,2026-05-29 04:21:00,NOAA-21,WANDERLEY,BAHIA,Brasil,2933455,29,33,5,0.0,1.0,Cerrado,0.7
d75cc831-a13e-3a26-8bfa-a6bd69b34acb,  -8.712740, -47.796790,2026-05-29 04:21:00,NOAA-21,ITACAJÁ,TOCANTINS,Brasil,1710508,17,33,21,0.0,0.76,Cerrado,3.7
eeda147d-723f-36d7-a204-ce2ea9a91735, -11.160470, -46.799080,2026-05-29 04:21:00,NOAA-21,ALMAS,TOCANTINS,Brasil,1700400,17,33,0,0.0,1.0,Cerrado,0.9
d7f2430a-4910-3c55-b540-73f0d33b2694,  -8.224360, -49.672410,2026-05-29 04:21:00,NOAA-21,CONCEIÇÃO DO ARAGUAIA,PARÁ,Brasil,1502707,15,33,14,0.0,0.7,Amazônia,3.1
c39813bd-a713-3a60-9541-ae2480ecec2c, -12.370020, -54.159630,2026-05-29 04:21:00,NOAA-21,NOVA UBIRATÃ,MATO GROSSO,Brasil,5106240,51,33,13,0.0,0.37,Amazônia,2.2
794071cb-9261-3c61-80b1-8e22b1cd5a77, -10.143980, -48.079920,2026-05-29 04:21:00,NOAA-21,PALMAS,TOCANTINS,Brasil,1721000,17,33,8,0.0,0.59,Cerrado,1.2
95220850-44fc-30e2-a507-f3d87d6d32c5, -11.589620, -47.448510,2026-05-29 04:21:00,NOAA-21,NATIVIDADE,TOCANTINS,Brasil,1714203,17,33,6,0.0,0.63,Cerrado,6.3
7e76f712-3eb1-3df3-9299-109708fc9042, -14.443820, -48.903270,2026-05-29 04:21:00,NOAA-21,NIQUELÂNDIA,GOIÁS,Brasil,5214606,52,33,6,0.0,0.62,Cerrado,2.6
60655b53-ccfe-33b2-b55f-e834a23cf849, -10.821420, -46.895260,2026-05-29 04:21:00,NOAA-21,PONTE ALTA DO TOCANTINS,TOCANTINS,Brasil,1717909,17,33,6,0.0,0.76,Cerrado,1.0
4ddae7ac-6eca-3216-9cd6-e3a430532ede, -11.586240, -47.440630,2026-05-29 04:21:00,NOAA-21,NATIVIDADE,TOCANTINS,Brasil,1714203,17,33,6,0.0,0.61,Cerrado,4.8
eed2cba1-cae7-3088-b385-285aad2ff1a9, -10.865380, -44.640020,2026-05-29 04:21:00,NOAA-21,SANTA RITA DE CÁSSIA,BAHIA,Brasil,2928406,29,33,6,0.0,0.96,Cerrado,0.9
cfc5fa76-5182-3640-b29b-8dfea5d6313e, -11.783990, -52.515600,2026-05-29 04:21:00,NOAA-21,QUERÊNCIA,MATO GROSSO,Brasil,5107065,51,33,24,0.0,0.35,Amazônia,1.1
37a10b1d-24e8-3546-a0de-aac3e425ce8e,  -8.847140, -46.709260,2026-05-29 04:21:00,NOAA-21,BALSAS,MARANHÃO,Brasil,2101400,21,33,37,0.0,0.83,Cerrado,0.9
28c3b293-f10b-3b86-984c-115d644238cb, -13.176940, -52.709440,2026-05-29 04:21:00,NOAA-21,CANARANA,MATO GROSSO,Brasil,5102702,51,33,29,0.0,0.51,Amazônia,2.5
812a474a-f168-3989-bdc0-48aefcbca549, -11.328310, -46.794150,2026-05-29 04:21:00,NOAA-21,RIO DA CONCEIÇÃO,TOCANTINS,Brasil,1718659,17,33,5,0.0,0.86,Cerrado,0.4
6d6c9ee8-5365-34e8-aa13-669e428f14cc, -11.597590, -47.442260,2026-05-29 04:21:00,NOAA-21,NATIVIDADE,TOCANTINS,Brasil,1714203,17,33,6,0.0,0.39,Cerrado,12.8
a1edf5dc-69d6-3c3f-ad0d-3e8b71ce6c93, -12.371300, -54.161410,2026-05-29 04:21:00,NOAA-21,NOVA UBIRATÃ,MATO GROSSO,Brasil,5106240,51,33,14,0.0,0.36,Amazônia,3.2
d8ccd7fc-24df-33fe-908e-8d3ee2430637,  -8.684300, -48.303220,2026-05-29 04:21:00,NOAA-21,GUARAÍ,TOCANTINS,Brasil,1709302,17,33,18,0.0,0.53,Cerrado,4.7
23313200-2f2f-3cbb-8378-32125db9769d, -12.050180, -45.272830,2026-05-29 04:21:00,NOAA-21,BARREIRAS,BAHIA,Brasil,2903201,29,33,3,0.0,0.85,Cerrado,0.5
93bc849f-488d-30a6-a9bd-9ea3247b6d49, -14.440360, -48.902630,2026-05-29 04:21:00,NOAA-21,NIQUELÂNDIA,GOIÁS,Brasil,5214606,52,33,6,0.0,0.59,Cerrado,2.6
79e92245-7139-37a7-bd74-e5bd8fe269e5, -10.714940, -49.038310,2026-05-29 04:21:00,NOAA-21,CRISTALÂNDIA,TOCANTINS,Brasil,1706100,17,33,27,0.0,0.66,Cerrado,0.9
0c32d1ad-8980-33e9-ac79-8a002bb3cc9e, -12.001480, -45.145960,2026-05-29 04:21:00,NOAA-21,BARREIRAS,BAHIA,Brasil,2903201,29,33,4,0.0,0.79,Cerrado,5.3
ae8c8ef6-200f-3e8b-ac91-d72270c7df86, -11.600370, -47.446530,2026-05-29 04:21:00,NOAA-21,NATIVIDADE,TOCANTINS,Brasil,1714203,17,33,6,0.0,0.55,Cerrado,6.5
3cc93647-6fb0-3d88-a505-f915f62f55ad,  -8.715600, -47.801320,2026-05-29 04:21:00,NOAA-21,ITACAJÁ,TOCANTINS,Brasil,1710508,17,33,22,0.0,0.79,Cerrado,1.4
aa41271b-c9da-3c22-8238-ef3ea2feeefa, -13.283910, -48.862640,2026-05-29 04:21:00,NOAA-21,TROMBAS,GOIÁS,Brasil,5221452,52,33,6,0.0,1.0,Cerrado,1.5
651de32c-59bf-38b1-8f59-107b3e12ab6f, -11.449930, -55.108860,2026-05-29 04:21:00,NOAA-21,CLÁUDIA,MATO GROSSO,Brasil,5103056,51,33,13,0.0,0.38,Amazônia,0.8
b3f3c347-ecff-3895-b4b2-4fd4d1ef4e6b, -10.985880, -45.096530,2026-05-29 04:21:00,NOAA-21,FORMOSA DO RIO PRETO,BAHIA,Brasil,2911105,29,33,33,0.0,1.0,Cerrado,2.9
74355cb6-b0ad-393b-b63d-86300f61ab07,  -8.580940, -45.941230,2026-05-29 04:21:00,NOAA-21,TASSO FRAGOSO,MARANHÃO,Brasil,2112001,21,33,34,0.0,0.77,Cerrado,1.0
a6cb4708-a376-32ba-8f42-a6d91c2b550e,  -8.358380, -48.141450,2026-05-29 04:21:00,NOAA-21,TUPIRATINS,TOCANTINS,Brasil,1721307,17,33,17,0.0,0.6,Cerrado,0.7
8c8a7dfb-7429-374d-b564-3070f09063e3, -14.444480, -48.899330,2026-05-29 04:21:00,NOAA-21,NIQUELÂNDIA,GOIÁS,Brasil,5214606,52,33,6,0.0,0.49,Cerrado,2.6
c840196a-1c6d-33c7-a223-810df3be370f, -11.590820, -47.441140,2026-05-29 04:21:00,NOAA-21,NATIVIDADE,TOCANTINS,Brasil,1714203,17,33,6,0.0,0.47,Cerrado,4.1
88d46aa7-d5e1-3b71-848c-17a924f842a2, -10.141550, -52.399240,2026-05-29 04:21:00,NOAA-21,SANTA CRUZ DO XINGU,MATO GROSSO,Brasil,5107743,51,33,11,0.0,0.62,Amazônia,2.0
fbffa29e-9b2a-3585-8425-d153bcbbb554, -14.447290, -48.903900,2026-05-29 04:21:00,NOAA-21,NIQUELÂNDIA,GOIÁS,Brasil,5214606,52,33,6,0.0,0.73,Cerrado,3.6
8274a898-8430-3dc9-ae6b-41b87312f12a,  -7.505510, -55.006060,2026-05-29 04:21:00,NOAA-21,ALTAMIRA,PARÁ,Brasil,1500602,15,33,12,0.0,0.12,Amazônia,1.4
1ed83f89-eccd-3a0d-b67a-9ff95a119de7, -11.593000, -47.449070,2026-05-29 04:21:00,NOAA-21,NATIVIDADE,TOCANTINS,Brasil,1714203,17,33,6,0.0,0.64,Cerrado,18.1
6620c685-647c-3213-8b88-643a7d66c79c,  -8.726530, -48.326150,2026-05-29 04:21:00,NOAA-21,GUARAÍ,TOCANTINS,Brasil,1709302,17,33,16,0.0,0.33,Cerrado,1.2
38c410ba-5c8e-3f98-82b8-146ee62dbecd, -11.331830, -51.400920,2026-05-29 04:21:00,NOAA-21,SÃO FÉLIX DO ARAGUAIA,MATO GROSSO,Brasil,5107859,51,33,25,0.0,0.89,Cerrado,1.3
d7d08ec4-7bc4-38d4-8009-164f9962c23b, -11.894500, -47.605280,2026-05-29 04:21:00,NOAA-21,NATIVIDADE,TOCANTINS,Brasil,1714203,17,33,6,0.0,0.92,Cerrado,1.0
b47730a2-750b-318f-bd2b-1d402d03dfcb, -11.692980, -45.381750,2026-05-29 04:21:00,NOAA-21,RIACHÃO DAS NEVES,BAHIA,Brasil,2926202,29,33,6,0.0,1.0,Cerrado,1.3
419e9371-755f-38ec-98a8-03a9d39e1354, -17.864130, -51.784070,2026-05-29 04:23:00,NOAA-21,JATAÍ,GOIÁS,Brasil,5211909,52,33,6,0.16,0.98,Cerrado,1.6
b0c72ff0-a7b1-3cf5-b97b-df0c3ecee68e, -19.684020, -54.354510,2026-05-29 04:23:00,NOAA-21,BANDEIRANTES,MATO GROSSO DO SUL,Brasil,5001508,50,33,7,0.0,1.0,Cerrado,1.9
2289107f-3db4-3503-b176-7e9ed3e7b6d0, -19.689250, -54.350940,2026-05-29 04:23:00,NOAA-21,BANDEIRANTES,MATO GROSSO DO SUL,Brasil,5001508,50,33,7,0.0,1.0,Cerrado,3.2
24e840c3-7d9e-3dcc-9bbf-2af425c6ffb0, -21.383230, -49.263680,2026-05-29 04:23:00,NOAA-21,NOVO HORIZONTE,SÃO PAULO,Brasil,3533502,35,33,9,0.0,1.0,Mata Atlântica,1.4
9604c878-1e4f-371a-9a11-8b05dcc6660a, -18.460700, -54.705800,2026-05-29 04:23:00,NOAA-21,COXIM,MATO GROSSO DO SUL,Brasil,5003306,50,33,10,0.0,0.77,Cerrado,3.5
e34c8e6f-5fa1-36f6-bfc2-6454faa2def8, -16.171790, -58.480270,2026-05-29 04:23:00,NOAA-21,CÁCERES,MATO GROSSO,Brasil,5102504,51,33,10,0.0,0.33,Pantanal,7.8
43d1d1a1-c8c3-39aa-801a-0cd1cbb23056, -18.464320, -54.711570,2026-05-29 04:23:00,NOAA-21,COXIM,MATO GROSSO DO SUL,Brasil,5003306,50,33,10,0.0,0.56,Cerrado,11.1
7ea914ed-247a-33c9-b86e-996d164ee976, -15.796830, -58.625720,2026-05-29 04:23:00,NOAA-21,PORTO ESPERIDIÃO,MATO GROSSO,Brasil,5106828,51,33,8,0.1,1.0,Pantanal,1.6
49eaf2ba-7d84-3fc5-8851-15fc23760c76, -18.459770, -54.710610,2026-05-29 04:23:00,NOAA-21,COXIM,MATO GROSSO DO SUL,Brasil,5003306,50,33,10,0.0,0.75,Cerrado,3.5
398ad679-64f0-33c0-a424-a462d83dc519, -18.459230, -45.059480,2026-05-29 04:23:00,NOAA-21,TRÊS MARIAS,MINAS GERAIS,Brasil,3169356,31,33,6,0.64,0.91,Cerrado,1.0
d9cd1fc8-7968-393e-9fae-01b797a59902, -15.797900, -58.620670,2026-05-29 04:23:00,NOAA-21,PORTO ESPERIDIÃO,MATO GROSSO,Brasil,5106828,51,33,8,0.1,1.0,Pantanal,1.6
ef4b6dac-d945-3e83-8a6d-d00976879bf9, -21.144250, -48.655260,2026-05-29 04:23:00,NOAA-21,PIRANGI,SÃO PAULO,Brasil,3539004,35,33,9,0.0,1.0,Mata Atlântica,1.5
cec476bf-ba9e-33d6-8b0e-e4e8e69e1b01, -19.688370, -54.355460,2026-05-29 04:23:00,NOAA-21,BANDEIRANTES,MATO GROSSO DO SUL,Brasil,5001508,50,33,7,0.0,1.0,Cerrado,3.2
a4bca0d0-0dc2-363e-a3c3-853fe10891c5, -20.191560, -49.561870,2026-05-29 04:23:00,NOAA-21,PAULO DE FARIA,SÃO PAULO,Brasil,3536604,35,33,10,0.0,0.95,Mata Atlântica,0.6
9a87329e-abb8-361d-a166-998841d05272, -18.849670, -44.552700,2026-05-29 04:23:00,NOAA-21,CURVELO,MINAS GERAIS,Brasil,3120904,31,33,12,0.0,0.89,Cerrado,0.3
5d914723-bf71-37d9-83fd-ca386a63feee, -19.174410, -47.357140,2026-05-29 04:23:00,NOAA-21,PERDIZES,MINAS GERAIS,Brasil,3149804,31,33,6,0.5,0.41,Cerrado,9.2
7409bd76-a0c8-39f7-881f-d60d97045bfc, -19.062030, -47.423400,2026-05-29 04:23:00,NOAA-21,IRAÍ DE MINAS,MINAS GERAIS,Brasil,3131604,31,33,6,0.3,1.0,Cerrado,0.7
76ef1bf8-2a48-328f-b90c-137fdd1035d8, -20.488160, -51.498820,2026-05-29 04:23:00,NOAA-21,SELVÍRIA,MATO GROSSO DO SUL,Brasil,5007802,50,33,9,0.0,1.0,Mata Atlântica,1.1
e7f6e50c-b6f8-3992-8b57-66238c65e47b, -18.465260, -54.706760,2026-05-29 04:23:00,NOAA-21,COXIM,MATO GROSSO DO SUL,Brasil,5003306,50,33,10,0.0,0.56,Cerrado,11.1
f2d8691e-b214-385e-a3af-5cf70694b3f9, -16.173670, -58.478360,2026-05-29 04:23:00,NOAA-21,CÁCERES,MATO GROSSO,Brasil,5102504,51,33,10,0.0,0.31,Pantanal,13.0
2f95ff6c-775a-396b-9e26-6e9ec0ff5a10, -19.865220, -43.870630,2026-05-29 04:23:00,NOAA-21,SABARÁ,MINAS GERAIS,Brasil,3156700,31,33,6,2.88,-999.0,Mata Atlântica,1.5
e22ea2e2-4a7a-369b-ad06-09ea335ab098, -20.902110, -46.788280,2026-05-29 04:23:00,NOAA-21,FORTALEZA DE MINAS,MINAS GERAIS,Brasil,3126307,31,33,9,0.0,0.94,Mata Atlântica,1.6
715db31e-eabb-3511-889f-b168d1ec73a0, -15.907380, -50.553450,2026-05-29 04:23:00,NOAA-21,ITAPIRAPUÃ,GOIÁS,Brasil,5211008,52,33,6,0.36,1.0,Cerrado,2.0
9d3247ba-9c97-344d-90da-b501c8991155, -19.062590, -47.419770,2026-05-29 04:23:00,NOAA-21,IRAÍ DE MINAS,MINAS GERAIS,Brasil,3131604,31,33,6,0.3,1.0,Cerrado,0.5
15a27a7b-f933-3a38-b7f2-2ec96601c52f, -16.172800, -58.475500,2026-05-29 04:23:00,NOAA-21,CÁCERES,MATO GROSSO,Brasil,5102504,51,33,11,0.0,0.31,Pantanal,7.3
17bc867b-d2d2-3f3f-ae52-3119d6691a26, -15.824310, -58.616680,2026-05-29 04:23:00,NOAA-21,PORTO ESPERIDIÃO,MATO GROSSO,Brasil,5106828,51,33,7,0.1,1.0,Pantanal,5.3
d4820f43-74d0-33e5-9f11-e4b991addd3d, -15.823380, -58.619420,2026-05-29 04:23:00,NOAA-21,PORTO ESPERIDIÃO,MATO GROSSO,Brasil,5106828,51,33,7,0.1,1.0,Pantanal,2.6
cd50bdc8-84bc-3a0c-a2b1-21e92b10ae40, -16.175750, -58.468850,2026-05-29 04:23:00,NOAA-21,CÁCERES,MATO GROSSO,Brasil,5102504,51,33,11,0.0,0.38,Pantanal,7.5
7e2f16cf-72b5-3dbe-8b5a-2b32f3b6e316, -20.729410, -54.831950,2026-05-29 04:23:00,NOAA-21,TERENOS,MATO GROSSO DO SUL,Brasil,5008008,50,33,5,0.0,0.75,Cerrado,1.7
744e6d52-4242-35f2-98ee-68a756c10333, -19.977380, -44.854520,2026-05-29 04:23:00,NOAA-21,SÃO GONÇALO DO PARÁ,MINAS GERAIS,Brasil,3161809,31,33,6,2.56,1.0,Cerrado,1.5
c3cb050b-7a2f-3f56-a220-22613d8cb581, -21.645000, -45.579280,2026-05-29 04:23:00,NOAA-21,ELÓI MENDES,MINAS GERAIS,Brasil,3123601,31,33,9,0.0,1.0,Mata Atlântica,1.0
cbac4955-89eb-32da-8ad0-9be4c46fd366, -16.174720, -58.473580,2026-05-29 04:23:00,NOAA-21,CÁCERES,MATO GROSSO,Brasil,5102504,51,33,11,0.0,0.31,Pantanal,7.5
b3c85359-10ae-36ce-a132-3116faa63f59, -20.898210, -46.791490,2026-05-29 04:23:00,NOAA-21,FORTALEZA DE MINAS,MINAS GERAIS,Brasil,3126307,31,33,9,0.0,1.0,Mata Atlântica,0.4
b47e9055-e88c-3bfc-8cee-6db09dfa0740, -21.397360, -48.712270,2026-05-29 04:23:00,NOAA-21,TAQUARITINGA,SÃO PAULO,Brasil,3553708,35,33,7,0.0,1.0,Cerrado,1.4
fc091d48-8ef4-306a-952b-072cca9de257, -20.190910, -49.565730,2026-05-29 04:23:00,NOAA-21,PAULO DE FARIA,SÃO PAULO,Brasil,3536604,35,33,10,0.0,0.98,Mata Atlântica,0.7
95be03ea-4eb1-3557-9d1f-eaabba8d9344, -18.120590, -42.439280,2026-05-29 04:23:00,NOAA-21,SANTA MARIA DO SUAÇUÍ,MINAS GERAIS,Brasil,3158201,31,33,6,0.1,0.34,Mata Atlântica,1.2
24456c96-f5b4-357f-9524-36f37bfe5457, -17.173780, -47.078100,2026-05-29 04:23:00,NOAA-21,PARACATU,MINAS GERAIS,Brasil,3147006,31,33,9,0.09,0.77,Cerrado,0.5
f9b47b4f-6249-379d-948b-c5ffc87b6a87, -21.400680, -48.712860,2026-05-29 04:23:00,NOAA-21,TAQUARITINGA,SÃO PAULO,Brasil,3553708,35,33,7,0.0,1.0,Cerrado,2.8
e7ed2b50-b5fa-35eb-b906-bdbcc1e50011, -16.168710, -58.472230,2026-05-29 04:23:00,NOAA-21,CÁCERES,MATO GROSSO,Brasil,5102504,51,33,11,0.0,0.31,Pantanal,4.2
3aa8a9c2-398f-35ce-a467-fefa71842b0b, -20.901550, -46.792050,2026-05-29 04:23:00,NOAA-21,FORTALEZA DE MINAS,MINAS GERAIS,Brasil,3126307,31,33,9,0.0,1.0,Mata Atlântica,1.6
31d8bcb0-2942-3584-bd0a-ea19b5f9dd8e, -15.803990, -58.622090,2026-05-29 04:23:00,NOAA-21,PORTO ESPERIDIÃO,MATO GROSSO,Brasil,5106828,51,33,8,0.1,1.0,Pantanal,1.6
873c51ec-d53d-3ba2-8c1f-fb31c4203a72, -18.350070, -41.095380,2026-05-29 04:23:00,NOAA-21,ECOPORANGA,ESPÍRITO SANTO,Brasil,3202108,32,33,6,0.0,1.0,Mata Atlântica,0.5
7db86e27-3f96-35a1-bb08-d1f1aaee2156, -16.173810, -58.470720,2026-05-29 04:23:00,NOAA-21,CÁCERES,MATO GROSSO,Brasil,5102504,51,33,11,0.0,0.31,Pantanal,7.3
6bd576d5-030a-3908-a359-77e16120d5ae, -16.178790, -58.476940,2026-05-29 04:23:00,NOAA-21,CÁCERES,MATO GROSSO,Brasil,5102504,51,33,11,0.0,0.5,Pantanal,1.7
fabc786f-58d0-3ec8-8a4e-a18c98b5ad11, -16.166790, -58.474160,2026-05-29 04:23:00,NOAA-21,CÁCERES,MATO GROSSO,Brasil,5102504,51,33,10,0.0,0.31,Pantanal,7.3
ee0cb3a0-cad6-32d4-a1e9-083b2ed8e10a, -14.652400, -54.524490,2026-05-29 04:23:00,NOAA-21,PLANALTO DA SERRA,MATO GROSSO,Brasil,5106455,51,33,4,1.17,0.76,Cerrado,3.5
7a7578e7-ee62-3c5d-8357-38f59bccfe93, -15.824460, -58.614460,2026-05-29 04:23:00,NOAA-21,PORTO ESPERIDIÃO,MATO GROSSO,Brasil,5106828,51,33,7,0.1,1.0,Pantanal,2.6
c9b128e7-2863-3347-8608-ffc8bbf4995e, -17.231320, -46.907460,2026-05-29 04:23:00,NOAA-21,PARACATU,MINAS GERAIS,Brasil,3147006,31,33,14,0.1,0.99,Cerrado,0.5
9e219673-b90f-3674-a2e5-f428a1b72583, -20.088460, -47.448920,2026-05-29 04:23:00,NOAA-21,RIFAINA,SÃO PAULO,Brasil,3543600,35,33,9,0.0,1.0,Cerrado,1.1
50d8fdd2-1cc0-33e4-892e-bb472efa022f, -18.852620, -44.557450,2026-05-29 04:23:00,NOAA-21,CURVELO,MINAS GERAIS,Brasil,3120904,31,33,12,0.0,0.7,Cerrado,0.1
e0a8c1bf-b80a-3256-9ab3-daf5758b149e, -21.813660, -53.086710,2026-05-29 04:25:00,NOAA-21,NOVA ANDRADINA,MATO GROSSO DO SUL,Brasil,5006200,50,33,3,0.0,0.88,Cerrado,2.0
3f5cd7e1-b59c-373e-b5f9-f7ed3db8642d, -21.805850, -49.134780,2026-05-29 04:25:00,NOAA-21,IACANGA,SÃO PAULO,Brasil,3519105,35,33,5,0.0,0.36,Mata Atlântica,1.1
96af6252-a7b2-3d15-a761-ae800b7bc502, -22.791570, -49.337900,2026-05-29 04:25:00,NOAA-21,ÁGUAS DE SANTA BÁRBARA,SÃO PAULO,Brasil,3500550,35,33,4,0.0,0.43,Cerrado,0.9
e7b2ea6a-a3f8-34ca-a101-02fa55b20e80, -21.814620, -53.081520,2026-05-29 04:25:00,NOAA-21,NOVA ANDRADINA,MATO GROSSO DO SUL,Brasil,5006200,50,33,3,0.0,0.88,Cerrado,2.0
2126a713-0108-317e-893c-11bf72a372c3, -23.424130, -47.545250,2026-05-29 04:25:00,NOAA-21,IPERÓ,SÃO PAULO,Brasil,3521002,35,33,3,0.0,0.71,Mata Atlântica,0.4
2548cfb2-60f6-3da0-bae4-1315969e90e1, -20.733800, -54.832930,2026-05-29 04:25:00,NOAA-21,TERENOS,MATO GROSSO DO SUL,Brasil,5008008,50,33,5,0.0,0.83,Cerrado,1.6
301aab6b-9c15-3daf-ba04-3050801cc77c, -23.508860, -45.915370,2026-05-29 04:25:00,NOAA-21,SALESÓPOLIS,SÃO PAULO,Brasil,3545001,35,33,5,0.0,0.15,Mata Atlântica,0.1
ca9d940f-9e4f-33d3-b042-6a7599281cf4, -22.794890, -49.338540,2026-05-29 04:25:00,NOAA-21,ÁGUAS DE SANTA BÁRBARA,SÃO PAULO,Brasil,3500550,35,33,4,0.0,0.42,Cerrado,0.9
83d12cfa-ae13-33b5-9e0c-04f0a9cedf14, -22.781130, -43.043240,2026-05-29 04:25:00,NOAA-21,SÃO GONÇALO,RIO DE JANEIRO,Brasil,3304904,33,33,-999,0.36,-999.0,Mata Atlântica,1.3
c9663b9c-a09a-36bb-a23d-b0a948f2b0ab, -21.991350, -47.629960,2026-05-29 04:25:00,NOAA-21,DESCALVADO,SÃO PAULO,Brasil,3513702,35,33,4,0.0,0.94,Cerrado,0.8
0ff9e48e-0de9-3f84-98a0-9405db1da235, -23.512960, -45.911600,2026-05-29 04:25:00,NOAA-21,SALESÓPOLIS,SÃO PAULO,Brasil,3545001,35,33,5,0.0,0.14,Mata Atlântica,0.1
17cdf38c-4684-3979-81ec-cb1e67c56e86, -23.559800, -48.570980,2026-05-29 04:25:00,NOAA-21,ANGATUBA,SÃO PAULO,Brasil,3502200,35,33,5,0.0,0.53,Cerrado,0.7
3a1b5caf-a16b-3297-a12e-58e910349cbe, -22.165040, -47.131040,2026-05-29 04:25:00,NOAA-21,MOGI GUAÇU,SÃO PAULO,Brasil,3530706,35,33,4,0.0,0.33,Cerrado,0.8
36b42ce4-9249-308b-9e7d-1e824cc5381f, -23.208800, -49.411170,2026-05-29 04:25:00,NOAA-21,PIRAJU,SÃO PAULO,Brasil,3538808,35,33,4,0.0,0.59,Mata Atlântica,1.2
2031b329-41c8-3eb6-b5b0-b1f98c458b9d, -11.591000, -47.449600,2026-05-29 04:30:00,GOES-19,NATIVIDADE,TOCANTINS,Brasil,1714203,17,33,6,0.0,0.65,Cerrado,90.0
4959cc17-8f00-34fa-8d34-097c6aada286, -11.591000, -47.449600,2026-05-29 04:40:00,GOES-19,NATIVIDADE,TOCANTINS,Brasil,1714203,17,33,6,0.0,0.65,Cerrado,86.9
3751306f-ade1-3dbe-b505-266ece6f5d94, -11.591000, -47.449600,2026-05-29 04:50:00,GOES-19,NATIVIDADE,TOCANTINS,Brasil,1714203,17,33,6,0.0,0.65,Cerrado,85.2
439e0378-b30d-32f7-82c6-3dbe8072d6d9,  -6.246070, -48.579610,2026-05-29 04:53:00,NPP-375D,SÃO GERALDO DO ARAGUAIA,PARÁ,Brasil,1507458,15,33,12,0.0,1.0,Amazônia,3.7
80a5d5f8-e554-36d0-95e4-17783e224dda,  -6.765580, -45.024900,2026-05-29 04:53:00,NPP-375D,LORETO,MARANHÃO,Brasil,2106102,21,33,17,0.0,1.0,Cerrado,1.3
2bc2b1b3-20b4-3f86-a9c7-a9b3a69d1a94,  -6.243100, -48.575360,2026-05-29 04:53:00,NPP-375D,SÃO GERALDO DO ARAGUAIA,PARÁ,Brasil,1507458,15,33,13,0.0,1.0,Amazônia,2.3
afe4a28b-8909-3d9a-96e0-8000eb823725,  -5.322200, -44.688900,2026-05-29 04:53:00,NPP-375D,TUNTUM,MARANHÃO,Brasil,2112308,21,33,10,0.0,0.65,Cerrado,3.9
31d7f42a-4006-333a-97c9-cc5957ad0171,  -7.010300, -45.002730,2026-05-29 04:53:00,NPP-375D,LORETO,MARANHÃO,Brasil,2106102,21,33,24,0.0,0.91,Cerrado,2.9
40ceea62-2310-3132-a821-03ecb116a22f,  -6.762050, -45.026390,2026-05-29 04:53:00,NPP-375D,LORETO,MARANHÃO,Brasil,2106102,21,33,17,0.0,1.0,Cerrado,0.9
f9703c17-d7a4-3b82-aee8-e54562bc0b3e,  -6.761790, -45.019840,2026-05-29 04:53:00,NPP-375D,LORETO,MARANHÃO,Brasil,2106102,21,33,17,0.0,1.0,Cerrado,2.2
b2b43803-f521-369a-85b3-ef96ad818f27,  -7.336800, -49.862820,2026-05-29 04:53:00,NPP-375D,RIO MARIA,PARÁ,Brasil,1506161,15,33,13,0.0,0.86,Amazônia,1.4
071146c8-3986-3e96-8971-02fb4d0e373d,  -7.349800, -46.213520,2026-05-29 04:53:00,NPP-375D,RIACHÃO,MARANHÃO,Brasil,2109502,21,33,11,0.0,0.98,Cerrado,0.6
9ea40819-3e44-384c-9c83-ca65ba0236d4,  -7.009690, -45.007060,2026-05-29 04:53:00,NPP-375D,LORETO,MARANHÃO,Brasil,2106102,21,33,24,0.0,0.91,Cerrado,2.9
ec70fb65-c268-3dee-8cd8-bb5f6897eeb8,  -6.997590, -44.996560,2026-05-29 04:53:00,NPP-375D,LORETO,MARANHÃO,Brasil,2106102,21,33,23,0.0,0.91,Cerrado,2.5
54690d97-cd25-37ba-9e4b-066d6bc305f0,  -7.193940, -44.343350,2026-05-29 04:53:00,NPP-375D,URUÇUÍ,PIAUÍ,Brasil,2211209,22,33,22,0.0,0.84,Cerrado,1.5
a4c2f1d1-1383-3f4a-9595-ff15d6932f98,  -5.924360, -43.479810,2026-05-29 04:53:00,NPP-375D,LAGOA DO MATO,MARANHÃO,Brasil,2105922,21,33,14,0.0,0.9,Cerrado,1.5
2eb60797-25fe-3fd2-8e3f-f2fd861ccdb2,  -7.340510, -49.859600,2026-05-29 04:53:00,NPP-375D,RIO MARIA,PARÁ,Brasil,1506161,15,33,13,0.0,0.57,Amazônia,1.5
e626d77d-03c5-31f3-8c4f-a9024d8fba9a,  -6.246650, -48.575820,2026-05-29 04:53:00,NPP-375D,SÃO GERALDO DO ARAGUAIA,PARÁ,Brasil,1507458,15,33,12,0.0,1.0,Amazônia,2.3
f8714bef-c4ff-3286-8913-00f190637540,  -7.634970, -45.229900,2026-05-29 04:53:00,NPP-375D,RIBEIRO GONÇALVES,PIAUÍ,Brasil,2208908,22,33,35,0.0,0.96,Cerrado,1.0
29c711b4-8a0e-3a17-ba66-84f55f778ecc,  -7.005230, -45.006550,2026-05-29 04:53:00,NPP-375D,LORETO,MARANHÃO,Brasil,2106102,21,33,24,0.0,0.91,Cerrado,2.9
e26e7d6f-d6d7-3f5f-a1fe-e48bf3eccd4c,  -6.758300, -45.021320,2026-05-29 04:53:00,NPP-375D,LORETO,MARANHÃO,Brasil,2106102,21,33,17,0.0,1.0,Cerrado,1.7
348e568c-5182-32b7-81e5-40ea73e667bb,  -6.994550, -44.998380,2026-05-29 04:53:00,NPP-375D,LORETO,MARANHÃO,Brasil,2106102,21,33,23,0.0,0.91,Cerrado,1.7
9ba3de16-dfad-39a8-ba3a-e6fa71a58d22,  -7.562820, -42.645150,2026-05-29 04:53:00,NPP-375D,SÃO JOSÉ DO PEIXE,PIAUÍ,Brasil,2210102,22,33,27,0.0,1.0,Caatinga,0.9
f2acd434-d848-3e8c-ba87-0aed44360b97,  -7.352700, -46.213360,2026-05-29 04:53:00,NPP-375D,RIACHÃO,MARANHÃO,Brasil,2109502,21,33,11,0.0,0.98,Cerrado,2.0
a20dfbb7-bf5e-32d9-8139-9553e6010a77,  -7.339950, -49.863270,2026-05-29 04:53:00,NPP-375D,RIO MARIA,PARÁ,Brasil,1506161,15,33,13,0.0,0.61,Amazônia,1.5
9e9a792e-980a-35b1-9551-0b5e3e97e21f,  -5.837480, -43.499060,2026-05-29 04:53:00,NPP-375D,PARNARAMA,MARANHÃO,Brasil,2107803,21,33,14,0.0,0.88,Cerrado,1.0
198d143a-9d81-3efd-9e13-14fdb329a9c1,  -7.337110, -49.859070,2026-05-29 04:53:00,NPP-375D,RIO MARIA,PARÁ,Brasil,1506161,15,33,13,0.0,0.85,Amazônia,1.5
a75f653e-eb96-3070-aa0a-f63274bc6589,  -5.321550, -44.693210,2026-05-29 04:53:00,NPP-375D,TUNTUM,MARANHÃO,Brasil,2112308,21,33,10,0.0,0.77,Cerrado,3.9
0da2f71c-5abc-347c-ac52-e6e5474e9a03,  -6.762700, -45.022050,2026-05-29 04:53:00,NPP-375D,LORETO,MARANHÃO,Brasil,2106102,21,33,17,0.0,1.0,Cerrado,1.9
07a35696-6b4a-3136-833a-6d020aebde42,  -7.337380, -49.859150,2026-05-29 04:53:00,NPP-375D,RIO MARIA,PARÁ,Brasil,1506161,15,33,13,0.0,0.82,Amazônia,1.4
b7dca11b-8a19-3864-93f4-7916f507b506,  -5.320960, -44.690480,2026-05-29 04:53:00,NPP-375D,TUNTUM,MARANHÃO,Brasil,2112308,21,33,10,0.0,0.71,Cerrado,1.9
c86aaf33-e60c-32ae-903e-835d99c2ac68,  -5.325370, -44.691210,2026-05-29 04:53:00,NPP-375D,TUNTUM,MARANHÃO,Brasil,2112308,21,33,10,0.0,0.54,Cerrado,13.8
0ac3e753-7dd7-333c-a367-a3b8cccd005b,  -7.005850, -45.002210,2026-05-29 04:53:00,NPP-375D,LORETO,MARANHÃO,Brasil,2106102,21,33,24,0.0,0.91,Cerrado,2.9
8794edfa-b0c8-362e-abf7-8eb54a24f0b5,  -6.538360, -44.684640,2026-05-29 04:53:00,NPP-375D,MIRADOR,MARANHÃO,Brasil,2106706,21,33,12,0.0,0.71,Cerrado,2.1
6306b8bf-10fc-3065-982a-cd95a1a2e102,  -5.936440, -43.465250,2026-05-29 04:53:00,NPP-375D,LAGOA DO MATO,MARANHÃO,Brasil,2105922,21,33,14,0.0,0.9,Cerrado,2.0
cabe7ca8-5d62-380a-a635-2dd34802b41f,  -7.333400, -49.862270,2026-05-29 04:53:00,NPP-375D,RIO MARIA,PARÁ,Brasil,1506161,15,33,13,0.0,1.0,Amazônia,1.4
1a5bc5ad-d826-3f47-b019-67429ff5b519,  -7.635570, -45.225640,2026-05-29 04:53:00,NPP-375D,RIBEIRO GONÇALVES,PIAUÍ,Brasil,2208908,22,33,35,0.0,0.98,Cerrado,1.0
a6cfb50f-a6e4-35d8-af19-9d1e7458c7e1,  -7.568080, -42.645920,2026-05-29 04:53:00,NPP-375D,SÃO JOSÉ DO PEIXE,PIAUÍ,Brasil,2210102,22,33,28,0.0,1.0,Caatinga,0.6
6a5812fb-7954-3a83-815a-4535c1df5572,  -6.761170, -45.024190,2026-05-29 04:53:00,NPP-375D,LORETO,MARANHÃO,Brasil,2106102,21,33,17,0.0,1.0,Cerrado,1.3
ab3568ee-46d6-3705-a4f8-45220bbf752b,  -7.000790, -45.005930,2026-05-29 04:53:00,NPP-375D,LORETO,MARANHÃO,Brasil,2106102,21,33,24,0.0,0.91,Cerrado,4.6
b2b4199e-d883-3961-830e-1212ed2a06d6,  -5.950820, -43.485990,2026-05-29 04:53:00,NPP-375D,LAGOA DO MATO,MARANHÃO,Brasil,2105922,21,33,14,0.0,0.9,Cerrado,15.5
ff389465-19e5-37b3-ab0d-826485f7b767,  -7.336540, -49.862740,2026-05-29 04:53:00,NPP-375D,RIO MARIA,PARÁ,Brasil,1506161,15,33,13,0.0,0.88,Amazônia,1.5
1e385c93-497f-3f05-9195-6b5a7b7688f7,  -5.029700, -56.193760,2026-05-29 04:53:00,NPP-375D,TRAIRÃO,PARÁ,Brasil,1508050,15,33,4,0.0,0.06,Amazônia,1.3
838cd3a5-cf78-3427-8f7c-88e6131778a2,  -5.938530, -43.467950,2026-05-29 04:53:00,NPP-375D,LAGOA DO MATO,MARANHÃO,Brasil,2105922,21,33,14,0.0,0.9,Cerrado,2.8
65ff8389-7c65-30e1-84df-9bec071b2b06,  -5.325990, -44.686890,2026-05-29 04:53:00,NPP-375D,TUNTUM,MARANHÃO,Brasil,2112308,21,33,10,0.0,0.62,Cerrado,13.8
03761189-ac99-330c-b1f9-e2a44e9f3965, -11.781530, -52.513750,2026-05-29 04:55:00,NPP-375D,QUERÊNCIA,MATO GROSSO,Brasil,5107065,51,33,24,0.0,0.35,Amazônia,0.8
8a8fbc83-12b2-3ed0-afbc-ca7ec6ce9355,  -9.606110, -58.344260,2026-05-29 04:55:00,NPP-375D,COTRIGUAÇU,MATO GROSSO,Brasil,5103379,51,33,11,0.0,1.0,Amazônia,0.8
94b74943-b64d-30cd-816f-ec04c304dd8a, -11.274700, -53.972630,2026-05-29 04:55:00,NPP-375D,UNIÃO DO SUL,MATO GROSSO,Brasil,5108303,51,33,27,0.0,0.28,Amazônia,2.3
fd7cb28f-a891-3ec4-968b-59df8d3179c2,  -9.161900, -46.858150,2026-05-29 04:55:00,NPP-375D,LIZARDA,TOCANTINS,Brasil,1712405,17,33,34,0.0,1.0,Cerrado,1.7
5305fa52-9148-363c-8596-fbd2cadbd24b, -12.804810, -54.871230,2026-05-29 04:55:00,NPP-375D,NOVA UBIRATÃ,MATO GROSSO,Brasil,5106240,51,33,11,0.9,0.37,Amazônia,0.5
4a7fbfee-83d9-3315-b2c2-fb76978314e2, -11.472640, -57.107580,2026-05-29 04:55:00,NPP-375D,PORTO DOS GAÚCHOS,MATO GROSSO,Brasil,5106802,51,33,11,0.1,0.31,Amazônia,2.8
5eae6a20-2080-39da-aba0-a93c71d73c33, -11.591800, -47.445650,2026-05-29 04:55:00,NPP-375D,NATIVIDADE,TOCANTINS,Brasil,1714203,17,33,6,0.0,0.56,Cerrado,18.3
2f166ca1-919b-344d-9b62-612f53a3998e,  -9.601710, -58.343430,2026-05-29 04:55:00,NPP-375D,COTRIGUAÇU,MATO GROSSO,Brasil,5103379,51,33,11,0.0,1.0,Amazônia,0.8
7c1f9be6-0cf3-3033-907a-255c9d16a5ff, -11.447400, -55.110110,2026-05-29 04:55:00,NPP-375D,CLÁUDIA,MATO GROSSO,Brasil,5103056,51,33,13,0.0,0.38,Amazônia,2.4
1d477a96-97af-3920-b270-8ace1e59d536, -11.472980, -52.919670,2026-05-29 04:55:00,NPP-375D,SÃO FÉLIX DO ARAGUAIA,MATO GROSSO,Brasil,5107859,51,33,14,0.0,0.3,Amazônia,1.8
92519972-3057-374b-98ee-889eb29575e8, -11.596820, -47.439060,2026-05-29 04:55:00,NPP-375D,NATIVIDADE,TOCANTINS,Brasil,1714203,17,33,6,0.0,0.33,Cerrado,7.5
5fa6287d-3845-3fca-95cf-423b7a7ad747, -10.127800, -52.403880,2026-05-29 04:55:00,NPP-375D,SANTA CRUZ DO XINGU,MATO GROSSO,Brasil,5107743,51,33,13,0.0,0.82,Amazônia,0.4
d84f5e61-349a-37e9-8e48-4d7fa65e1459, -11.299680, -54.034030,2026-05-29 04:55:00,NPP-375D,UNIÃO DO SUL,MATO GROSSO,Brasil,5108303,51,33,23,0.0,0.42,Amazônia,0.7
688d5539-8958-3de1-a326-c00acb50d6e8, -12.000740, -45.148130,2026-05-29 04:55:00,NPP-375D,BARREIRAS,BAHIA,Brasil,2903201,29,33,4,0.0,0.73,Cerrado,2.2
d1a26924-a9e6-3fe0-bfad-b598f2222bd2, -10.720130, -49.035190,2026-05-29 04:55:00,NPP-375D,CRISTALÂNDIA,TOCANTINS,Brasil,1706100,17,33,26,0.0,0.66,Cerrado,1.9
707fc11d-3fa6-39b4-a427-b01e442e3f16,  -8.876740, -48.502480,2026-05-29 04:55:00,NPP-375D,GUARAÍ,TOCANTINS,Brasil,1709302,17,33,15,0.0,1.0,Cerrado,2.4
c4b543b8-8017-3f8e-8ca5-68ba367f12fb, -11.965990, -47.370200,2026-05-29 04:55:00,NPP-375D,CONCEIÇÃO DO TOCANTINS,TOCANTINS,Brasil,1705607,17,33,6,0.0,0.76,Cerrado,0.8
fc0ab653-08d5-3db9-ac58-4b22e2be9963,  -8.682770, -48.305340,2026-05-29 04:55:00,NPP-375D,GUARAÍ,TOCANTINS,Brasil,1709302,17,33,18,0.0,0.49,Cerrado,3.4
a5018569-8742-3520-a009-baa23b96b309, -11.561720, -54.527080,2026-05-29 04:55:00,NPP-375D,UNIÃO DO SUL,MATO GROSSO,Brasil,5108303,51,33,13,0.0,0.8,Amazônia,1.1
b25f15e1-09ee-31d9-8de6-304f5cfc4ab6, -11.462400, -52.921560,2026-05-29 04:55:00,NPP-375D,SÃO FÉLIX DO ARAGUAIA,MATO GROSSO,Brasil,5107859,51,33,14,0.0,0.29,Amazônia,1.7
06d6056c-ff45-3945-b6d1-7efa39f209b6, -10.138350, -52.401990,2026-05-29 04:55:00,NPP-375D,SANTA CRUZ DO XINGU,MATO GROSSO,Brasil,5107743,51,33,12,0.0,0.8,Amazônia,2.3
5bcd44bf-7d22-3aaa-868a-2fd54cc95b85, -12.211710, -47.501050,2026-05-29 04:55:00,NPP-375D,CONCEIÇÃO DO TOCANTINS,TOCANTINS,Brasil,1705607,17,33,6,0.0,1.0,Cerrado,1.2
cc74373b-7d62-387f-9871-33f7ab690444,  -8.527880, -51.572850,2026-05-29 04:55:00,NPP-375D,CUMARU DO NORTE,PARÁ,Brasil,1502764,15,33,16,0.0,1.0,Amazônia,0.8
b5d4e8e2-eded-3ada-a87e-fa61e12a658a, -11.797290, -52.516160,2026-05-29 04:55:00,NPP-375D,QUERÊNCIA,MATO GROSSO,Brasil,5107065,51,33,24,0.0,0.35,Amazônia,0.8
d3621c2c-94e7-3ccb-8300-29be129ed111, -12.085750, -51.219380,2026-05-29 04:55:00,NPP-375D,SERRA NOVA DOURADA,MATO GROSSO,Brasil,5107883,51,33,8,0.0,0.88,Cerrado,1.1
be5c1292-0015-3117-a3a3-d833686a1595, -11.561740, -54.577470,2026-05-29 04:55:00,NPP-375D,UNIÃO DO SUL,MATO GROSSO,Brasil,5108303,51,33,13,0.0,0.33,Amazônia,2.1
3afb2414-51fd-3e6d-b092-ce112634f099,  -8.916540, -51.852810,2026-05-29 04:55:00,NPP-375D,SÃO FÉLIX DO XINGU,PARÁ,Brasil,1507300,15,33,15,0.0,0.83,Amazônia,1.6
e14e0054-38f5-3204-860a-eb547f43cb1b, -11.965480, -47.373800,2026-05-29 04:55:00,NPP-375D,CONCEIÇÃO DO TOCANTINS,TOCANTINS,Brasil,1705607,17,33,6,0.0,0.76,Cerrado,0.8
e542b8dd-0475-3348-a278-ecca275fc2d8, -11.591300, -47.449220,2026-05-29 04:55:00,NPP-375D,NATIVIDADE,TOCANTINS,Brasil,1714203,17,33,6,0.0,0.64,Cerrado,5.7
6a3980e8-a974-353b-a28a-a17297d63943, -12.360990, -54.167160,2026-05-29 04:55:00,NPP-375D,NOVA UBIRATÃ,MATO GROSSO,Brasil,5106240,51,33,14,0.0,0.36,Amazônia,1.0
4bfb3496-2f3a-33a2-839f-c81ff703495b, -10.911050, -54.123300,2026-05-29 04:55:00,NPP-375D,MARCELÂNDIA,MATO GROSSO,Brasil,5105580,51,33,14,0.0,0.26,Amazônia,0.9
171a1d69-c379-3a01-9d60-7a2b800720ee, -12.687210, -54.583340,2026-05-29 04:55:00,NPP-375D,NOVA UBIRATÃ,MATO GROSSO,Brasil,5106240,51,33,13,0.3,0.55,Amazônia,1.8
dc69d3a0-cbc8-369f-a786-62ef25653133,  -9.225320, -47.513320,2026-05-29 04:55:00,NPP-375D,CENTENÁRIO,TOCANTINS,Brasil,1704105,17,33,31,0.0,0.93,Cerrado,0.9
bbc993ff-b66b-3171-ba42-4c6491d5ecce, -11.999740, -45.146470,2026-05-29 04:55:00,NPP-375D,BARREIRAS,BAHIA,Brasil,2903201,29,33,4,0.0,0.73,Cerrado,3.1
83c4baee-3921-354d-a336-c7d56cb51e86, -14.125060, -45.369160,2026-05-29 04:55:00,NPP-375D,JABORANDI,BAHIA,Brasil,2917359,29,33,6,0.19,1.0,Cerrado,2.3
834b0140-6b8c-3b3e-a0fc-851884b0e57b, -11.942290, -43.405780,2026-05-29 04:55:00,NPP-375D,MUQUÉM DO SÃO FRANCISCO,BAHIA,Brasil,2922250,29,33,5,0.1,1.0,Cerrado,1.1
cec13ebf-2e2a-31cd-8791-3b4fd4d9dd15, -13.642020, -55.754680,2026-05-29 04:55:00,NPP-375D,NOVA MUTUM,MATO GROSSO,Brasil,5106224,51,33,12,0.25,0.54,Cerrado,1.1
1b00f4f1-eeb5-3721-9221-35b77779f32b, -12.801340, -54.870640,2026-05-29 04:55:00,NPP-375D,NOVA UBIRATÃ,MATO GROSSO,Brasil,5106240,51,33,11,0.86,0.31,Amazônia,1.1
d01fc14f-3eba-3478-a536-eefd3abb174e, -11.969540, -47.374430,2026-05-29 04:55:00,NPP-375D,CONCEIÇÃO DO TOCANTINS,TOCANTINS,Brasil,1705607,17,33,6,0.0,0.76,Cerrado,0.8
3d40936b-f263-3e19-a6a0-7f47c09c1edf, -12.369000, -54.160930,2026-05-29 04:55:00,NPP-375D,NOVA UBIRATÃ,MATO GROSSO,Brasil,5106240,51,33,14,0.0,0.36,Amazônia,0.6
9775dbb5-1f4e-3fcd-889a-c12e92b4bd55, -10.825510, -46.896910,2026-05-29 04:55:00,NPP-375D,PONTE ALTA DO TOCANTINS,TOCANTINS,Brasil,1717909,17,33,6,0.0,0.76,Cerrado,1.4
3a14baaa-9860-3275-bac6-b744ed9e2062,  -8.725940, -47.827320,2026-05-29 04:55:00,NPP-375D,ITACAJÁ,TOCANTINS,Brasil,1710508,17,33,27,0.0,0.83,Cerrado,1.3
f75caf44-0adb-30be-a96f-c85af70c3190, -11.627910, -56.864050,2026-05-29 04:55:00,NPP-375D,PORTO DOS GAÚCHOS,MATO GROSSO,Brasil,5106802,51,33,11,0.1,0.31,Amazônia,1.5
60bdb2ac-a019-31db-a150-33219df16ae9, -11.595340, -47.449780,2026-05-29 04:55:00,NPP-375D,NATIVIDADE,TOCANTINS,Brasil,1714203,17,33,6,0.0,0.66,Cerrado,5.7
8790cfaf-aa41-33a5-b586-e16d354603c1, -11.600360, -47.443200,2026-05-29 04:55:00,NPP-375D,NATIVIDADE,TOCANTINS,Brasil,1714203,17,33,6,0.0,0.42,Cerrado,10.2
9aa381b6-64b3-344d-b71f-7f0e0d978cbb,  -9.606870, -58.339900,2026-05-29 04:55:00,NPP-375D,COTRIGUAÇU,MATO GROSSO,Brasil,5103379,51,33,11,0.0,1.0,Amazônia,0.8
b223eac5-afa3-3092-aec9-aa85394e0332, -10.821900, -46.892590,2026-05-29 04:55:00,NPP-375D,PONTE ALTA DO TOCANTINS,TOCANTINS,Brasil,1717909,17,33,6,0.0,0.76,Cerrado,1.7
8ff87d71-6848-31db-bc87-372734ca2526, -12.211920, -47.501670,2026-05-29 04:55:00,NPP-375D,CONCEIÇÃO DO TOCANTINS,TOCANTINS,Brasil,1705607,17,33,6,0.0,0.99,Cerrado,0.8
04ace354-2821-3bde-ba6a-dfe58b035a06, -13.636080, -55.754850,2026-05-29 04:55:00,NPP-375D,NOVA MUTUM,MATO GROSSO,Brasil,5106224,51,33,12,0.25,0.34,Cerrado,0.9
dafaf4b4-8e9f-3eee-9daa-aa7c2862491f, -11.303700, -54.030880,2026-05-29 04:55:00,NPP-375D,UNIÃO DO SUL,MATO GROSSO,Brasil,5108303,51,33,24,0.0,0.35,Amazônia,2.7
0f1b03a0-5ebc-31d8-b559-d017022f7863, -13.184140, -52.705720,2026-05-29 04:55:00,NPP-375D,CANARANA,MATO GROSSO,Brasil,5102702,51,33,28,0.0,0.5,Amazônia,1.9
2862dce3-49e5-378b-bd1e-c734eb62ccae, -10.520330, -48.103030,2026-05-29 04:55:00,NPP-375D,MONTE DO CARMO,TOCANTINS,Brasil,1713601,17,33,9,0.0,0.63,Cerrado,2.0
3a18bfd4-480c-3cd5-af6e-cf42e8fc21f2, -12.248370, -49.105510,2026-05-29 04:55:00,NPP-375D,ALVORADA,TOCANTINS,Brasil,1700707,17,33,6,0.0,1.0,Cerrado,0.6
c5e63405-04d4-37f9-b681-9eab3554ff58, -11.047960, -49.600410,2026-05-29 04:55:00,NPP-375D,SANTA RITA DO TOCANTINS,TOCANTINS,Brasil,1718899,17,33,19,0.0,0.82,Cerrado,1.5
f5313011-cfe9-3f9e-ac12-40fd5183e53b,  -7.620010, -56.737930,2026-05-29 04:55:00,NPP-375D,ITAITUBA,PARÁ,Brasil,1503606,15,33,11,0.0,0.92,Amazônia,1.1
3fb9623c-4224-3a25-8d8a-9814beb2f976, -11.746790, -54.786670,2026-05-29 04:55:00,NPP-375D,CLÁUDIA,MATO GROSSO,Brasil,5103056,51,33,13,0.0,0.31,Amazônia,1.2
c3e22799-6466-3d3e-b03a-3753552d0549, -13.110270, -51.725700,2026-05-29 04:55:00,NPP-375D,RIBEIRÃO CASCALHEIRA,MATO GROSSO,Brasil,5107180,51,33,10,0.0,0.94,Cerrado,1.1
5a09c109-5dd3-3379-b165-ff76af785ae0, -11.596320, -47.442640,2026-05-29 04:55:00,NPP-375D,NATIVIDADE,TOCANTINS,Brasil,1714203,17,33,6,0.0,0.4,Cerrado,18.3
f920a933-175a-3e31-9fb1-d9460658ef48, -10.908240, -54.118970,2026-05-29 04:55:00,NPP-375D,MARCELÂNDIA,MATO GROSSO,Brasil,5105580,51,33,14,0.0,0.26,Amazônia,0.8
7f34ebb1-2e55-3666-a5ad-e8f2ab3ba397, -14.120920, -45.363170,2026-05-29 04:55:00,NPP-375D,JABORANDI,BAHIA,Brasil,2917359,29,33,6,0.16,1.0,Cerrado,1.6
fccb2caf-87f7-3bb6-b17b-d5d8e11616ae,  -8.690140, -48.306430,2026-05-29 04:55:00,NPP-375D,GUARAÍ,TOCANTINS,Brasil,1709302,17,33,18,0.0,0.53,Cerrado,1.9
a2e2f62a-15cf-3150-ad25-ce46a74da5b2,  -8.892690, -51.852570,2026-05-29 04:55:00,NPP-375D,CUMARU DO NORTE,PARÁ,Brasil,1502764,15,33,14,0.0,0.83,Amazônia,1.2
1ffcae04-cac3-3b34-b755-0eaa9272c59f,  -8.224250, -49.673800,2026-05-29 04:55:00,NPP-375D,CONCEIÇÃO DO ARAGUAIA,PARÁ,Brasil,1502707,15,33,14,0.0,0.75,Amazônia,1.7
4ba35e7e-af6d-3327-b29c-86e8c3e9087a, -11.632660, -56.859810,2026-05-29 04:55:00,NPP-375D,PORTO DOS GAÚCHOS,MATO GROSSO,Brasil,5106802,51,33,11,0.1,0.31,Amazônia,1.8
61fa6179-5878-3bb2-9658-cb62fbd2ae18,  -8.877380, -48.498190,2026-05-29 04:55:00,NPP-375D,GUARAÍ,TOCANTINS,Brasil,1709302,17,33,15,0.0,1.0,Cerrado,2.2
38a48519-90b3-3763-800c-5d9ad009528f, -11.476310, -52.920220,2026-05-29 04:55:00,NPP-375D,SÃO FÉLIX DO ARAGUAIA,MATO GROSSO,Brasil,5107859,51,33,14,0.0,0.3,Amazônia,0.9
9c53ae3c-ee26-30ff-aa27-a9625aa04b26, -11.595830, -47.446220,2026-05-29 04:55:00,NPP-375D,NATIVIDADE,TOCANTINS,Brasil,1714203,17,33,6,0.0,0.53,Cerrado,18.3
76c9f9ee-3ce1-3316-b8ce-d29292d99e4e, -13.711990, -50.690250,2026-05-29 04:55:00,NPP-375D,NOVA CRIXÁS,GOIÁS,Brasil,5214838,52,33,6,0.0,0.89,Cerrado,1.3
d050c5df-3ae1-3c55-9f9c-2be11e049f05, -13.643200, -55.756120,2026-05-29 04:55:00,NPP-375D,NOVA MUTUM,MATO GROSSO,Brasil,5106224,51,33,12,0.24,0.66,Cerrado,1.0
2c39c348-3398-34fe-be37-0019372dc91d, -11.778200, -52.513210,2026-05-29 04:55:00,NPP-375D,QUERÊNCIA,MATO GROSSO,Brasil,5107065,51,33,24,0.0,0.35,Amazônia,0.8
f8ed2c03-caf3-3e7f-a5a3-03a7782d1b97, -11.468700, -57.106900,2026-05-29 04:55:00,NPP-375D,PORTO DOS GAÚCHOS,MATO GROSSO,Brasil,5106802,51,33,11,0.1,0.3,Amazônia,1.8
fb95cf9a-627d-3702-88e4-1204b38e83fc, -11.300290, -54.030310,2026-05-29 04:55:00,NPP-375D,UNIÃO DO SUL,MATO GROSSO,Brasil,5108303,51,33,24,0.0,0.3,Amazônia,0.8
027e2c15-3718-31ca-bbd6-5fbbd21f7586,  -8.683410, -48.301000,2026-05-29 04:55:00,NPP-375D,GUARAÍ,TOCANTINS,Brasil,1709302,17,33,19,0.0,0.6,Cerrado,3.4
f5d6a0a4-b740-364a-a462-44a2186a2807,  -8.224830, -49.670050,2026-05-29 04:55:00,NPP-375D,CONCEIÇÃO DO ARAGUAIA,PARÁ,Brasil,1502707,15,33,14,0.0,0.61,Amazônia,1.2
02bbaefc-dc41-3a6f-98a5-315fc54ee169, -11.587770, -47.445070,2026-05-29 04:55:00,NPP-375D,NATIVIDADE,TOCANTINS,Brasil,1714203,17,33,6,0.0,0.61,Cerrado,2.7
f55c80ce-1b09-3344-8e03-d780be2d3457, -13.180810, -52.705170,2026-05-29 04:55:00,NPP-375D,CANARANA,MATO GROSSO,Brasil,5102702,51,33,28,0.0,0.5,Amazônia,1.9
9c75bea4-0cd8-3836-8e0c-617ed97c553e, -11.563920, -54.578850,2026-05-29 04:55:00,NPP-375D,UNIÃO DO SUL,MATO GROSSO,Brasil,5108303,51,33,13,0.0,0.29,Amazônia,0.9
e1d28bcc-007c-306a-99fa-9627df2b622b,  -8.689500, -48.310790,2026-05-29 04:55:00,NPP-375D,GUARAÍ,TOCANTINS,Brasil,1709302,17,33,18,0.0,0.47,Cerrado,1.1
9d158307-2c45-3243-95a6-a003f75ce3eb,  -8.682130, -48.309670,2026-05-29 04:55:00,NPP-375D,GUARAÍ,TOCANTINS,Brasil,1709302,17,33,18,0.0,0.39,Cerrado,2.0
b261b7f8-d1e5-3376-a9e2-20f185914d05,  -2.965760, -39.927200,2026-05-29 04:55:00,NPP-375D,ITAREMA,CEARÁ,Brasil,2306553,23,33,-999,5.19,0.13,Caatinga,1.5
15e38808-bf4c-36f3-ae19-7a8dc1d992af, -13.117560, -51.723160,2026-05-29 04:55:00,NPP-375D,RIBEIRÃO CASCALHEIRA,MATO GROSSO,Brasil,5107180,51,33,10,0.0,0.85,Cerrado,1.7
ecb9d4b3-6ce8-325f-a192-d156464cb5d6, -13.180250, -52.708720,2026-05-29 04:55:00,NPP-375D,CANARANA,MATO GROSSO,Brasil,5102702,51,33,28,0.0,0.5,Amazônia,1.9
c3ac514d-e595-3d4a-b66a-9537b39bee7f, -11.469600, -57.101780,2026-05-29 04:55:00,NPP-375D,PORTO DOS GAÚCHOS,MATO GROSSO,Brasil,5106802,51,33,11,0.1,0.3,Amazônia,1.8
37e538fa-4c0d-3c9b-ab87-68a1dfef0ee3, -10.657650, -49.726980,2026-05-29 04:55:00,NPP-375D,LAGOA DA CONFUSÃO,TOCANTINS,Brasil,1711902,17,33,29,0.0,1.0,Cerrado,1.1
76fcc070-679a-364d-8a04-01e913801364, -11.827000, -48.213110,2026-05-29 04:55:00,NPP-375D,SÃO VALÉRIO,TOCANTINS,Brasil,1720499,17,33,6,0.0,0.68,Cerrado,1.5
26df84d9-677e-34e2-b016-bb13644bbee2, -11.793150, -40.084900,2026-05-29 04:55:00,NPP-375D,MAIRI,BAHIA,Brasil,2920106,29,33,8,0.22,1.0,Caatinga,1.1
763de9cd-b364-38a5-a60e-042732c6d1ce, -10.131690, -52.400910,2026-05-29 04:55:00,NPP-375D,SANTA CRUZ DO XINGU,MATO GROSSO,Brasil,5107743,51,33,12,0.0,0.98,Amazônia,2.6
af9cd0f6-3403-384e-b8c6-7580ae66e00d,  -8.686450, -48.305900,2026-05-29 04:55:00,NPP-375D,GUARAÍ,TOCANTINS,Brasil,1709302,17,33,18,0.0,0.46,Cerrado,1.9
23051a10-c441-3cc1-abce-516dd667f2af,  -8.718440, -54.993430,2026-05-29 04:55:00,NPP-375D,ALTAMIRA,PARÁ,Brasil,1500602,15,33,11,0.0,0.56,Amazônia,1.8
e94c412e-cf63-3e87-bd01-6953f3ec4e63,  -9.216880, -47.919380,2026-05-29 04:55:00,NPP-375D,PEDRO AFONSO,TOCANTINS,Brasil,1716505,17,33,15,0.0,0.93,Cerrado,1.0
a394bf81-788e-35b8-9a88-d61865eab20e,  -9.761290, -50.010860,2026-05-29 04:55:00,NPP-375D,MARIANÓPOLIS DO TOCANTINS,TOCANTINS,Brasil,1712504,17,33,29,0.0,0.68,Cerrado,0.7
415358c4-d48b-3138-8bdb-e6910dce32ad, -10.658250, -49.723040,2026-05-29 04:55:00,NPP-375D,LAGOA DA CONFUSÃO,TOCANTINS,Brasil,1711902,17,33,29,0.0,1.0,Cerrado,1.1
49734160-511a-3cb4-b95b-7f1f147b72c8, -11.049900, -49.603420,2026-05-29 04:55:00,NPP-375D,SANTA RITA DO TOCANTINS,TOCANTINS,Brasil,1718899,17,33,19,0.0,0.82,Cerrado,0.8
fffa3fe1-ccae-3e78-bb47-760c07bdfd81,  -2.966380, -39.923000,2026-05-29 04:55:00,NPP-375D,ITAREMA,CEARÁ,Brasil,2306553,23,33,-999,5.2,0.08,Caatinga,1.5
d6058f55-9ad7-33f3-8a21-e0c4f9b6aafa, -10.661770, -49.723580,2026-05-29 04:55:00,NPP-375D,LAGOA DA CONFUSÃO,TOCANTINS,Brasil,1711902,17,33,29,0.0,1.0,Cerrado,1.3
0d6d557d-e879-353c-8841-a32b41d2bd72, -11.046350, -49.602880,2026-05-29 04:55:00,NPP-375D,SANTA RITA DO TOCANTINS,TOCANTINS,Brasil,1718899,17,33,19,0.0,0.82,Cerrado,0.8
a8b8654a-cef9-3087-966d-f9b6db5260ce, -11.587270, -47.448640,2026-05-29 04:55:00,NPP-375D,NATIVIDADE,TOCANTINS,Brasil,1714203,17,33,6,0.0,0.64,Cerrado,0.8
cf63f72a-0c03-3f69-a985-d77c3d68dff8, -12.002390, -45.356620,2026-05-29 04:55:00,NPP-375D,BARREIRAS,BAHIA,Brasil,2903201,29,33,2,0.0,0.83,Cerrado,0.9
19aef9b7-0b64-397e-9f45-6771fedac091,  -8.721490, -47.831340,2026-05-29 04:55:00,NPP-375D,ITACAJÁ,TOCANTINS,Brasil,1710508,17,33,27,0.0,0.78,Cerrado,1.1
83039eb3-4ab0-3274-ba67-9bf2692b4ed6, -11.746140, -54.787820,2026-05-29 04:55:00,NPP-375D,CLÁUDIA,MATO GROSSO,Brasil,5103056,51,33,13,0.0,0.31,Amazônia,1.2
dd26b622-87e6-34aa-8296-812ca92cd6ad, -11.165610, -46.799220,2026-05-29 04:55:00,NPP-375D,ALMAS,TOCANTINS,Brasil,1700400,17,33,0,0.0,1.0,Cerrado,0.7
16042809-6099-3278-9a6c-4b8bfa337181, -10.978700, -48.153410,2026-05-29 04:55:00,NPP-375D,MONTE DO CARMO,TOCANTINS,Brasil,1713601,17,33,7,0.0,0.44,Cerrado,1.6
ace8a920-981e-3110-8688-ebf986cee9e8, -12.011710, -45.357920,2026-05-29 04:55:00,NPP-375D,BARREIRAS,BAHIA,Brasil,2903201,29,33,2,0.0,0.82,Cerrado,0.9
bd2b20ad-711b-303b-8042-bdef23cddba6, -11.970050, -47.370820,2026-05-29 04:55:00,NPP-375D,CONCEIÇÃO DO TOCANTINS,TOCANTINS,Brasil,1705607,17,33,6,0.0,0.76,Cerrado,0.8
9c3e57d9-856d-319c-8212-389af120a384,  -8.527330, -51.576340,2026-05-29 04:55:00,NPP-375D,CUMARU DO NORTE,PARÁ,Brasil,1502764,15,33,16,0.0,1.0,Amazônia,0.8
70c58ff0-ca7a-3ead-99f5-d0f9d089f428, -10.490760, -55.605690,2026-05-29 04:55:00,NPP-375D,COLÍDER,MATO GROSSO,Brasil,5103205,51,33,11,0.0,0.62,Amazônia,1.6
3ad91000-2f47-3500-a01f-213ab88f7538, -12.994800, -57.778980,2026-05-29 04:55:00,NPP-375D,BRASNORTE,MATO GROSSO,Brasil,5101902,51,33,12,0.69,0.24,Cerrado,1.5
ee7b6c63-e71b-3e32-ac1b-bac1d0fdb8cc, -11.691760, -45.386650,2026-05-29 04:55:00,NPP-375D,RIACHÃO DAS NEVES,BAHIA,Brasil,2926202,29,33,6,0.0,1.0,Cerrado,1.0
86fcaaae-92e1-3e17-adcd-06db8d903249, -10.517260, -48.105380,2026-05-29 04:55:00,NPP-375D,MONTE DO CARMO,TOCANTINS,Brasil,1713601,17,33,9,0.0,0.75,Cerrado,1.8
9457ab8c-f672-39dc-a798-ea6f7a9be5b5, -11.896060, -47.606220,2026-05-29 04:55:00,NPP-375D,NATIVIDADE,TOCANTINS,Brasil,1714203,17,33,5,0.0,0.9,Cerrado,1.2
c6b00af4-ec4c-37f2-b2f4-1a3660496f81,  -8.711620, -47.799550,2026-05-29 04:55:00,NPP-375D,ITACAJÁ,TOCANTINS,Brasil,1710508,17,33,22,0.0,0.76,Cerrado,3.3
b12bf299-3a60-38ee-892c-e784cd62a02a,  -9.213090, -47.918790,2026-05-29 04:55:00,NPP-375D,PEDRO AFONSO,TOCANTINS,Brasil,1716505,17,33,15,0.0,0.93,Cerrado,1.0
bfea4edb-ee1c-3c44-8528-1dac08a315af, -11.943120, -43.399110,2026-05-29 04:55:00,NPP-375D,MUQUÉM DO SÃO FRANCISCO,BAHIA,Brasil,2922250,29,33,5,0.1,1.0,Cerrado,0.6
1cd143bd-292f-3564-a93e-5e86451257d7, -13.638460, -55.754050,2026-05-29 04:55:00,NPP-375D,NOVA MUTUM,MATO GROSSO,Brasil,5106224,51,33,12,0.26,0.4,Cerrado,1.1
2fb38b32-29b8-381c-baa7-bba40b90431e,  -9.954340, -52.455460,2026-05-29 04:55:00,NPP-375D,SANTA CRUZ DO XINGU,MATO GROSSO,Brasil,5107743,51,33,23,0.0,0.98,Amazônia,0.9
0096ee6d-1125-3166-a17d-e78245b04f9a,  -8.888810, -51.877040,2026-05-29 04:55:00,NPP-375D,CUMARU DO NORTE,PARÁ,Brasil,1502764,15,33,14,0.0,0.83,Amazônia,0.8
160fa994-a3c6-35b7-a13b-6e7b83187ab2,  -8.241420, -46.364030,2026-05-29 04:55:00,NPP-375D,BALSAS,MARANHÃO,Brasil,2101400,21,33,17,0.0,0.95,Cerrado,1.6
07e26689-4bd8-3a4e-a718-1bbc1deaa282, -11.942700, -43.402450,2026-05-29 04:55:00,NPP-375D,MUQUÉM DO SÃO FRANCISCO,BAHIA,Brasil,2922250,29,33,5,0.1,1.0,Cerrado,0.6
129ec506-1d57-3878-8670-ee41134a74c9, -13.639640, -55.755480,2026-05-29 04:55:00,NPP-375D,NOVA MUTUM,MATO GROSSO,Brasil,5106224,51,33,12,0.24,0.48,Cerrado,1.0
59a015f1-1b4b-391d-b7e9-7b9a0a8846da, -10.128360, -52.400370,2026-05-29 04:55:00,NPP-375D,SANTA CRUZ DO XINGU,MATO GROSSO,Brasil,5107743,51,33,12,0.0,0.98,Amazônia,0.4
f3498989-abe7-3dbe-ae21-50d8f2d4775e, -11.831360, -49.793710,2026-05-29 04:55:00,NPP-375D,FORMOSO DO ARAGUAIA,TOCANTINS,Brasil,1708205,17,33,6,0.0,0.97,Cerrado,1.6
ea256c85-b82b-3457-b24b-1639a8b8edb6, -11.296880, -54.029730,2026-05-29 04:55:00,NPP-375D,UNIÃO DO SUL,MATO GROSSO,Brasil,5108303,51,33,23,0.0,0.28,Amazônia,0.8
f7329551-c2b3-3483-911d-e1eec5047430, -12.990150, -57.781780,2026-05-29 04:55:00,NPP-375D,BRASNORTE,MATO GROSSO,Brasil,5101902,51,33,12,0.7,0.24,Cerrado,1.0
5943fa43-3379-3c00-bff6-a63f3402ff2c,  -3.273760, -49.139170,2026-05-29 04:55:00,NPP-375D,MOJU,PARÁ,Brasil,1504703,15,33,2,10.13,0.01,Amazônia,0.6
7cf7ab8e-409e-3eba-9e1d-b52abf9db181, -10.131130, -52.404430,2026-05-29 04:55:00,NPP-375D,SANTA CRUZ DO XINGU,MATO GROSSO,Brasil,5107743,51,33,12,0.0,0.89,Amazônia,3.4
0edb46dc-6945-308e-8364-118ea924cc02, -12.364390, -54.167740,2026-05-29 04:55:00,NPP-375D,NOVA UBIRATÃ,MATO GROSSO,Brasil,5106240,51,33,14,0.0,0.36,Amazônia,2.3
d591abbe-6000-3d8c-93c0-905d7c97f0ec, -11.592290, -47.442060,2026-05-29 04:55:00,NPP-375D,NATIVIDADE,TOCANTINS,Brasil,1714203,17,33,6,0.0,0.45,Cerrado,18.3
203cd45c-3122-3a47-a278-f0285edc75ff,  -8.722610, -47.829460,2026-05-29 04:55:00,NPP-375D,ITACAJÁ,TOCANTINS,Brasil,1710508,17,33,26,0.0,0.78,Cerrado,1.3
f151a8ad-f118-36f9-a513-c0e718d96992, -13.114190, -51.722630,2026-05-29 04:55:00,NPP-375D,RIBEIRÃO CASCALHEIRA,MATO GROSSO,Brasil,5107180,51,33,10,0.0,0.8,Cerrado,1.4
9e2140d2-18d5-3a69-ada0-05529b7aaec7, -11.560450, -54.578250,2026-05-29 04:55:00,NPP-375D,UNIÃO DO SUL,MATO GROSSO,Brasil,5108303,51,33,13,0.0,0.33,Amazônia,0.9
fe8fa27a-51d4-36c7-9407-7de0ac7e7294, -10.974870, -48.152840,2026-05-29 04:55:00,NPP-375D,MONTE DO CARMO,TOCANTINS,Brasil,1713601,17,33,7,0.0,0.42,Cerrado,0.8
98d04448-f87e-3cd2-b878-0fcbc2f95e16,  -7.506600, -55.005810,2026-05-29 04:55:00,NPP-375D,ALTAMIRA,PARÁ,Brasil,1500602,15,33,12,0.0,0.12,Amazônia,1.7
4134cc97-55ee-3f4c-abb7-bb757cb673c5, -11.588760, -47.437870,2026-05-29 04:55:00,NPP-375D,NATIVIDADE,TOCANTINS,Brasil,1714203,17,33,6,0.0,0.54,Cerrado,1.4
f89fd2de-8bbf-3807-b3cb-17b34751ae68, -12.360390, -54.170860,2026-05-29 04:55:00,NPP-375D,NOVA UBIRATÃ,MATO GROSSO,Brasil,5106240,51,33,14,0.0,0.36,Amazônia,1.4
d1d2769c-5c3c-38d0-a6d4-e70ec6dcda56, -11.560440, -54.585170,2026-05-29 04:55:00,NPP-375D,UNIÃO DO SUL,MATO GROSSO,Brasil,5108303,51,33,13,0.0,0.29,Amazônia,2.0
c71728b7-b3bb-35e6-900e-a7ccb646b071, -10.982620, -45.095080,2026-05-29 04:55:00,NPP-375D,FORMOSA DO RIO PRETO,BAHIA,Brasil,2911105,29,33,34,0.0,1.0,Cerrado,7.9
0d235521-17b2-3e05-aacd-fb5bd3a389a2, -11.333040, -51.401470,2026-05-29 04:55:00,NPP-375D,SÃO FÉLIX DO ARAGUAIA,MATO GROSSO,Brasil,5107859,51,33,26,0.0,0.89,Cerrado,1.0
30a9ed95-505f-376d-af00-6904c0b71cf4,  -9.951010, -52.454920,2026-05-29 04:55:00,NPP-375D,SANTA CRUZ DO XINGU,MATO GROSSO,Brasil,5107743,51,33,24,0.0,0.88,Amazônia,0.8
c8e6c30d-e830-3d41-922a-701671cefc8b, -11.631790, -56.864720,2026-05-29 04:55:00,NPP-375D,PORTO DOS GAÚCHOS,MATO GROSSO,Brasil,5106802,51,33,11,0.1,0.31,Amazônia,1.8
eab6703e-9cea-3743-9c05-2388a151c7d5, -11.600850, -47.439630,2026-05-29 04:55:00,NPP-375D,NATIVIDADE,TOCANTINS,Brasil,1714203,17,33,6,0.0,0.31,Cerrado,5.6
10faaf73-bbad-3b16-bee8-5058afcc5be3,  -9.149240, -50.045270,2026-05-29 04:55:00,NPP-375D,SANTANA DO ARAGUAIA,PARÁ,Brasil,1506708,15,33,17,0.0,0.73,Amazônia,0.9
e89bcae9-51bf-3cd4-a582-6a761525245c,  -8.707830, -47.798950,2026-05-29 04:55:00,NPP-375D,ITACAJÁ,TOCANTINS,Brasil,1710508,17,33,21,0.0,0.76,Cerrado,3.3
ebf2b111-9b87-35ea-9939-c3e6db5f9e05, -11.692410, -45.381780,2026-05-29 04:55:00,NPP-375D,RIACHÃO DAS NEVES,BAHIA,Brasil,2926202,29,33,6,0.0,1.0,Cerrado,1.0
396d1bd4-8f0f-3378-a722-55be46fc7021, -10.826020, -46.893300,2026-05-29 04:55:00,NPP-375D,PONTE ALTA DO TOCANTINS,TOCANTINS,Brasil,1717909,17,33,6,0.0,0.76,Cerrado,1.7
a641dec1-9eff-3f98-ba88-adadc4778133, -10.046150, -51.660370,2026-05-29 04:55:00,NPP-375D,VILA RICA,MATO GROSSO,Brasil,5108600,51,33,30,0.0,0.36,Amazônia,0.4
9c104e0d-e20f-3f5e-a903-bd044098374e,  -8.892130, -51.856070,2026-05-29 04:55:00,NPP-375D,CUMARU DO NORTE,PARÁ,Brasil,1502764,15,33,14,0.0,0.83,Amazônia,1.2
cc6e8c2b-d16a-33de-bc05-158b8cca8d06, -11.800620, -52.516700,2026-05-29 04:55:00,NPP-375D,QUERÊNCIA,MATO GROSSO,Brasil,5107065,51,33,24,0.0,0.35,Amazônia,0.8
6567c80c-3cdf-3229-a794-94c0aefe062a, -11.559820, -54.582100,2026-05-29 04:55:00,NPP-375D,UNIÃO DO SUL,MATO GROSSO,Brasil,5108303,51,33,13,0.0,0.28,Amazônia,2.3
74fc348e-669e-38d2-91d1-e37dfe9b9a6f, -11.561090, -54.581310,2026-05-29 04:55:00,NPP-375D,UNIÃO DO SUL,MATO GROSSO,Brasil,5108303,51,33,13,0.0,0.28,Amazônia,2.0
873d9515-7f31-3981-b981-779712556fd5, -11.793960, -52.515610,2026-05-29 04:55:00,NPP-375D,QUERÊNCIA,MATO GROSSO,Brasil,5107065,51,33,24,0.0,0.35,Amazônia,0.7
708c87b2-e251-3a34-af88-fb277927c90b, -10.716500, -49.034620,2026-05-29 04:55:00,NPP-375D,CRISTALÂNDIA,TOCANTINS,Brasil,1706100,17,33,26,0.0,0.66,Cerrado,2.4
bcecd949-fe29-3833-ba6e-1ce3672ecfb8, -10.478890, -48.908590,2026-05-29 04:55:00,NPP-375D,PUGMIL,TOCANTINS,Brasil,1718451,17,33,19,0.0,0.62,Cerrado,1.4
1a30927b-a71c-3c87-9300-29cfa9cb4217, -10.873190, -53.736300,2026-05-29 04:55:00,NPP-375D,MARCELÂNDIA,MATO GROSSO,Brasil,5105580,51,33,23,0.0,0.32,Amazônia,1.0
2c7a9869-92c0-314c-87e4-295cd4dcbd2e, -11.332490, -51.405060,2026-05-29 04:55:00,NPP-375D,SÃO FÉLIX DO ARAGUAIA,MATO GROSSO,Brasil,5107859,51,33,26,0.0,0.89,Cerrado,1.0
2cbfa498-5e38-351c-a58c-561dd463360a, -11.160910, -46.802370,2026-05-29 04:55:00,NPP-375D,ALMAS,TOCANTINS,Brasil,1700400,17,33,0,0.0,0.98,Cerrado,0.7
53a2086c-7e89-3514-996a-9550ac755b95, -11.739900, -44.515110,2026-05-29 04:55:00,NPP-375D,COTEGIPE,BAHIA,Brasil,2909406,29,33,6,0.0,1.0,Cerrado,1.3
2e425aad-bf1b-3e23-a236-e351e63d4917,  -8.848480, -46.711050,2026-05-29 04:55:00,NPP-375D,BALSAS,MARANHÃO,Brasil,2101400,21,33,37,0.0,0.83,Cerrado,1.6
baf9a08e-9cb4-3bcc-bc45-4b4cf7628545,  -9.161390, -46.861650,2026-05-29 04:55:00,NPP-375D,LIZARDA,TOCANTINS,Brasil,1712405,17,33,34,0.0,1.0,Cerrado,7.1
d0b4ada1-25a2-3d07-ade0-50a73dcc36c0,  -8.685810, -48.310250,2026-05-29 04:55:00,NPP-375D,GUARAÍ,TOCANTINS,Brasil,1709302,17,33,18,0.0,0.33,Cerrado,1.1
c6088fda-4349-3c56-b736-cc8f6bb69225, -13.176920, -52.708170,2026-05-29 04:55:00,NPP-375D,CANARANA,MATO GROSSO,Brasil,5102702,51,33,28,0.0,0.51,Amazônia,1.4
e300792c-a24a-3dc4-bffc-fb705b9bbc35, -13.187480, -52.706270,2026-05-29 04:55:00,NPP-375D,CANARANA,MATO GROSSO,Brasil,5102702,51,33,28,0.0,0.58,Amazônia,0.5
1a8ebb56-4e85-3cb9-99c3-4151d6303c68, -10.627630, -46.897020,2026-05-29 04:55:00,NPP-375D,MATEIROS,TOCANTINS,Brasil,1712702,17,33,15,0.0,1.0,Cerrado,0.8
3644d39d-e432-3d6c-8d24-4046aa4055a8, -10.521080, -48.105900,2026-05-29 04:55:00,NPP-375D,MONTE DO CARMO,TOCANTINS,Brasil,1713601,17,33,9,0.0,0.66,Cerrado,1.8
a7464d6a-05f8-395c-9e8f-5cdcb0b75737, -11.599860, -47.446750,2026-05-29 04:55:00,NPP-375D,NATIVIDADE,TOCANTINS,Brasil,1714203,17,33,5,0.0,0.55,Cerrado,10.2
87190b80-9d40-3757-9885-e98f9bb80ee0,  -8.713270, -47.916760,2026-05-29 04:55:00,NPP-375D,ITACAJÁ,TOCANTINS,Brasil,1710508,17,33,24,0.0,0.8,Cerrado,0.5
d1f1b73d-1881-376d-ade2-f7a77884a59b, -10.519660, -48.107780,2026-05-29 04:55:00,NPP-375D,MONTE DO CARMO,TOCANTINS,Brasil,1713601,17,33,9,0.0,0.74,Cerrado,1.3
34133030-f169-383e-8dd1-38a6277e78f4, -12.007050, -45.357270,2026-05-29 04:55:00,NPP-375D,BARREIRAS,BAHIA,Brasil,2903201,29,33,2,0.0,0.83,Cerrado,0.9
d6ad7fb3-17c0-309d-8b40-7d8f70479c0b, -11.471730, -57.112730,2026-05-29 04:55:00,NPP-375D,PORTO DOS GAÚCHOS,MATO GROSSO,Brasil,5106802,51,33,11,0.1,0.51,Amazônia,1.7
9524c2bc-3fe2-3378-81ff-2d1b7097ee4b, -11.788190, -52.514840,2026-05-29 04:55:00,NPP-375D,QUERÊNCIA,MATO GROSSO,Brasil,5107065,51,33,24,0.0,0.35,Amazônia,1.3
dde67e13-6e58-311e-9540-b5558eb4e5a6, -11.635670, -56.865400,2026-05-29 04:55:00,NPP-375D,PORTO DOS GAÚCHOS,MATO GROSSO,Brasil,5106802,51,33,11,0.1,0.31,Amazônia,1.8
757ec41b-be4e-3ea1-9648-c7398530dafa, -10.816280, -56.595250,2026-05-29 04:55:00,NPP-375D,TABAPORÃ,MATO GROSSO,Brasil,5107941,51,33,10,0.0,0.32,Amazônia,2.5
25963c29-0389-3d06-9edd-564df69437e0, -11.592790, -47.438470,2026-05-29 04:55:00,NPP-375D,NATIVIDADE,TOCANTINS,Brasil,1714203,17,33,6,0.0,0.41,Cerrado,7.5
d36cb88c-b74d-3a3a-ad01-2d9ac65636ab, -10.135020, -52.401450,2026-05-29 04:55:00,NPP-375D,SANTA CRUZ DO XINGU,MATO GROSSO,Brasil,5107743,51,33,12,0.0,1.0,Amazônia,2.6
8a3aab65-8e08-3540-9e05-bdcb0370fad7, -10.911670, -54.119540,2026-05-29 04:55:00,NPP-375D,MARCELÂNDIA,MATO GROSSO,Brasil,5105580,51,33,14,0.0,0.26,Amazônia,0.8
a4064251-cf40-320b-b981-b2d6c2937772, -11.793830, -40.079260,2026-05-29 04:55:00,NPP-375D,MAIRI,BAHIA,Brasil,2920106,29,33,7,0.21,0.99,Caatinga,1.1
b97467fd-9f9c-318e-9bb7-5c9b8bdfd745, -10.821400, -46.896210,2026-05-29 04:55:00,NPP-375D,PONTE ALTA DO TOCANTINS,TOCANTINS,Brasil,1717909,17,33,6,0.0,0.76,Cerrado,3.1
e5f94e8d-b07a-3393-909d-640c8e54cdc9, -11.601310, -55.331290,2026-05-29 04:55:00,NPP-375D,SINOP,MATO GROSSO,Brasil,5107909,51,33,12,0.0,0.32,Amazônia,1.4
99c6fdb2-6aec-3af8-b388-181c5deb81de, -11.784860, -52.514290,2026-05-29 04:55:00,NPP-375D,QUERÊNCIA,MATO GROSSO,Brasil,5107065,51,33,24,0.0,0.35,Amazônia,1.3
f2db60a9-2c9d-3d86-a7c5-8ec9bc779d95, -11.584230, -47.440870,2026-05-29 04:55:00,NPP-375D,NATIVIDADE,TOCANTINS,Brasil,1714203,17,33,6,0.0,0.65,Cerrado,2.7
72fcc7f4-5118-3467-866f-faf201c5b67d, -12.207870, -47.501060,2026-05-29 04:55:00,NPP-375D,CONCEIÇÃO DO TOCANTINS,TOCANTINS,Brasil,1705607,17,33,6,0.0,1.0,Cerrado,1.5
344874c3-502a-32fb-b96b-515365c569f6,  -8.687090, -48.301560,2026-05-29 04:55:00,NPP-375D,GUARAÍ,TOCANTINS,Brasil,1709302,17,33,18,0.0,0.59,Cerrado,1.9
d39877df-f1ca-3efe-9aa2-9150f38b0e4b, -14.445130, -48.904790,2026-05-29 04:55:00,NPP-375D,NIQUELÂNDIA,GOIÁS,Brasil,5214606,52,33,6,0.0,0.69,Cerrado,2.9
215f2f94-aec0-3ebd-a7eb-dbbbb96bcec2, -11.563290, -54.582710,2026-05-29 04:55:00,NPP-375D,UNIÃO DO SUL,MATO GROSSO,Brasil,5108303,51,33,13,0.0,0.28,Amazônia,2.3
56aa9ab8-a48c-3116-ac6c-ef44c7c2d741,  -8.727090, -47.825440,2026-05-29 04:55:00,NPP-375D,ITACAJÁ,TOCANTINS,Brasil,1710508,17,33,27,0.0,0.86,Cerrado,1.1
ad077582-eae0-333a-bd43-974712cda053, -10.143580, -52.132840,2026-05-29 04:55:00,NPP-375D,SANTA CRUZ DO XINGU,MATO GROSSO,Brasil,5107743,51,33,11,0.0,0.35,Amazônia,0.5
ebaa79fd-e4db-3e3f-8cf6-a187e237ca76,  -8.237280, -46.363570,2026-05-29 04:55:00,NPP-375D,BALSAS,MARANHÃO,Brasil,2101400,21,33,17,0.0,0.97,Cerrado,1.1
5090738a-a56b-38ea-a3a5-46fdef5a3678, -11.588260, -47.441470,2026-05-29 04:55:00,NPP-375D,NATIVIDADE,TOCANTINS,Brasil,1714203,17,33,6,0.0,0.56,Cerrado,2.7
35ef9b36-b864-3767-9fea-a3da5c06ab89, -12.001390, -45.143050,2026-05-29 04:55:00,NPP-375D,BARREIRAS,BAHIA,Brasil,2903201,29,33,4,0.0,0.83,Cerrado,2.2
90a0b189-c928-34c5-bca8-f1edac2ddb8d, -11.561080, -54.574400,2026-05-29 04:55:00,NPP-375D,UNIÃO DO SUL,MATO GROSSO,Brasil,5108303,51,33,13,0.0,0.43,Amazônia,0.9
85006aa5-d0be-3f08-8dad-919fa6481e60, -11.892060, -47.605640,2026-05-29 04:55:00,NPP-375D,NATIVIDADE,TOCANTINS,Brasil,1714203,17,33,6,0.0,0.9,Cerrado,1.2
8c01909a-0e6d-3913-a936-b8a538b55338, -11.790630, -52.515070,2026-05-29 04:55:00,NPP-375D,QUERÊNCIA,MATO GROSSO,Brasil,5107065,51,33,24,0.0,0.35,Amazônia,0.7
a2e880df-6ffa-3104-a6b0-8ba1ad3d4f22, -12.264800, -48.806590,2026-05-29 04:55:00,NPP-375D,SUCUPIRA,TOCANTINS,Brasil,1720853,17,33,6,0.0,1.0,Cerrado,0.7
330898ac-2043-3735-8ced-dd567587790d,  -8.715400, -47.800130,2026-05-29 04:55:00,NPP-375D,ITACAJÁ,TOCANTINS,Brasil,1710508,17,33,22,0.0,0.77,Cerrado,2.2
49cffc36-945f-34bc-bab5-98bb63bb8629, -16.172040, -58.470420,2026-05-29 04:57:00,NPP-375D,CÁCERES,MATO GROSSO,Brasil,5102504,51,33,11,0.0,0.31,Pantanal,4.4
428a0c3b-43b1-3835-b25d-b5ea7910dfb3, -18.459420, -54.711100,2026-05-29 04:57:00,NPP-375D,COXIM,MATO GROSSO DO SUL,Brasil,5003306,50,33,10,0.0,0.78,Cerrado,1.1
5e618f6f-46bb-3e8c-b3e3-c8334a0f5dd8, -20.898480, -46.793210,2026-05-29 04:57:00,NPP-375D,FORTALEZA DE MINAS,MINAS GERAIS,Brasil,3126307,31,33,9,0.0,1.0,Mata Atlântica,1.2
39667f8a-8b61-367a-996e-4e93c3076194, -18.462760, -54.711690,2026-05-29 04:57:00,NPP-375D,COXIM,MATO GROSSO DO SUL,Brasil,5003306,50,33,10,0.0,0.63,Cerrado,4.0
e670b194-2c27-3306-8394-d94b3a675bbd, -15.906070, -50.554730,2026-05-29 04:57:00,NPP-375D,ITAPIRAPUÃ,GOIÁS,Brasil,5211008,52,33,6,0.35,1.0,Cerrado,1.1
1c09fa91-97c1-3c4c-9464-b03757e7db5c, -20.899080, -46.787810,2026-05-29 04:57:00,NPP-375D,FORTALEZA DE MINAS,MINAS GERAIS,Brasil,3126307,31,33,9,0.0,0.96,Mata Atlântica,1.2
1bf9cfd1-1b34-31ca-8098-ea647245a96b, -19.682770, -54.353840,2026-05-29 04:57:00,NPP-375D,BANDEIRANTES,MATO GROSSO DO SUL,Brasil,5001508,50,33,7,0.0,1.0,Cerrado,2.6
115855ef-d8ed-331f-b30d-ddd927d5abd2, -18.237800, -54.593660,2026-05-29 04:57:00,NPP-375D,PEDRO GOMES,MATO GROSSO DO SUL,Brasil,5006408,50,33,9,0.0,1.0,Cerrado,1.1
c572ca75-87b0-37a4-9945-4b822ba0ac45, -19.686680, -54.350750,2026-05-29 04:57:00,NPP-375D,BANDEIRANTES,MATO GROSSO DO SUL,Brasil,5001508,50,33,7,0.0,1.0,Cerrado,2.6
13d20609-831b-39dd-bc6f-624840047560, -16.165170, -58.485650,2026-05-29 04:57:00,NPP-375D,CÁCERES,MATO GROSSO,Brasil,5102504,51,33,10,0.0,0.32,Pantanal,1.2
24acdc90-b819-3130-9b70-c5e8235a196b, -14.650540, -54.524570,2026-05-29 04:57:00,NPP-375D,PLANALTO DA SERRA,MATO GROSSO,Brasil,5106455,51,33,4,1.16,0.83,Cerrado,3.4
5a70aab9-b73c-3583-9a84-720e0e87fbc1, -21.383360, -49.263900,2026-05-29 04:57:00,NPP-375D,NOVO HORIZONTE,SÃO PAULO,Brasil,3533502,35,33,9,0.0,1.0,Mata Atlântica,1.0
8360004b-7247-314c-ae5d-5612d11fc3a8, -21.142810, -48.653750,2026-05-29 04:57:00,NPP-375D,PIRANGI,SÃO PAULO,Brasil,3539004,35,33,9,0.0,1.0,Mata Atlântica,1.1
56055e18-cc4f-3771-bfbe-e8e4583c1402, -16.167100, -58.474980,2026-05-29 04:57:00,NPP-375D,CÁCERES,MATO GROSSO,Brasil,5102504,51,33,10,0.0,0.31,Pantanal,2.2
f2ec0d17-1656-3f3f-b592-ec43f18279c8, -19.686100, -54.354430,2026-05-29 04:57:00,NPP-375D,BANDEIRANTES,MATO GROSSO DO SUL,Brasil,5001508,50,33,7,0.0,1.0,Cerrado,2.6
a272d938-56c7-3d71-ac4c-7c9d3997e04b, -20.083050, -47.450240,2026-05-29 04:57:00,NPP-375D,RIFAINA,SÃO PAULO,Brasil,3543600,35,33,9,0.0,0.99,Cerrado,0.3
2eb040f4-2776-3fc4-b3e6-febfe93b7441, -20.087570, -47.450960,2026-05-29 04:57:00,NPP-375D,RIFAINA,SÃO PAULO,Brasil,3543600,35,33,9,0.0,1.0,Cerrado,1.5
4d2aa93e-655f-33a6-8f8b-12fa7fa925b2, -18.117800, -54.516300,2026-05-29 04:57:00,NPP-375D,PEDRO GOMES,MATO GROSSO DO SUL,Brasil,5006408,50,33,6,0.0,0.68,Cerrado,1.0
ca789a8e-d632-3098-b7ba-24182ac8cdc2, -16.175050, -58.476550,2026-05-29 04:57:00,NPP-375D,CÁCERES,MATO GROSSO,Brasil,5102504,51,33,11,0.0,0.31,Pantanal,7.8
a2764e51-fc0d-3556-ac45-cc298a0854c9, -22.793270, -49.339440,2026-05-29 04:57:00,NPP-375D,ÁGUAS DE SANTA BÁRBARA,SÃO PAULO,Brasil,3500550,35,33,4,0.0,0.42,Cerrado,1.3
1f4674fc-52bd-3fe0-bf16-76759cce88ce, -22.243680, -54.155350,2026-05-29 04:57:00,NPP-375D,DEODÁPOLIS,MATO GROSSO DO SUL,Brasil,5003454,50,33,5,0.0,0.96,Mata Atlântica,0.7
addef628-1e56-358c-9b03-bc809d99e1cf, -18.463360, -54.708030,2026-05-29 04:57:00,NPP-375D,COXIM,MATO GROSSO DO SUL,Brasil,5003306,50,33,10,0.0,0.58,Cerrado,6.2
b5bd644e-6c5c-3b03-87a1-74458fd379b9, -16.171080, -58.475760,2026-05-29 04:57:00,NPP-375D,CÁCERES,MATO GROSSO,Brasil,5102504,51,33,10,0.0,0.31,Pantanal,7.8
ed227c5b-d5c4-3454-a1ad-bd5e610728b4, -21.812020, -53.085060,2026-05-29 04:57:00,NPP-375D,NOVA ANDRADINA,MATO GROSSO DO SUL,Brasil,5006200,50,33,3,0.0,0.88,Cerrado,1.2
c99d5df0-ba5e-3051-8559-4c0bc5925f0d, -18.466700, -54.708620,2026-05-29 04:57:00,NPP-375D,COXIM,MATO GROSSO DO SUL,Brasil,5003306,50,33,10,0.0,0.54,Cerrado,6.2
6c41be13-ec44-3627-bc89-a9c8cebf0093, -19.061010, -47.423040,2026-05-29 04:57:00,NPP-375D,IRAÍ DE MINAS,MINAS GERAIS,Brasil,3131604,31,33,6,0.3,1.0,Cerrado,0.9
a48ff511-45d7-3013-9491-deb92de9f1d3, -21.812610, -53.081100,2026-05-29 04:57:00,NPP-375D,NOVA ANDRADINA,MATO GROSSO DO SUL,Brasil,5006200,50,33,3,0.0,0.88,Cerrado,1.2
45011513-36b7-3e86-8f13-929d98d2b9b6, -18.460010, -54.707430,2026-05-29 04:57:00,NPP-375D,COXIM,MATO GROSSO DO SUL,Brasil,5003306,50,33,10,0.0,0.76,Cerrado,1.5
e56f4fab-b457-35a7-9b94-a6d4f2c69377, -21.395850, -48.713240,2026-05-29 04:57:00,NPP-375D,FERNANDO PRESTES,SÃO PAULO,Brasil,3515608,35,33,7,0.0,1.0,Cerrado,1.5
67d6969a-6198-35ad-bf41-38075147513f, -18.466110, -54.712290,2026-05-29 04:57:00,NPP-375D,COXIM,MATO GROSSO DO SUL,Brasil,5003306,50,33,10,0.0,0.6,Cerrado,4.0
e8b63136-e409-3897-a1ef-0d427e3f091f, -21.400100, -48.713870,2026-05-29 04:57:00,NPP-375D,TAQUARITINGA,SÃO PAULO,Brasil,3553708,35,33,7,0.0,1.0,Cerrado,1.5
7db8d2e2-fb35-3f4e-9bda-7eb6c8930462, -22.794610, -49.338200,2026-05-29 04:57:00,NPP-375D,ÁGUAS DE SANTA BÁRBARA,SÃO PAULO,Brasil,3500550,35,33,4,0.0,0.42,Cerrado,1.6
a13716c6-2c12-3da2-97d8-0dc4a71951a7, -16.176010, -58.471210,2026-05-29 04:57:00,NPP-375D,CÁCERES,MATO GROSSO,Brasil,5102504,51,33,11,0.0,0.32,Pantanal,4.4
970d4290-a852-372c-8968-f532f2c3fc3b, -19.175710, -47.355930,2026-05-29 04:57:00,NPP-375D,PERDIZES,MINAS GERAIS,Brasil,3149804,31,33,6,0.5,0.4,Cerrado,2.1
c3a98556-51ba-38c6-a2ff-3c6fdba5a553, -20.189670, -49.563390,2026-05-29 04:57:00,NPP-375D,PAULO DE FARIA,SÃO PAULO,Brasil,3536604,35,33,10,0.0,0.97,Mata Atlântica,1.0
2b6684bb-e6b1-30d7-8f6e-932f78878d86, -16.174090, -58.481880,2026-05-29 04:57:00,NPP-375D,CÁCERES,MATO GROSSO,Brasil,5102504,51,33,10,0.0,0.44,Pantanal,7.8
3dcee6a4-6e54-3e7f-8f92-af24432b8eb8, -19.171190, -47.355450,2026-05-29 04:57:00,NPP-375D,PERDIZES,MINAS GERAIS,Brasil,3149804,31,33,6,0.5,0.51,Cerrado,0.5
3ceddd77-0fb7-3199-985e-f4b76e729eaa, -16.168060, -58.469650,2026-05-29 04:57:00,NPP-375D,CÁCERES,MATO GROSSO,Brasil,5102504,51,33,11,0.0,0.31,Pantanal,1.2
078b0617-e3ad-3fbb-91ef-530f473c5068, -22.053800, -56.215680,2026-05-29 04:59:00,NPP-375D,BELA VISTA,MATO GROSSO DO SUL,Brasil,5002100,50,33,4,27.25,0.0,Cerrado,0.9
7ba1b9aa-1a6f-3eb4-ab5c-2ce00caa07e4, -11.591000, -47.449600,2026-05-29 05:00:00,GOES-19,NATIVIDADE,TOCANTINS,Brasil,1714203,17,33,6,0.0,0.65,Cerrado,85.9
3d496382-6944-3f5f-9c7f-a7e1d993c22a, -11.591000, -47.449600,2026-05-29 05:10:00,GOES-19,NATIVIDADE,TOCANTINS,Brasil,1714203,17,33,6,0.0,0.65,Cerrado,86.5
22011a1e-70a8-3e9f-b85c-81db697b4f30,  -5.320430, -44.690290,2026-05-29 05:12:00,NOAA-20,TUNTUM,MARANHÃO,Brasil,2112308,21,33,10,0.0,0.73,Cerrado,4.7
88506426-c7b1-302b-a56f-f68711444115,  -5.322350, -44.689530,2026-05-29 05:12:00,NOAA-20,TUNTUM,MARANHÃO,Brasil,2112308,21,33,10,0.0,0.62,Cerrado,15.3
0d49ce1f-1fac-39ff-913f-e78ed10966f0,  -5.327000, -44.691450,2026-05-29 05:12:00,NOAA-20,TUNTUM,MARANHÃO,Brasil,2112308,21,33,10,0.0,0.56,Cerrado,9.6
41f226da-154a-36e4-8cba-de30ae93e328,  -5.328910, -44.690660,2026-05-29 05:12:00,NOAA-20,TUNTUM,MARANHÃO,Brasil,2112308,21,33,10,0.0,0.52,Cerrado,1.8
44772c0b-5854-30ad-b800-c16080d2adf0,  -5.321230, -44.684450,2026-05-29 05:12:00,NOAA-20,TUNTUM,MARANHÃO,Brasil,2112308,21,33,10,0.0,0.85,Cerrado,3.2
4b1badd2-a206-32c9-a85d-2627ae4f005b,  -5.327790, -44.685670,2026-05-29 05:12:00,NOAA-20,TUNTUM,MARANHÃO,Brasil,2112308,21,33,10,0.0,0.69,Cerrado,6.7
f9da34e6-571f-3b7e-b599-629dc2d82361,  -7.618250, -56.736680,2026-05-29 05:14:00,NOAA-20,ITAITUBA,PARÁ,Brasil,1503606,15,33,11,0.0,0.81,Amazônia,1.4
9a66f0c5-b342-3c23-956f-ba5ba9dc2681,  -8.706420, -47.802220,2026-05-29 05:14:00,NOAA-20,ITACAJÁ,TOCANTINS,Brasil,1710508,17,33,21,0.0,0.77,Cerrado,2.1
2626fb33-7c50-303e-9844-6ce454686e32, -11.627270, -56.861920,2026-05-29 05:14:00,NOAA-20,PORTO DOS GAÚCHOS,MATO GROSSO,Brasil,5106802,51,33,11,0.1,0.31,Amazônia,4.7
ebf976df-10e1-32cf-882c-3e0225819f07, -10.817430, -56.598690,2026-05-29 05:14:00,NOAA-20,TABAPORÃ,MATO GROSSO,Brasil,5107941,51,33,10,0.0,0.32,Amazônia,0.7
be40b85f-b77a-34e9-8beb-4e7f38bedb53, -11.591580, -47.436350,2026-05-29 05:14:00,NOAA-20,ALMAS,TOCANTINS,Brasil,1700400,17,33,6,0.0,0.5,Cerrado,11.6
5b9c3466-f745-395b-b7d1-3058f26659d7,  -6.250730, -48.566360,2026-05-29 05:14:00,NOAA-20,SÃO GERALDO DO ARAGUAIA,PARÁ,Brasil,1507458,15,33,13,0.0,1.0,Amazônia,1.0
7555f55d-6d2c-325f-b3ab-5232016e08db, -11.597050, -47.441700,2026-05-29 05:14:00,NOAA-20,NATIVIDADE,TOCANTINS,Brasil,1714203,17,33,6,0.0,0.37,Cerrado,11.6
f1dd1787-2b84-350e-a6f3-3048062f48d7,  -8.873850, -48.501180,2026-05-29 05:14:00,NOAA-20,GUARAÍ,TOCANTINS,Brasil,1709302,17,33,15,0.0,1.0,Cerrado,1.2
74ca2f4b-983a-3e24-ad56-7738d18b35f0, -11.637450, -56.863530,2026-05-29 05:14:00,NOAA-20,PORTO DOS GAÚCHOS,MATO GROSSO,Brasil,5106802,51,33,11,0.1,0.31,Amazônia,3.9
fbffef9c-819a-30d0-a603-047c2dd383a3,  -9.162060, -46.863760,2026-05-29 05:14:00,NOAA-20,LIZARDA,TOCANTINS,Brasil,1712405,17,33,34,0.0,1.0,Cerrado,1.9
a1352ad9-f36b-3302-ba4a-d3b803096aeb, -11.634060, -56.863000,2026-05-29 05:14:00,NOAA-20,PORTO DOS GAÚCHOS,MATO GROSSO,Brasil,5106802,51,33,11,0.1,0.31,Amazônia,3.9
f66984db-670d-3a78-b898-3bfe64ca4f3f, -11.637690, -56.867230,2026-05-29 05:14:00,NOAA-20,PORTO DOS GAÚCHOS,MATO GROSSO,Brasil,5106802,51,33,11,0.1,0.31,Amazônia,3.0
1d9f6e82-7786-3642-b77f-1194a81a8808, -11.302750, -54.028320,2026-05-29 05:14:00,NOAA-20,UNIÃO DO SUL,MATO GROSSO,Brasil,5108303,51,33,24,0.0,0.3,Amazônia,1.6
6e75833f-624f-38e9-b73a-afd8f05bc684, -11.595920, -47.450900,2026-05-29 05:14:00,NOAA-20,NATIVIDADE,TOCANTINS,Brasil,1714203,17,33,6,0.0,0.66,Cerrado,9.9
8014f3c0-ccea-3012-96ed-c2b369e7ff07, -10.657360, -49.725890,2026-05-29 05:14:00,NOAA-20,LAGOA DA CONFUSÃO,TOCANTINS,Brasil,1711902,17,33,29,0.0,1.0,Cerrado,1.4
8cebbd94-60fd-3d0a-a11f-9922d857c8c9, -11.590450, -47.445660,2026-05-29 05:14:00,NOAA-20,NATIVIDADE,TOCANTINS,Brasil,1714203,17,33,6,0.0,0.57,Cerrado,9.9
31fb1c69-4995-35ee-baf2-a8b57547a2ab,  -8.709970, -47.799900,2026-05-29 05:14:00,NOAA-20,ITACAJÁ,TOCANTINS,Brasil,1710508,17,33,21,0.0,0.76,Cerrado,1.2
fcf7f762-2abf-35b6-bf6b-635f6e7b7503,  -8.893010, -51.855870,2026-05-29 05:14:00,NOAA-20,CUMARU DO NORTE,PARÁ,Brasil,1502764,15,33,14,0.0,0.83,Amazônia,1.4
4fd1c800-e062-3f3d-8803-d3fb65767729,  -8.716630, -54.989940,2026-05-29 05:14:00,NOAA-20,ALTAMIRA,PARÁ,Brasil,1500602,15,33,11,0.0,0.33,Amazônia,0.8
a019e5bc-a933-3da4-8630-468e6a3eb1a0, -11.560620, -54.527380,2026-05-29 05:14:00,NOAA-20,UNIÃO DO SUL,MATO GROSSO,Brasil,5108303,51,33,13,0.0,0.82,Amazônia,1.1
a19bac21-7edd-3ba9-9425-fd9fb6fa19e1, -10.517830, -48.105210,2026-05-29 05:14:00,NOAA-20,MONTE DO CARMO,TOCANTINS,Brasil,1713601,17,33,9,0.0,0.73,Cerrado,1.1
75736d0e-a3ee-3960-a014-d291ba50e32b, -11.589890, -47.450260,2026-05-29 05:14:00,NOAA-20,NATIVIDADE,TOCANTINS,Brasil,1714203,17,33,6,0.0,0.66,Cerrado,9.9
46f5cab3-9111-3066-8032-27bd23627e3b,  -7.336440, -49.857810,2026-05-29 05:14:00,NOAA-20,RIO MARIA,PARÁ,Brasil,1506161,15,33,13,0.0,0.91,Amazônia,1.4
1a4db9f0-e949-374b-8b58-7ca6111402d3, -11.301090, -54.031820,2026-05-29 05:14:00,NOAA-20,UNIÃO DO SUL,MATO GROSSO,Brasil,5108303,51,33,24,0.0,0.37,Amazônia,1.5
ae6122ae-4c8a-3f3e-a8d9-8ce5183b1d78,  -8.686570, -48.303320,2026-05-29 05:14:00,NOAA-20,GUARAÍ,TOCANTINS,Brasil,1709302,17,33,18,0.0,0.54,Cerrado,3.0
72c12373-7176-33ee-b205-383c85ca0776,  -8.097960, -49.383310,2026-05-29 05:14:00,NOAA-20,CONCEIÇÃO DO ARAGUAIA,PARÁ,Brasil,1502707,15,33,17,0.0,0.92,Amazônia,1.3
5514eb9b-27ea-3349-a7f4-42663e9966bc,  -8.715630, -47.800730,2026-05-29 05:14:00,NOAA-20,ITACAJÁ,TOCANTINS,Brasil,1710508,17,33,22,0.0,0.78,Cerrado,1.2
c01d1d5d-61db-35dc-b1f2-111a76e4a02b, -11.302060, -54.033190,2026-05-29 05:14:00,NOAA-20,UNIÃO DO SUL,MATO GROSSO,Brasil,5108303,51,33,24,0.0,0.45,Amazônia,1.6
e2547616-921b-37df-a5a1-44941a086440, -11.298190, -54.032620,2026-05-29 05:14:00,NOAA-20,UNIÃO DO SUL,MATO GROSSO,Brasil,5108303,51,33,23,0.0,0.34,Amazônia,1.6
8099b22b-106e-3f29-a837-ba4fa741e592,  -6.249240, -48.570400,2026-05-29 05:14:00,NOAA-20,SÃO GERALDO DO ARAGUAIA,PARÁ,Brasil,1507458,15,33,13,0.0,1.0,Amazônia,0.8
4b3ebfb3-933a-331d-b5a4-84f4074d2ac9, -11.591010, -47.440970,2026-05-29 05:14:00,NOAA-20,NATIVIDADE,TOCANTINS,Brasil,1714203,17,33,6,0.0,0.46,Cerrado,11.6
49e503b8-c38e-3e52-8424-a6635767b04b, -11.274770, -53.967660,2026-05-29 05:14:00,NOAA-20,UNIÃO DO SUL,MATO GROSSO,Brasil,5108303,51,33,28,0.0,0.28,Amazônia,0.9
ae2dc917-5217-31f0-ba51-d8ff0e9d406a, -11.967330, -47.374290,2026-05-29 05:14:00,NOAA-20,CONCEIÇÃO DO TOCANTINS,TOCANTINS,Brasil,1705607,17,33,6,0.0,0.76,Cerrado,1.0
93dbb5a8-4c20-37ee-984c-5e237a16eae3,  -9.883890, -58.564360,2026-05-29 05:14:00,NOAA-20,COTRIGUAÇU,MATO GROSSO,Brasil,5103379,51,33,11,0.0,1.0,Amazônia,0.6
490fd3c2-1a8e-39b8-9444-34d5dbaba37b,  -8.712590, -47.799170,2026-05-29 05:14:00,NOAA-20,ITACAJÁ,TOCANTINS,Brasil,1710508,17,33,22,0.0,0.76,Cerrado,2.4
4b68d5c1-265f-3a61-9629-f71cde555824,  -8.686100, -48.306890,2026-05-29 05:14:00,NOAA-20,GUARAÍ,TOCANTINS,Brasil,1709302,17,33,18,0.0,0.42,Cerrado,2.2
d4997d8a-6d20-377b-9e71-d89d06c11a1f,  -8.706930, -47.798310,2026-05-29 05:14:00,NOAA-20,ITACAJÁ,TOCANTINS,Brasil,1710508,17,33,21,0.0,0.76,Cerrado,3.5
fa8649e3-1306-31be-9dd9-841d06f2dc86, -11.636880, -56.867230,2026-05-29 05:14:00,NOAA-20,PORTO DOS GAÚCHOS,MATO GROSSO,Brasil,5106802,51,33,11,0.1,0.31,Amazônia,2.6
a2400fae-9dd4-3797-8285-0bd83e07321f, -11.626700, -56.865620,2026-05-29 05:14:00,NOAA-20,PORTO DOS GAÚCHOS,MATO GROSSO,Brasil,5106802,51,33,11,0.1,0.31,Amazônia,2.7
8f8c9110-722a-3dfa-b6b8-5a9edc19c8c0,  -7.503760, -55.004620,2026-05-29 05:14:00,NOAA-20,ALTAMIRA,PARÁ,Brasil,1500602,15,33,12,0.0,0.12,Amazônia,1.1
5c79cac5-8edf-32f0-a65b-93137c63768a,  -8.685620, -48.310480,2026-05-29 05:14:00,NOAA-20,GUARAÍ,TOCANTINS,Brasil,1709302,17,33,18,0.0,0.33,Cerrado,2.2
0e49d5a0-50b4-35f1-b1e1-ba5264c6ec4e,  -6.998190, -44.998720,2026-05-29 05:14:00,NOAA-20,LORETO,MARANHÃO,Brasil,2106102,21,33,23,0.0,0.91,Cerrado,2.5
25db7201-1504-33a7-8fb7-0286d64b9f9c, -11.601550, -55.331720,2026-05-29 05:14:00,NOAA-20,SINOP,MATO GROSSO,Brasil,5107909,51,33,12,0.0,0.32,Amazônia,1.9
57a34785-cc8a-3d79-aee8-08c9e3113639,  -6.242840, -48.577990,2026-05-29 05:14:00,NOAA-20,SÃO GERALDO DO ARAGUAIA,PARÁ,Brasil,1507458,15,33,12,0.0,1.0,Amazônia,1.2
d9654fb7-0a3d-318e-bd83-f473b5670263, -10.908710, -54.120540,2026-05-29 05:14:00,NOAA-20,MARCELÂNDIA,MATO GROSSO,Brasil,5105580,51,33,14,0.0,0.26,Amazônia,1.6
e479ee1e-f1c4-3c94-a137-ec1da6f9ba3c, -11.564710, -54.579950,2026-05-29 05:14:00,NOAA-20,UNIÃO DO SUL,MATO GROSSO,Brasil,5108303,51,33,13,0.0,0.28,Amazônia,1.4
928d5cbd-5d01-3eab-b3d6-ed2e5c7b35b9, -10.492840, -57.611200,2026-05-29 05:14:00,NOAA-20,JUARA,MATO GROSSO,Brasil,5105101,51,33,10,0.0,0.26,Amazônia,0.7
23d663ab-0d91-386f-af4d-8ddd286c91af,  -5.948940, -43.482170,2026-05-29 05:14:00,NOAA-20,LAGOA DO MATO,MARANHÃO,Brasil,2105922,21,33,14,0.0,0.9,Cerrado,8.2
d1f02aa9-cd23-3bce-a2b8-5a52cbf1ac95, -11.274060, -53.972550,2026-05-29 05:14:00,NOAA-20,UNIÃO DO SUL,MATO GROSSO,Brasil,5108303,51,33,27,0.0,0.28,Amazônia,0.9
47b0d05c-f30a-3e45-834b-e6a66093c07a, -11.966770, -47.372150,2026-05-29 05:14:00,NOAA-20,CONCEIÇÃO DO TOCANTINS,TOCANTINS,Brasil,1705607,17,33,6,0.0,0.76,Cerrado,2.1
0fb28ad5-15f6-3159-9d46-10df71ddd1a6, -10.129780, -52.403650,2026-05-29 05:14:00,NOAA-20,SANTA CRUZ DO XINGU,MATO GROSSO,Brasil,5107743,51,33,12,0.0,0.88,Amazônia,2.7
3612c90f-a6cf-34b7-b841-bfcbc4ef94c9, -10.777180, -56.818850,2026-05-29 05:14:00,NOAA-20,JUARA,MATO GROSSO,Brasil,5105101,51,33,10,0.0,0.26,Amazônia,0.6
2f58f51d-40c3-3355-b4cf-06c401fb4c2a,  -9.603160, -58.342750,2026-05-29 05:14:00,NOAA-20,COTRIGUAÇU,MATO GROSSO,Brasil,5103379,51,33,11,0.0,1.0,Amazônia,1.3
9ee7bcf7-3171-3125-bfcf-51afc2ebac4e,  -6.250300, -48.569460,2026-05-29 05:14:00,NOAA-20,SÃO GERALDO DO ARAGUAIA,PARÁ,Brasil,1507458,15,33,13,0.0,1.0,Amazônia,1.0
eb8b252a-61fc-3049-a2ac-58d0979bc69b,  -6.248080, -48.578400,2026-05-29 05:14:00,NOAA-20,SÃO GERALDO DO ARAGUAIA,PARÁ,Brasil,1507458,15,33,12,0.0,1.0,Amazônia,1.1
9529846c-6998-346d-b938-da9032e96c30,  -6.249680, -48.567360,2026-05-29 05:14:00,NOAA-20,SÃO GERALDO DO ARAGUAIA,PARÁ,Brasil,1507458,15,33,13,0.0,1.0,Amazônia,0.8
17236d45-543d-3d73-8bfb-6145bee9d08f, -10.983980, -45.093910,2026-05-29 05:14:00,NOAA-20,FORMOSA DO RIO PRETO,BAHIA,Brasil,2911105,29,33,34,0.0,1.0,Cerrado,5.1
3c8cb636-5f9b-3d91-b827-b2d25dd066bc, -12.004590, -45.357230,2026-05-29 05:14:00,NOAA-20,BARREIRAS,BAHIA,Brasil,2903201,29,33,2,0.0,0.83,Cerrado,1.3
fc4e23ef-b648-33ed-927f-795beabe4bcd,  -8.680620, -48.306100,2026-05-29 05:14:00,NOAA-20,GUARAÍ,TOCANTINS,Brasil,1709302,17,33,18,0.0,0.51,Cerrado,2.2
89c71b95-dea5-34da-80b7-c0bd92faf472,  -7.348170, -46.214750,2026-05-29 05:14:00,NOAA-20,RIACHÃO,MARANHÃO,Brasil,2109502,21,33,11,0.0,0.98,Cerrado,0.6
bf4b4fc5-2c39-3c72-b28e-ad397fd5e4e4, -10.984020, -45.093830,2026-05-29 05:14:00,NOAA-20,FORMOSA DO RIO PRETO,BAHIA,Brasil,2911105,29,33,34,0.0,1.0,Cerrado,4.2
aae96860-a24b-31d9-8db9-cc2c2c516761,  -9.161230, -46.858210,2026-05-29 05:14:00,NOAA-20,LIZARDA,TOCANTINS,Brasil,1712405,17,33,34,0.0,1.0,Cerrado,3.0
170d4290-6e88-34bf-acd8-ea5a4fddc819, -10.129720, -52.404160,2026-05-29 05:14:00,NOAA-20,SANTA CRUZ DO XINGU,MATO GROSSO,Brasil,5107743,51,33,13,0.0,0.86,Amazônia,2.3
87bae105-7591-3a41-a3be-c2e353cdbf20,  -7.193530, -59.838020,2026-05-29 05:14:00,NOAA-20,APUÍ,AMAZONAS,Brasil,1300144,13,33,10,0.0,0.15,Amazônia,0.8
1ec3b75a-0fbd-3dc2-ad88-f701a2f83c18, -10.138780, -52.400950,2026-05-29 05:14:00,NOAA-20,SANTA CRUZ DO XINGU,MATO GROSSO,Brasil,5107743,51,33,12,0.0,0.77,Amazônia,1.3
55383109-71f8-31ed-8d10-b69709b6e738, -11.561600, -54.574790,2026-05-29 05:14:00,NOAA-20,UNIÃO DO SUL,MATO GROSSO,Brasil,5108303,51,33,13,0.0,0.4,Amazônia,1.4
6e7053ae-eebd-3abf-9b33-df9ff407fe93,  -5.030910, -56.192520,2026-05-29 05:14:00,NOAA-20,TRAIRÃO,PARÁ,Brasil,1508050,15,33,4,0.0,0.08,Amazônia,1.5
1b08c469-f24a-3767-9da2-05bdceb70b3b,  -8.704320, -47.799060,2026-05-29 05:14:00,NOAA-20,ITACAJÁ,TOCANTINS,Brasil,1710508,17,33,21,0.0,0.76,Cerrado,2.5
598318fc-e0f8-3484-8a7c-269f7dab1cd1,  -7.617700, -56.740200,2026-05-29 05:14:00,NOAA-20,ITAITUBA,PARÁ,Brasil,1503606,15,33,11,0.0,0.97,Amazônia,0.7
435f3f49-c62b-32a4-94a3-b626c3f0b43b, -11.560290, -54.584000,2026-05-29 05:14:00,NOAA-20,UNIÃO DO SUL,MATO GROSSO,Brasil,5108303,51,33,13,0.0,0.28,Amazônia,1.5
5840f8dc-a8ba-3be0-a82a-64b4b96e2bd5,  -9.162620, -46.859310,2026-05-29 05:14:00,NOAA-20,LIZARDA,TOCANTINS,Brasil,1712405,17,33,34,0.0,1.0,Cerrado,1.9
bd2df264-76d3-3b4b-b3eb-641de9ee8079, -11.967860, -47.369690,2026-05-29 05:14:00,NOAA-20,CONCEIÇÃO DO TOCANTINS,TOCANTINS,Brasil,1705607,17,33,6,0.0,0.76,Cerrado,1.0
a7fba642-2ffb-3cb1-9b2b-870988cca617,  -7.004040, -45.005360,2026-05-29 05:14:00,NOAA-20,LORETO,MARANHÃO,Brasil,2106102,21,33,24,0.0,0.91,Cerrado,4.7
4549a3bb-9614-333b-9c9f-3cc0e95d16e2, -11.638250, -56.863530,2026-05-29 05:14:00,NOAA-20,PORTO DOS GAÚCHOS,MATO GROSSO,Brasil,5106802,51,33,11,0.1,0.31,Amazônia,3.2
0adf1db5-bfd2-3890-a539-35c87ccc9d5c, -10.130320, -52.399730,2026-05-29 05:14:00,NOAA-20,SANTA CRUZ DO XINGU,MATO GROSSO,Brasil,5107743,51,33,12,0.0,1.0,Amazônia,2.7
255294d5-b9cd-382a-bf7f-42869dd29511,  -7.335670, -49.863170,2026-05-29 05:14:00,NOAA-20,RIO MARIA,PARÁ,Brasil,1506161,15,33,13,0.0,0.95,Amazônia,2.4
ada26763-ae99-37af-8e27-09990a1a4b4f, -10.488100, -55.607500,2026-05-29 05:14:00,NOAA-20,COLÍDER,MATO GROSSO,Brasil,5103205,51,33,11,0.0,0.51,Amazônia,0.5
8d68e7a9-8583-306b-8d47-83d277da2ef2, -11.304960, -54.032390,2026-05-29 05:14:00,NOAA-20,UNIÃO DO SUL,MATO GROSSO,Brasil,5108303,51,33,24,0.0,0.47,Amazônia,1.5
caf321a1-bfd9-3a24-a6cf-0f272cf93bf8, -11.786140, -52.513440,2026-05-29 05:14:00,NOAA-20,QUERÊNCIA,MATO GROSSO,Brasil,5107065,51,33,24,0.0,0.35,Amazônia,0.9
e2e4856e-c95a-3a96-9f66-d0b4067dd632, -11.596480, -47.446320,2026-05-29 05:14:00,NOAA-20,NATIVIDADE,TOCANTINS,Brasil,1714203,17,33,6,0.0,0.54,Cerrado,9.9
b337a990-f71c-3abe-b08e-375e38044c24,  -8.874310, -48.497650,2026-05-29 05:14:00,NOAA-20,GUARAÍ,TOCANTINS,Brasil,1709302,17,33,15,0.0,1.0,Cerrado,1.2
0cc478f4-01fa-3a1d-9378-bc0536f39339, -10.491630, -55.608020,2026-05-29 05:14:00,NOAA-20,COLÍDER,MATO GROSSO,Brasil,5103205,51,33,11,0.0,0.47,Amazônia,0.5
94837ebd-51d0-3fe0-9c64-dc6dfed68c1d, -11.597610, -47.437100,2026-05-29 05:14:00,NOAA-20,NATIVIDADE,TOCANTINS,Brasil,1714203,17,33,6,0.0,0.4,Cerrado,11.6
dac9791d-3d10-3b45-b6c6-592fcd75da4e, -10.657760, -49.722830,2026-05-29 05:14:00,NOAA-20,LAGOA DA CONFUSÃO,TOCANTINS,Brasil,1711902,17,33,29,0.0,1.0,Cerrado,1.3
8a2845f5-ced5-32af-ad22-1763d6d378d5, -11.630660, -56.862460,2026-05-29 05:14:00,NOAA-20,PORTO DOS GAÚCHOS,MATO GROSSO,Brasil,5106802,51,33,11,0.1,0.31,Amazônia,4.7
1f031e22-f5b3-3676-929f-68aff22a48b9,  -5.948020, -43.488990,2026-05-29 05:14:00,NOAA-20,LAGOA DO MATO,MARANHÃO,Brasil,2105922,21,33,14,0.0,0.9,Cerrado,8.2
07ccad25-1729-3fe6-8444-48b84f3247ba, -11.633490, -56.866690,2026-05-29 05:14:00,NOAA-20,PORTO DOS GAÚCHOS,MATO GROSSO,Brasil,5106802,51,33,11,0.1,0.31,Amazônia,2.6
9f8fdedf-c85a-3d3e-a6be-b1906f332318, -10.822970, -46.891910,2026-05-29 05:14:00,NOAA-20,PONTE ALTA DO TOCANTINS,TOCANTINS,Brasil,1717909,17,33,6,0.0,0.76,Cerrado,4.2
c4595ac6-c53c-352c-88df-c7211bf4bc98, -11.584990, -47.440200,2026-05-29 05:14:00,NOAA-20,NATIVIDADE,TOCANTINS,Brasil,1714203,17,33,6,0.0,0.65,Cerrado,2.7
5110ff63-980d-3c94-bedc-0a14e4053d74,  -7.621590, -56.737200,2026-05-29 05:14:00,NOAA-20,ITAITUBA,PARÁ,Brasil,1503606,15,33,11,0.0,0.92,Amazônia,0.9
b9bd2063-3407-345b-9cd1-3bcea2ee7cd8, -11.463530, -52.920170,2026-05-29 05:14:00,NOAA-20,SÃO FÉLIX DO ARAGUAIA,MATO GROSSO,Brasil,5107859,51,33,14,0.0,0.29,Amazônia,1.3
8abe6fad-adbf-396f-a974-bdd90c489fcd, -11.560940, -54.579410,2026-05-29 05:14:00,NOAA-20,UNIÃO DO SUL,MATO GROSSO,Brasil,5108303,51,33,13,0.0,0.29,Amazônia,1.4
8366891e-2506-3964-97c8-7040e415595b,  -9.607030, -58.339790,2026-05-29 05:14:00,NOAA-20,COTRIGUAÇU,MATO GROSSO,Brasil,5103379,51,33,11,0.0,1.0,Amazônia,1.7
bfb5d63c-3f6c-3a2a-8bb7-fc79eddacd07,  -7.340510, -49.863860,2026-05-29 05:14:00,NOAA-20,RIO MARIA,PARÁ,Brasil,1506161,15,33,13,0.0,0.56,Amazônia,1.7
588b45bc-3635-352f-87f5-e1e27215a4ad, -11.297220, -54.031250,2026-05-29 05:14:00,NOAA-20,UNIÃO DO SUL,MATO GROSSO,Brasil,5108303,51,33,23,0.0,0.3,Amazônia,0.8
c98bf726-72e1-30c5-b5df-0c45fd19c27f,  -9.160640, -46.862620,2026-05-29 05:14:00,NOAA-20,LIZARDA,TOCANTINS,Brasil,1712405,17,33,34,0.0,1.0,Cerrado,3.2
fabadcb9-44bb-3a5b-849d-f62addd7add0,  -7.809200, -61.467720,2026-05-29 05:14:00,NOAA-20,MANICORÉ,AMAZONAS,Brasil,1302702,13,33,10,0.0,1.0,Amazônia,0.9
3c721045-5933-31e4-8ec5-5e93705179a5, -11.830090, -49.791640,2026-05-29 05:14:00,NOAA-20,FORMOSO DO ARAGUAIA,TOCANTINS,Brasil,1708205,17,33,6,0.0,0.99,Cerrado,0.5
9d6f573f-f3e0-330a-bd4f-e53ede19f1e6,  -8.681090, -48.302560,2026-05-29 05:14:00,NOAA-20,GUARAÍ,TOCANTINS,Brasil,1709302,17,33,19,0.0,0.58,Cerrado,3.0
7fa03c4f-77e8-3632-bcce-6938a6b03e40, -11.781840, -52.512830,2026-05-29 05:14:00,NOAA-20,QUERÊNCIA,MATO GROSSO,Brasil,5107065,51,33,24,0.0,0.35,Amazônia,0.9
221a7e44-b410-3c60-bf94-da76ef36aa3b,  -8.716160, -47.796870,2026-05-29 05:14:00,NOAA-20,ITACAJÁ,TOCANTINS,Brasil,1710508,17,33,22,0.0,0.76,Cerrado,1.2
99ee45e0-37da-34ad-904a-a247c927bb51, -10.977620, -48.155160,2026-05-29 05:14:00,NOAA-20,MONTE DO CARMO,TOCANTINS,Brasil,1713601,17,33,7,0.0,0.4,Cerrado,1.4
3026ed17-5a57-3121-8d82-1d420f0ec699, -11.631230, -56.858750,2026-05-29 05:14:00,NOAA-20,PORTO DOS GAÚCHOS,MATO GROSSO,Brasil,5106802,51,33,10,0.1,0.31,Amazônia,4.7
481c220d-f77c-3d56-bd2b-14bd8a32699f, -10.134550, -52.400330,2026-05-29 05:14:00,NOAA-20,SANTA CRUZ DO XINGU,MATO GROSSO,Brasil,5107743,51,33,12,0.0,1.0,Amazônia,2.7
59feaa37-8d83-3b89-bb5f-307746bc28fa, -10.033890, -59.346970,2026-05-29 05:14:00,NOAA-20,ARIPUANÃ,MATO GROSSO,Brasil,5101407,51,33,11,0.0,0.26,Amazônia,0.8
df6903be-5e1a-3f3f-a963-3913a6fb6ce3, -10.817990, -56.594980,2026-05-29 05:14:00,NOAA-20,TABAPORÃ,MATO GROSSO,Brasil,5107941,51,33,10,0.0,0.32,Amazônia,1.0
5385b47c-5861-38aa-8f6e-1e03ad0cbf35, -10.720290, -49.032550,2026-05-29 05:14:00,NOAA-20,CRISTALÂNDIA,TOCANTINS,Brasil,1706100,17,33,25,0.0,0.66,Cerrado,1.1
8135b63c-08f4-325b-accc-08868eaa09ca, -12.011470, -45.358040,2026-05-29 05:14:00,NOAA-20,BARREIRAS,BAHIA,Brasil,2903201,29,33,2,0.0,0.82,Cerrado,1.3
414da9e2-24a6-3536-a90b-c2232da7887e,  -7.004800, -44.999600,2026-05-29 05:14:00,NOAA-20,LORETO,MARANHÃO,Brasil,2106102,21,33,24,0.0,0.91,Cerrado,4.7
80b2e8b2-a602-3ab4-8ef7-9cc5f125bccb, -10.130280, -52.400230,2026-05-29 05:14:00,NOAA-20,SANTA CRUZ DO XINGU,MATO GROSSO,Brasil,5107743,51,33,12,0.0,0.99,Amazônia,2.3
56805f57-2639-36ca-a0cd-3252661003e6, -11.790450, -52.514050,2026-05-29 05:14:00,NOAA-20,QUERÊNCIA,MATO GROSSO,Brasil,5107065,51,33,24,0.0,0.35,Amazônia,0.8
dccd421c-17bc-30ce-927c-8c1004d5f2d5, -11.829690, -49.794790,2026-05-29 05:14:00,NOAA-20,FORMOSO DO ARAGUAIA,TOCANTINS,Brasil,1708205,17,33,6,0.0,0.97,Cerrado,0.5
7309b800-f4a1-3d63-8734-526780139cd5, -11.301800, -54.026960,2026-05-29 05:14:00,NOAA-20,UNIÃO DO SUL,MATO GROSSO,Brasil,5108303,51,33,24,0.0,0.35,Amazônia,1.8
fdcbd956-1dfa-3030-b348-5b973ed1b75d, -11.333580, -51.403000,2026-05-29 05:14:00,NOAA-20,SÃO FÉLIX DO ARAGUAIA,MATO GROSSO,Brasil,5107859,51,33,26,0.0,0.89,Cerrado,1.5
134a1c7d-8ff1-3793-a892-1810d219c712, -10.714510, -49.035090,2026-05-29 05:14:00,NOAA-20,CRISTALÂNDIA,TOCANTINS,Brasil,1706100,17,33,26,0.0,0.67,Cerrado,1.3
9394f7fd-23ba-33d3-8cd9-c7c9c740b1f4,  -8.719570, -54.994610,2026-05-29 05:14:00,NOAA-20,ALTAMIRA,PARÁ,Brasil,1500602,15,33,11,0.0,0.59,Amazônia,1.0
f35d4711-9d67-3d7c-b452-16c76d9b6289, -10.822420, -46.896370,2026-05-29 05:14:00,NOAA-20,PONTE ALTA DO TOCANTINS,TOCANTINS,Brasil,1717909,17,33,6,0.0,0.76,Cerrado,6.7
d77ea7ce-374e-3fa9-a93b-2cab4f8b8804, -11.447370, -55.110630,2026-05-29 05:14:00,NOAA-20,CLÁUDIA,MATO GROSSO,Brasil,5103056,51,33,13,0.0,0.38,Amazônia,2.2
baf1ffe9-88b2-3e27-844a-b5cc5a148580, -10.523590, -48.105490,2026-05-29 05:14:00,NOAA-20,MONTE DO CARMO,TOCANTINS,Brasil,1713601,17,33,9,0.0,0.59,Cerrado,1.1
0749902d-241e-3716-8cf3-d8edc83eda77,  -8.097540, -49.386360,2026-05-29 05:14:00,NOAA-20,CONCEIÇÃO DO ARAGUAIA,PARÁ,Brasil,1502707,15,33,17,0.0,0.87,Amazônia,1.6
ea1cde97-f5ae-39d7-bac4-b738f2242939,  -7.354320, -46.215670,2026-05-29 05:14:00,NOAA-20,RIACHÃO,MARANHÃO,Brasil,2109502,21,33,11,0.0,0.98,Cerrado,0.6
f0e0698f-0bac-3da7-88c0-248c84f2104d, -10.033310, -59.350560,2026-05-29 05:14:00,NOAA-20,ARIPUANÃ,MATO GROSSO,Brasil,5101407,51,33,11,0.0,0.26,Amazônia,0.8
e21a29bd-bf16-3533-b5e7-afd63e6aec20,  -5.955130, -43.490130,2026-05-29 05:14:00,NOAA-20,LAGOA DO MATO,MARANHÃO,Brasil,2105922,21,33,14,0.0,0.9,Cerrado,5.6
0e1b23e5-9919-3d7e-93e2-613a63fc3096, -10.814590, -56.594440,2026-05-29 05:14:00,NOAA-20,TABAPORÃ,MATO GROSSO,Brasil,5107941,51,33,10,0.0,0.32,Amazônia,1.2
227081a6-90a9-308b-aa33-480e2f938fc3,  -7.507270, -55.005180,2026-05-29 05:14:00,NOAA-20,ALTAMIRA,PARÁ,Brasil,1500602,15,33,12,0.0,0.12,Amazônia,0.6
c756ee58-dc15-3dd1-ba08-2a003abb6052, -12.296720, -57.404710,2026-05-29 05:16:00,NOAA-20,NOVA MARINGÁ,MATO GROSSO,Brasil,5108907,51,33,11,1.15,0.18,Amazônia,0.6
ecbc0a62-bf35-3a4b-bca9-05f53eb34321, -18.463440, -54.707460,2026-05-29 05:16:00,NOAA-20,COXIM,MATO GROSSO DO SUL,Brasil,5003306,50,33,10,0.0,0.6,Cerrado,5.8
1736ca2e-bb45-361b-b937-5c4dde39be5b, -13.176410, -52.706870,2026-05-29 05:16:00,NOAA-20,CANARANA,MATO GROSSO,Brasil,5102702,51,33,28,0.0,0.51,Amazônia,0.9
2a090c32-5abf-319e-890f-592f447262ee, -11.793510, -57.012170,2026-05-29 05:16:00,NOAA-20,PORTO DOS GAÚCHOS,MATO GROSSO,Brasil,5106802,51,33,12,0.79,0.28,Amazônia,0.8
c220d5b1-5bcf-3840-9339-dccbcc31de7e, -14.173580, -52.860860,2026-05-29 05:16:00,NOAA-20,ÁGUA BOA,MATO GROSSO,Brasil,5100201,51,33,10,1.11,0.83,Cerrado,1.5
0794b440-0050-3f6f-a1f8-5150225a1565, -16.171130, -58.474510,2026-05-29 05:16:00,NOAA-20,CÁCERES,MATO GROSSO,Brasil,5102504,51,33,11,0.0,0.31,Pantanal,3.0
803c3f8e-4b46-342b-a846-ea645823746f, -16.171680, -58.470840,2026-05-29 05:16:00,NOAA-20,CÁCERES,MATO GROSSO,Brasil,5102504,51,33,11,0.0,0.31,Pantanal,3.0
4a57a151-cbcf-3f24-b6bd-89cbd954ae60, -14.815860, -56.449570,2026-05-29 05:16:00,NOAA-20,ROSÁRIO OESTE,MATO GROSSO,Brasil,5107701,51,33,11,0.4,0.99,Cerrado,1.1
a9b78708-78e4-3238-87fb-1eff63be6aa1, -14.010780, -54.000750,2026-05-29 05:16:00,NOAA-20,PARANATINGA,MATO GROSSO,Brasil,5106307,51,33,9,1.54,0.98,Cerrado,0.8
5dd6ac84-d2f2-3b6b-b3e6-e863ada8e96c, -13.640890, -55.753810,2026-05-29 05:16:00,NOAA-20,NOVA MUTUM,MATO GROSSO,Brasil,5106224,51,33,12,0.26,0.47,Cerrado,2.1
ffbd14d2-87d7-3fea-a184-feef03c7b025, -15.428960, -56.321720,2026-05-29 05:16:00,NOAA-20,VÁRZEA GRANDE,MATO GROSSO,Brasil,5108402,51,33,10,0.0,0.8,Cerrado,2.2
1b9a161f-2e04-38d1-bd3f-d3e1629dd907, -11.729410, -56.836060,2026-05-29 05:16:00,NOAA-20,PORTO DOS GAÚCHOS,MATO GROSSO,Brasil,5106802,51,33,11,0.4,0.61,Amazônia,0.7
c3f1f1d8-d6ca-3c6e-8dd5-3a6befbe5ca7, -19.685210, -54.350330,2026-05-29 05:16:00,NOAA-20,BANDEIRANTES,MATO GROSSO DO SUL,Brasil,5001508,50,33,7,0.0,1.0,Cerrado,2.1
5e58e440-47ba-387c-8137-69c8041e8e1a, -13.637270, -55.753260,2026-05-29 05:16:00,NOAA-20,NOVA MUTUM,MATO GROSSO,Brasil,5106224,51,33,12,0.27,0.35,Cerrado,2.1
4c739bea-3d63-3407-bb89-7d6a83b8846a, -12.687590, -54.582150,2026-05-29 05:16:00,NOAA-20,NOVA UBIRATÃ,MATO GROSSO,Brasil,5106240,51,33,13,0.3,0.46,Amazônia,1.1
b6879acd-851c-3f8b-ae33-893bf38b24ab, -13.180740, -52.707520,2026-05-29 05:16:00,NOAA-20,CANARANA,MATO GROSSO,Brasil,5102702,51,33,28,0.0,0.5,Amazônia,1.9
f49923d2-0409-3f78-b70e-4b9e31b85992, -18.462950, -54.711330,2026-05-29 05:16:00,NOAA-20,COXIM,MATO GROSSO DO SUL,Brasil,5003306,50,33,10,0.0,0.61,Cerrado,6.8
d51bcac0-481c-3c77-a4d7-d22e4dac577a, -14.177380, -52.865730,2026-05-29 05:16:00,NOAA-20,ÁGUA BOA,MATO GROSSO,Brasil,5100201,51,33,10,1.1,0.85,Cerrado,1.5
e11740fc-3210-302b-9265-846245acb4e9, -16.177830, -58.475610,2026-05-29 05:16:00,NOAA-20,CÁCERES,MATO GROSSO,Brasil,5102504,51,33,11,0.0,0.42,Pantanal,5.3
efe70911-fe5f-3d8c-b613-e40e2fb8dbd8, -18.459350, -54.706880,2026-05-29 05:16:00,NOAA-20,COXIM,MATO GROSSO DO SUL,Brasil,5003306,50,33,10,0.0,0.8,Cerrado,5.8
975067e4-7c29-37b1-aea2-a20e37e222a0, -13.115410, -51.723340,2026-05-29 05:16:00,NOAA-20,RIBEIRÃO CASCALHEIRA,MATO GROSSO,Brasil,5107180,51,33,10,0.0,0.81,Cerrado,2.5
fc8b1883-f355-3ee2-8589-4f2022bc0046, -11.796900, -57.012710,2026-05-29 05:16:00,NOAA-20,PORTO DOS GAÚCHOS,MATO GROSSO,Brasil,5106802,51,33,12,0.82,0.28,Amazônia,0.8
ae8cb3ad-714f-3e10-9bc4-c7d8fa607e91, -13.641920, -55.752270,2026-05-29 05:16:00,NOAA-20,NOVA MUTUM,MATO GROSSO,Brasil,5106224,51,33,12,0.28,0.42,Cerrado,2.4
dea4efe9-0731-3bb4-9785-4287abbefa75, -19.689470, -54.350890,2026-05-29 05:16:00,NOAA-20,BANDEIRANTES,MATO GROSSO DO SUL,Brasil,5001508,50,33,7,0.0,1.0,Cerrado,2.1
7330c2fa-ba86-3ea0-b7ed-629c564d1999, -12.366110, -54.168060,2026-05-29 05:16:00,NOAA-20,NOVA UBIRATÃ,MATO GROSSO,Brasil,5106240,51,33,14,0.0,0.36,Amazônia,1.6
2f1c9fc4-56bb-3164-bce6-539504acd61d, -18.467540, -54.708050,2026-05-29 05:16:00,NOAA-20,COXIM,MATO GROSSO DO SUL,Brasil,5003306,50,33,10,0.0,0.59,Cerrado,1.3
6a26b713-5977-3c97-a10f-b23c6fdbdc55, -16.174480, -58.475060,2026-05-29 05:16:00,NOAA-20,CÁCERES,MATO GROSSO,Brasil,5102504,51,33,11,0.0,0.31,Pantanal,5.3
75340b2d-6f7a-31c8-8acc-c1f617cff467, -19.684710, -54.354430,2026-05-29 05:16:00,NOAA-20,BANDEIRANTES,MATO GROSSO DO SUL,Brasil,5001508,50,33,7,0.0,1.0,Cerrado,3.8
5738b72c-135f-38b1-8092-2a8956321d4c, -16.218020, -59.660040,2026-05-29 05:16:00,NOAA-20,VILA BELA DA SANTÍSSIMA TRINDADE,MATO GROSSO,Brasil,5105507,51,33,10,0.4,0.99,Amazônia,0.7
990895bb-a2a9-3480-8ee4-684d5d64f52f, -13.185630, -52.703980,2026-05-29 05:16:00,NOAA-20,CANARANA,MATO GROSSO,Brasil,5102702,51,33,28,0.0,0.51,Amazônia,1.9
33cbe28a-6cef-3869-8a4d-63ac9a7633cf, -12.362560, -54.168650,2026-05-29 05:16:00,NOAA-20,NOVA UBIRATÃ,MATO GROSSO,Brasil,5106240,51,33,14,0.0,0.36,Amazônia,1.8
908beea2-6c33-3a0a-8fa4-1d1ed639d058, -16.164010, -58.484680,2026-05-29 05:16:00,NOAA-20,CÁCERES,MATO GROSSO,Brasil,5102504,51,33,10,0.0,0.36,Pantanal,0.8
17af3fc3-6ae5-3c90-8f56-be8a6102b801, -16.173920, -58.478720,2026-05-29 05:16:00,NOAA-20,CÁCERES,MATO GROSSO,Brasil,5102504,51,33,10,0.0,0.31,Pantanal,4.7
61286e8b-b5b0-385a-9c9f-c73708d910d0, -16.175040, -58.471390,2026-05-29 05:16:00,NOAA-20,CÁCERES,MATO GROSSO,Brasil,5102504,51,33,11,0.0,0.31,Pantanal,5.3
91e8f09f-df35-3c1e-a296-8994a81539f2, -16.165700, -58.473680,2026-05-29 05:16:00,NOAA-20,CÁCERES,MATO GROSSO,Brasil,5102504,51,33,11,0.0,0.31,Pantanal,1.0
0a3aa71a-e801-301e-b586-f729bc03c3e1, -12.804640, -54.872250,2026-05-29 05:16:00,NOAA-20,NOVA UBIRATÃ,MATO GROSSO,Brasil,5106240,51,33,11,0.9,0.44,Amazônia,0.9
4f67fc27-76bd-38c3-90b0-56f0f0403de3, -11.796330, -57.016370,2026-05-29 05:16:00,NOAA-20,PORTO DOS GAÚCHOS,MATO GROSSO,Brasil,5106802,51,33,12,0.82,0.28,Amazônia,0.8
08d9ff9c-14ea-30fc-84ac-b9ab94b1de63, -13.116840, -51.721550,2026-05-29 05:16:00,NOAA-20,RIBEIRÃO CASCALHEIRA,MATO GROSSO,Brasil,5107180,51,33,10,0.0,0.8,Cerrado,1.6
df9d02cd-a604-3183-808c-9e7c0f3b2cc4, -12.362210, -54.167500,2026-05-29 05:16:00,NOAA-20,NOVA UBIRATÃ,MATO GROSSO,Brasil,5106240,51,33,14,0.0,0.36,Amazônia,1.6
259826fe-f717-3ced-98f1-ae6d8f3d398b, -12.300080, -57.405240,2026-05-29 05:16:00,NOAA-20,NOVA MARINGÁ,MATO GROSSO,Brasil,5108907,51,33,11,1.15,0.18,Amazônia,0.6
d273d220-1a07-365e-87d7-45c8691cf017, -12.804210, -54.870170,2026-05-29 05:16:00,NOAA-20,NOVA UBIRATÃ,MATO GROSSO,Brasil,5106240,51,33,11,0.89,0.29,Cerrado,1.3
169a17bd-3575-3a6e-a74c-d41a55f29e88, -14.177930, -52.861500,2026-05-29 05:16:00,NOAA-20,ÁGUA BOA,MATO GROSSO,Brasil,5100201,51,33,10,1.1,0.84,Cerrado,1.5
770ea185-41c5-3e41-93b0-d90f50c758bf, -16.167780, -58.473960,2026-05-29 05:16:00,NOAA-20,CÁCERES,MATO GROSSO,Brasil,5102504,51,33,11,0.0,0.31,Pantanal,3.0
92c28167-3662-39c9-a19e-e50c4fd0c4e0, -18.116830, -54.513960,2026-05-29 05:16:00,NOAA-20,PEDRO GOMES,MATO GROSSO DO SUL,Brasil,5006408,50,33,6,0.0,0.73,Cerrado,1.0
5dc42007-701a-3348-9576-f422af96e47f, -13.185070, -52.708130,2026-05-29 05:16:00,NOAA-20,CANARANA,MATO GROSSO,Brasil,5102702,51,33,28,0.0,0.5,Amazônia,1.9
5e902de0-7bbd-3787-ae5a-f47c94758090, -16.168330, -58.470300,2026-05-29 05:16:00,NOAA-20,CÁCERES,MATO GROSSO,Brasil,5102504,51,33,11,0.0,0.31,Pantanal,3.0
a60af8f8-e9cc-344f-9a1d-db4842cb89b8, -16.166110, -58.484960,2026-05-29 05:16:00,NOAA-20,CÁCERES,MATO GROSSO,Brasil,5102504,51,33,10,0.0,0.35,Pantanal,1.1
e37c8d96-6f02-3fbf-a1ad-e9810cfcb2b8, -12.303440, -57.405770,2026-05-29 05:16:00,NOAA-20,NOVA MARINGÁ,MATO GROSSO,Brasil,5108907,51,33,11,1.14,0.18,Amazônia,0.7
2ebcebea-4131-3f94-9a87-90ed9ef39caf, -14.812910, -56.444910,2026-05-29 05:16:00,NOAA-20,ROSÁRIO OESTE,MATO GROSSO,Brasil,5107701,51,33,11,0.46,0.66,Cerrado,1.1
be0a7feb-4bc2-3cfb-b5c2-9046a3d45187, -12.800890, -54.871680,2026-05-29 05:16:00,NOAA-20,NOVA UBIRATÃ,MATO GROSSO,Brasil,5106240,51,33,11,0.86,0.35,Amazônia,0.9
d5b07305-f317-33c9-befa-20ea910b3b29, -12.363250, -54.163640,2026-05-29 05:16:00,NOAA-20,NOVA UBIRATÃ,MATO GROSSO,Brasil,5106240,51,33,14,0.0,0.36,Amazônia,1.8
04501a33-3ebc-36ec-b4c5-b885bf968a5d, -13.644510, -55.754360,2026-05-29 05:16:00,NOAA-20,NOVA MUTUM,MATO GROSSO,Brasil,5106224,51,33,12,0.25,0.6,Cerrado,0.8
ab1a30ed-4052-330f-96f2-50f46c3a57a2, -16.172240, -58.467180,2026-05-29 05:16:00,NOAA-20,CÁCERES,MATO GROSSO,Brasil,5102504,51,33,11,0.0,0.44,Pantanal,0.9
ff9dea02-4739-38a1-a894-0cf7145c4cca, -21.398250, -48.709660,2026-05-29 05:18:00,NOAA-20,TAQUARITINGA,SÃO PAULO,Brasil,3553708,35,33,7,0.0,1.0,Cerrado,0.9
436873f3-283c-3a1c-962a-376744015028, -21.397800, -48.714760,2026-05-29 05:18:00,NOAA-20,FERNANDO PRESTES,SÃO PAULO,Brasil,3515608,35,33,7,0.0,1.0,Cerrado,0.9
91963291-b9e0-361c-875a-39243c585944, -21.396520, -48.709240,2026-05-29 05:18:00,NOAA-20,TAQUARITINGA,SÃO PAULO,Brasil,3553708,35,33,7,0.0,1.0,Cerrado,1.3
817d05ea-4dde-3832-9c70-16688600cfb2, -21.396110, -48.714340,2026-05-29 05:18:00,NOAA-20,FERNANDO PRESTES,SÃO PAULO,Brasil,3515608,35,33,7,0.0,1.0,Cerrado,1.0
321e96e1-104f-3db2-80ed-61c9ebed7e8d, -11.591000, -47.449600,2026-05-29 05:20:00,GOES-19,NATIVIDADE,TOCANTINS,Brasil,1714203,17,33,6,0.0,0.65,Cerrado,79.0
b7fb36e7-ae10-3c11-8147-cdd7301aba10, -11.591000, -47.449600,2026-05-29 05:30:00,GOES-19,NATIVIDADE,TOCANTINS,Brasil,1714203,17,33,6,0.0,0.65,Cerrado,80.8
e4387d94-681e-300e-9b4a-9b1163e6f3d0, -11.591000, -47.449600,2026-05-29 05:40:00,GOES-19,NATIVIDADE,TOCANTINS,Brasil,1714203,17,33,6,0.0,0.65,Cerrado,66.0
62171e22-c0d6-3fef-b3ab-a65e20de1d35, -11.591000, -47.449600,2026-05-29 05:50:00,GOES-19,NATIVIDADE,TOCANTINS,Brasil,1714203,17,33,6,0.0,0.65,Cerrado,69.2
e4d4a5c1-97c3-3a09-bfc0-67fee7a91b44, -11.591000, -47.449600,2026-05-29 06:00:00,GOES-19,NATIVIDADE,TOCANTINS,Brasil,1714203,17,33,6,0.0,0.65,Cerrado,69.8
9da6dd4f-9b4f-3e5b-9318-4617f3154e79, -11.591000, -47.449600,2026-05-29 06:10:00,GOES-19,NATIVIDADE,TOCANTINS,Brasil,1714203,17,33,6,0.0,0.65,Cerrado,75.1
cb7b0349-271e-3401-8821-89aded20110b,  -5.324400, -44.689360,2026-05-29 06:12:00,AQUA_M-M,TUNTUM,MARANHÃO,Brasil,2112308,21,33,10,0.0,0.52,Cerrado,28.3
9e32f20f-592f-3a95-9c80-03981ca1981f,  -6.988640, -42.875760,2026-05-29 06:12:00,AQUA_M-M,FLORIANO,PIAUÍ,Brasil,2203909,22,33,26,0.0,0.99,Caatinga,23.1
168a4c09-18b5-3b54-a4af-581cb92fb627,  -6.996070, -42.885830,2026-05-29 06:12:00,AQUA_M-M,FLORIANO,PIAUÍ,Brasil,2203909,22,33,26,0.0,0.99,Caatinga,4.0
a4f13460-4d71-3d81-bb34-cea5637ac0f1,  -5.943910, -43.486570,2026-05-29 06:12:00,AQUA_M-M,LAGOA DO MATO,MARANHÃO,Brasil,2105922,21,33,14,0.0,0.9,Cerrado,9.4
d7df9a6c-f60c-3438-b21e-e6482aa11d39,  -6.086420, -44.001040,2026-05-29 06:12:00,AQUA_M-M,COLINAS,MARANHÃO,Brasil,2103505,21,33,10,0.0,0.7,Cerrado,9.5
50a9f8fb-e0cc-36ac-b2cc-6ac6ad434d9a,  -5.952760, -43.487870,2026-05-29 06:12:00,AQUA_M-M,LAGOA DO MATO,MARANHÃO,Brasil,2105922,21,33,14,0.0,0.9,Cerrado,7.0
b36c71f5-5a87-3191-bdc7-420b3ebc5d32,  -6.987310, -42.884520,2026-05-29 06:12:00,AQUA_M-M,FLORIANO,PIAUÍ,Brasil,2203909,22,33,26,0.0,0.99,Caatinga,8.9
2efcfb4c-d88c-3f8c-8e42-c65a98cf7ffb,  -7.003610, -45.003880,2026-05-29 06:12:00,AQUA_M-M,LORETO,MARANHÃO,Brasil,2106102,21,33,24,0.0,0.91,Cerrado,9.7
a0feaae3-17d8-382c-bae9-5c13540b423e,  -6.394170, -44.166500,2026-05-29 06:12:00,AQUA_M-M,SUCUPIRA DO NORTE,MARANHÃO,Brasil,2111904,21,33,16,0.0,0.8,Cerrado,20.6
6b977773-e970-3671-aaa0-46ce398e134a,  -8.679550, -48.303940,2026-05-29 06:14:00,AQUA_M-M,GUARAÍ,TOCANTINS,Brasil,1709302,17,33,18,0.0,0.57,Cerrado,10.3
b19a10af-95f3-3a61-b66b-6bc1b9982a7d, -11.600110, -47.429340,2026-05-29 06:14:00,AQUA_M-M,ALMAS,TOCANTINS,Brasil,1700400,17,33,6,0.0,0.67,Cerrado,8.1
4de7180b-2ec4-3fd6-ba3a-10dbe53100f9, -11.588020, -47.439680,2026-05-29 06:14:00,AQUA_M-M,NATIVIDADE,TOCANTINS,Brasil,1714203,17,33,6,0.0,0.55,Cerrado,49.8
437590ab-a7e7-3b6e-b3e5-7423b8168376, -11.590640, -47.433330,2026-05-29 06:14:00,AQUA_M-M,ALMAS,TOCANTINS,Brasil,1700400,17,33,6,0.0,0.58,Cerrado,40.1
48ba3003-9f87-3e71-a9be-0900174455a9, -11.588720, -47.445310,2026-05-29 06:14:00,AQUA_M-M,NATIVIDADE,TOCANTINS,Brasil,1714203,17,33,6,0.0,0.59,Cerrado,69.4
3f76694d-5d71-3914-a2ad-1646abd68994, -11.586030, -47.451600,2026-05-29 06:14:00,AQUA_M-M,NATIVIDADE,TOCANTINS,Brasil,1714203,17,33,6,0.0,0.65,Cerrado,13.5
aa53b3a1-231b-3955-9cb7-81e93efb093c, -10.977720, -45.095230,2026-05-29 06:14:00,AQUA_M-M,FORMOSA DO RIO PRETO,BAHIA,Brasil,2911105,29,33,34,0.0,1.0,Cerrado,7.0
ff3cfef3-8394-337d-9cd7-8981de6e44b2, -11.598110, -47.441380,2026-05-29 06:14:00,AQUA_M-M,NATIVIDADE,TOCANTINS,Brasil,1714203,17,33,6,0.0,0.36,Cerrado,48.6
a3b6d188-c8fb-330e-b06a-60a6a051466b, -11.591000, -47.449600,2026-05-29 06:20:00,GOES-19,NATIVIDADE,TOCANTINS,Brasil,1714203,17,33,6,0.0,0.65,Cerrado,68.8
0cfa8b76-2bca-332c-a153-1912a736f6b0, -11.591000, -47.449600,2026-05-29 06:30:00,GOES-19,NATIVIDADE,TOCANTINS,Brasil,1714203,17,33,6,0.0,0.65,Cerrado,71.7
36a353c9-3680-3206-a159-8714d1180dfb, -11.591000, -47.449600,2026-05-29 06:40:00,GOES-19,NATIVIDADE,TOCANTINS,Brasil,1714203,17,33,6,0.0,0.65,Cerrado,79.9
de0545fc-5a7e-3a09-ac2f-ba2ba9c53208, -11.591000, -47.449600,2026-05-29 06:50:00,GOES-19,NATIVIDADE,TOCANTINS,Brasil,1714203,17,33,6,0.0,0.65,Cerrado,64.4
2a5e81b7-2367-3381-aa72-ef27d4187665, -11.591000, -47.449600,2026-05-29 07:00:00,GOES-19,NATIVIDADE,TOCANTINS,Brasil,1714203,17,33,6,0.0,0.65,Cerrado,63.3
9f8c955c-3715-3794-9e17-104811b64d17, -11.591000, -47.449600,2026-05-29 07:10:00,GOES-19,NATIVIDADE,TOCANTINS,Brasil,1714203,17,33,6,0.0,0.65,Cerrado,64.5
db7331f1-7a5f-3ed7-b974-711dd6397eac, -11.591000, -47.449600,2026-05-29 07:20:00,GOES-19,NATIVIDADE,TOCANTINS,Brasil,1714203,17,33,6,0.0,0.65,Cerrado,59.8
6ea987a9-2543-399f-98b1-bd254d3a47cf, -11.591000, -47.449600,2026-05-29 07:30:00,GOES-19,NATIVIDADE,TOCANTINS,Brasil,1714203,17,33,6,0.0,0.65,Cerrado,67.3
089e7b27-a013-3be5-9040-9105605383a3, -11.591000, -47.449600,2026-05-29 08:10:00,GOES-19,NATIVIDADE,TOCANTINS,Brasil,1714203,17,33,6,0.0,0.65,Cerrado,61.2
45d9af4d-0a61-3aeb-9b01-e6204e3f36e8, -11.591000, -47.449600,2026-05-29 08:20:00,GOES-19,NATIVIDADE,TOCANTINS,Brasil,1714203,17,33,6,0.0,0.65,Cerrado,55.3
ff8ee95a-dd6f-327b-9eea-fc0d6533a598, -11.591000, -47.449600,2026-05-29 08:30:00,GOES-19,NATIVIDADE,TOCANTINS,Brasil,1714203,17,33,6,0.0,0.65,Cerrado,54.3
23eef058-c966-358d-9677-1faf67601a90, -11.591000, -47.449600,2026-05-29 08:40:00,GOES-19,NATIVIDADE,TOCANTINS,Brasil,1714203,17,33,6,0.0,0.65,Cerrado,62.9
4a4e0f80-64c8-3f6c-b313-c3a2b2d50291, -10.819200, -46.900900,2026-05-29 10:40:00,GOES-19,PONTE ALTA DO TOCANTINS,TOCANTINS,Brasil,1717909,17,33,6,0.0,0.78,Cerrado,179.7
5da1f318-d80a-3d34-9510-e62864d3335d, -10.838200, -46.898500,2026-05-29 10:50:00,GOES-19,PONTE ALTA DO TOCANTINS,TOCANTINS,Brasil,1717909,17,33,6,0.0,0.76,Cerrado,210.0
a7f70a14-3964-3beb-ad5e-0b4b07f571ac, -10.819200, -46.900900,2026-05-29 10:50:00,GOES-19,PONTE ALTA DO TOCANTINS,TOCANTINS,Brasil,1717909,17,33,6,0.0,0.78,Cerrado,219.3
9a35d232-da06-35fa-9626-5e0da9683d40,  -8.834800, -46.724700,2026-05-29 10:50:00,GOES-19,BALSAS,MARANHÃO,Brasil,2101400,21,33,37,0.0,1.0,Cerrado,92.8
6e283dee-0b3d-324a-ac38-6069ca71ed9b, -10.838200, -46.898500,2026-05-29 11:00:00,GOES-19,PONTE ALTA DO TOCANTINS,TOCANTINS,Brasil,1717909,17,33,6,0.0,0.76,Cerrado,98.2
ca33a1e7-c7d7-30f4-9e65-5bce772b43b2, -10.819200, -46.900900,2026-05-29 11:00:00,GOES-19,PONTE ALTA DO TOCANTINS,TOCANTINS,Brasil,1717909,17,33,6,0.0,0.78,Cerrado,218.2
de13bf71-e8e2-3d82-98fd-44628df13bc0, -10.838200, -46.898500,2026-05-29 11:10:00,GOES-19,PONTE ALTA DO TOCANTINS,TOCANTINS,Brasil,1717909,17,33,6,0.0,0.76,Cerrado,90.2
fb6e051f-ae90-3a06-8996-5c8385bc9c85, -10.819200, -46.900900,2026-05-29 11:10:00,GOES-19,PONTE ALTA DO TOCANTINS,TOCANTINS,Brasil,1717909,17,33,6,0.0,0.78,Cerrado,134.1
5b818ffa-dc78-37a1-8ef4-d33d24cf9b53,  -8.834800, -46.724700,2026-05-29 11:10:00,GOES-19,BALSAS,MARANHÃO,Brasil,2101400,21,33,37,0.0,1.0,Cerrado,88.0
d6674fd8-0ea4-3004-8283-6ba9120be917, -10.838200, -46.898500,2026-05-29 11:20:00,GOES-19,PONTE ALTA DO TOCANTINS,TOCANTINS,Brasil,1717909,17,33,6,0.0,0.76,Cerrado,128.3
7d3a8281-9ede-3e20-84b0-4209ef2f4c93, -10.819200, -46.900900,2026-05-29 11:20:00,GOES-19,PONTE ALTA DO TOCANTINS,TOCANTINS,Brasil,1717909,17,33,6,0.0,0.78,Cerrado,152.8
46233052-b033-37e5-a222-d103a058d8f8,  -8.834800, -46.724700,2026-05-29 11:20:00,GOES-19,BALSAS,MARANHÃO,Brasil,2101400,21,33,37,0.0,1.0,Cerrado,89.3
66d04aa4-bd72-3493-a7d8-75e3f409197f, -10.819200, -46.900900,2026-05-29 11:30:00,GOES-19,PONTE ALTA DO TOCANTINS,TOCANTINS,Brasil,1717909,17,33,6,0.0,0.78,Cerrado,176.6
b56b3431-96c8-31ca-8fa6-7700f0bcdb48, -10.838200, -46.898500,2026-05-29 11:30:00,GOES-19,PONTE ALTA DO TOCANTINS,TOCANTINS,Brasil,1717909,17,33,6,0.0,0.76,Cerrado,112.7
154cfa10-4a69-3d8c-bd02-f21224412c0c, -10.818800, -46.923300,2026-05-29 11:30:00,GOES-19,PONTE ALTA DO TOCANTINS,TOCANTINS,Brasil,1717909,17,33,6,0.0,0.97,Cerrado,99.7
3014a36b-6f04-368f-ad5e-81c81879f10d,  -8.834800, -46.724700,2026-05-29 11:30:00,GOES-19,BALSAS,MARANHÃO,Brasil,2101400,21,33,37,0.0,1.0,Cerrado,96.4
5a91c066-0bfe-3d0e-b8c0-20293b6ffb59,  -6.099450, -44.743410,2026-05-29 11:34:00,TERRA_M-M,MIRADOR,MARANHÃO,Brasil,2106706,21,33,12,0.0,0.66,Cerrado,14.6
0339d79c-633f-3986-afad-c3632b3f198e,  -6.992720, -42.885560,2026-05-29 11:34:00,TERRA_M-M,FLORIANO,PIAUÍ,Brasil,2203909,22,33,26,0.0,0.99,Caatinga,21.0
998bdbb9-7feb-3ab1-81b9-d105d48922fe,  -8.839410, -46.724170,2026-05-29 11:34:00,TERRA_M-M,BALSAS,MARANHÃO,Brasil,2101400,21,33,37,0.0,0.84,Cerrado,165.1
50993396-7ec6-3aa9-a106-29793a8f48e6,  -6.110910, -44.733770,2026-05-29 11:34:00,TERRA_M-M,MIRADOR,MARANHÃO,Brasil,2106706,21,33,11,0.0,0.67,Cerrado,16.4
c986e978-895d-3461-aa9e-710faa40c8d6,  -6.101120, -44.732360,2026-05-29 11:34:00,TERRA_M-M,MIRADOR,MARANHÃO,Brasil,2106706,21,33,11,0.0,0.67,Cerrado,30.1
56d8cda7-9ce2-3042-9160-0f7300309e1a,  -5.057150, -42.619400,2026-05-29 11:34:00,TERRA_M-M,TERESINA,PIAUÍ,Brasil,2211001,22,33,6,1.7,0.16,Cerrado,4.5
3479a016-0581-3ffc-aabc-dffa5df5ae49,  -6.941140, -42.740560,2026-05-29 11:34:00,TERRA_M-M,NAZARÉ DO PIAUÍ,PIAUÍ,Brasil,2206704,22,33,20,0.0,0.99,Caatinga,9.5
068f50b1-dd90-3b19-a9f1-024f149bb370,  -8.836850, -46.717110,2026-05-29 11:34:00,TERRA_M-M,BALSAS,MARANHÃO,Brasil,2101400,21,33,37,0.0,0.93,Cerrado,96.5
b9e0ea05-3e59-30ac-b775-0ea87bf830f3,  -5.018690, -41.668070,2026-05-29 11:34:00,TERRA_M-M,JUAZEIRO DO PIAUÍ,PIAUÍ,Brasil,2205516,22,33,7,0.6,0.54,Caatinga,4.8
feaefd13-2611-3c37-9f81-2cc04d08df34,  -5.333500, -42.686120,2026-05-29 11:34:00,TERRA_M-M,DEMERVAL LOBÃO,PIAUÍ,Brasil,2203305,22,33,5,0.02,0.36,Caatinga,8.7
acbf8436-fcf9-3f69-b41b-a8337a3c4270,  -6.996990, -43.870150,2026-05-29 11:34:00,TERRA_M-M,MARCOS PARENTE,PIAUÍ,Brasil,2206001,22,33,25,0.0,0.89,Cerrado,5.7
14efa22c-4d19-3d02-84e6-4a820ea45d46,  -9.789050, -38.126600,2026-05-29 11:34:00,TERRA_M-M,SANTA BRÍGIDA,BAHIA,Brasil,2927606,29,33,20,0.0,1.0,Caatinga,14.3
8c0c8ee7-b50d-3676-979f-a76de46ff346,  -9.109600, -38.213360,2026-05-29 11:34:00,TERRA_M-M,JATOBÁ,PERNAMBUCO,Brasil,2608057,26,33,17,0.0,1.0,Caatinga,9.7
5680c4ce-b192-3e01-ab47-552fb3986c15,  -8.691560, -48.303870,2026-05-29 11:34:00,TERRA_M-M,GUARAÍ,TOCANTINS,Brasil,1709302,17,33,18,0.0,0.6,Cerrado,15.2
e6f93ff3-22b1-3e89-90b2-bdf555b19f6b,  -5.327540, -44.688870,2026-05-29 11:34:00,TERRA_M-M,TUNTUM,MARANHÃO,Brasil,2112308,21,33,10,0.0,0.52,Cerrado,5.6
5f10d13e-28e5-30ec-b294-b7d36f903f50,  -6.994020, -42.876550,2026-05-29 11:34:00,TERRA_M-M,FLORIANO,PIAUÍ,Brasil,2203909,22,33,26,0.0,0.99,Caatinga,53.4
0782a8cc-0732-3eaf-ae64-4fc67881cc55,  -8.834790, -46.730840,2026-05-29 11:34:00,TERRA_M-M,BALSAS,MARANHÃO,Brasil,2101400,21,33,37,0.0,1.0,Cerrado,40.6
e9706188-75cf-330b-9588-665a5736cdaa,  -8.841570, -46.710480,2026-05-29 11:34:00,TERRA_M-M,BALSAS,MARANHÃO,Brasil,2101400,21,33,37,0.0,0.83,Cerrado,38.9
72fc81b8-861c-3bff-9eff-2e7767484af9,  -8.829530, -38.930880,2026-05-29 11:34:00,TERRA_M-M,RODELAS,BAHIA,Brasil,2927101,29,33,20,0.0,1.0,Caatinga,11.1
0323499c-9d16-32c3-afe4-c8bd6fcd1af3,  -5.334810, -42.677060,2026-05-29 11:34:00,TERRA_M-M,DEMERVAL LOBÃO,PIAUÍ,Brasil,2203305,22,33,5,0.0,0.41,Caatinga,5.9
eb23efae-97a9-3128-b011-3d78b06278a4,  -6.942440, -42.731590,2026-05-29 11:34:00,TERRA_M-M,NAZARÉ DO PIAUÍ,PIAUÍ,Brasil,2206704,22,33,20,0.0,0.99,Caatinga,4.3
a382b171-5210-3e4a-8c80-1be1a6558175,  -9.111350, -38.200190,2026-05-29 11:34:00,TERRA_M-M,TACARATU,PERNAMBUCO,Brasil,2614808,26,33,17,0.0,1.0,Caatinga,10.7
f073c095-c180-33d7-9edb-d3732e5cfd2e,  -6.998420, -43.860440,2026-05-29 11:34:00,TERRA_M-M,MARCOS PARENTE,PIAUÍ,Brasil,2206001,22,33,25,0.0,0.9,Cerrado,5.9
267d012f-21f0-33a4-b825-72a5a153ebca,  -9.832100, -37.237200,2026-05-29 11:34:00,TERRA_M-M,BELO MONTE,ALAGOAS,Brasil,2700904,27,33,3,0.0,1.0,Caatinga,15.4
bb059b13-a285-340f-a1b1-13d1f1cd72bd,  -6.109230, -44.744900,2026-05-29 11:34:00,TERRA_M-M,MIRADOR,MARANHÃO,Brasil,2106706,21,33,11,0.0,0.67,Cerrado,7.8
506be932-2877-33ea-8311-7e34312cdada, -11.597920, -47.440060,2026-05-29 11:36:00,TERRA_M-M,NATIVIDADE,TOCANTINS,Brasil,1714203,17,33,6,0.0,0.31,Cerrado,57.6
39b54bde-0c14-3e54-86b2-2144725aec61, -12.442650, -44.743060,2026-05-29 11:36:00,TERRA_M-M,SÃO DESIDÉRIO,BAHIA,Brasil,2928901,29,33,5,0.0,0.86,Cerrado,6.6
cacacd9b-9417-3c6e-b4e3-558288761fc3, -12.423200, -47.897460,2026-05-29 11:36:00,TERRA_M-M,PARANÃ,TOCANTINS,Brasil,1716208,17,33,6,0.0,0.97,Cerrado,10.9
79df0adb-a5b5-368e-a6e3-b63a63c9e49b, -10.827520, -46.924610,2026-05-29 11:36:00,TERRA_M-M,PONTE ALTA DO TOCANTINS,TOCANTINS,Brasil,1717909,17,33,6,0.0,0.91,Cerrado,7.4
e313f60b-c3e3-3571-a844-f5d76f313871, -10.986760, -45.096730,2026-05-29 11:36:00,TERRA_M-M,FORMOSA DO RIO PRETO,BAHIA,Brasil,2911105,29,33,33,0.0,1.0,Cerrado,13.4
be691ff2-c6a4-362d-866a-a0c8a03f8cb7, -10.823350, -46.917200,2026-05-29 11:36:00,TERRA_M-M,PONTE ALTA DO TOCANTINS,TOCANTINS,Brasil,1717909,17,33,6,0.0,0.98,Cerrado,166.8
eab2be87-f41d-323d-a2e1-0a2139342009, -10.825410, -46.903800,2026-05-29 11:36:00,TERRA_M-M,PONTE ALTA DO TOCANTINS,TOCANTINS,Brasil,1717909,17,33,6,0.0,0.85,Cerrado,277.8
e54d2cd5-3d3a-30ce-9518-24e799194d53, -10.816860, -46.888810,2026-05-29 11:36:00,TERRA_M-M,PONTE ALTA DO TOCANTINS,TOCANTINS,Brasil,1717909,17,33,6,0.0,0.77,Cerrado,15.3
e552af7d-cbb4-3648-86c7-4861873f092a, -10.814830, -46.902020,2026-05-29 11:36:00,TERRA_M-M,PONTE ALTA DO TOCANTINS,TOCANTINS,Brasil,1717909,17,33,6,0.0,0.77,Cerrado,42.3
831c93e7-4eb7-38e5-868b-8575b7894c20, -12.006940, -45.358350,2026-05-29 11:36:00,TERRA_M-M,BARREIRAS,BAHIA,Brasil,2903201,29,33,2,0.0,0.83,Cerrado,8.1
967a2492-16c4-322d-bcee-ec942cca479a, -10.827480, -46.890240,2026-05-29 11:36:00,TERRA_M-M,PONTE ALTA DO TOCANTINS,TOCANTINS,Brasil,1717909,17,33,6,0.0,0.76,Cerrado,37.2
be293f27-6308-3155-b43c-4d4bf895aa9b, -12.615600, -44.509320,2026-05-29 11:36:00,TERRA_M-M,BAIANÓPOLIS,BAHIA,Brasil,2902500,29,33,6,0.0,0.76,Cerrado,4.0
3cdfd22a-6f82-3ef5-8392-c9ba1b1e1764, -11.595710, -47.453850,2026-05-29 11:36:00,TERRA_M-M,NATIVIDADE,TOCANTINS,Brasil,1714203,17,33,6,0.0,0.66,Cerrado,15.8
708ca379-8029-37b3-bb47-8ef5f6641902, -11.168280, -46.794550,2026-05-29 11:36:00,TERRA_M-M,ALMAS,TOCANTINS,Brasil,1700400,17,33,0,0.0,1.0,Cerrado,7.9
840c885a-7366-3a9d-be85-de1a4166acd8, -11.587040, -47.438300,2026-05-29 11:36:00,TERRA_M-M,NATIVIDADE,TOCANTINS,Brasil,1714203,17,33,6,0.0,0.59,Cerrado,11.9
c6b43e1e-fae7-33bf-ad84-5b42fac075d5, -13.353520, -44.327690,2026-05-29 11:36:00,TERRA_M-M,SANTA MARIA DA VITÓRIA,BAHIA,Brasil,2928109,29,33,6,0.0,1.0,Cerrado,6.4
4b91f09d-3b58-3c98-b081-bc6cba4b8f68, -10.829660, -46.911270,2026-05-29 11:36:00,TERRA_M-M,PONTE ALTA DO TOCANTINS,TOCANTINS,Brasil,1717909,17,33,6,0.0,0.99,Cerrado,129.6
bca34d18-226c-30c4-8744-10823c3cecd1, -10.831830, -46.897690,2026-05-29 11:36:00,TERRA_M-M,PONTE ALTA DO TOCANTINS,TOCANTINS,Brasil,1717909,17,33,6,0.0,0.76,Cerrado,43.4
144a62ca-458e-3202-ac1b-fcaa54441670, -10.643470, -49.730370,2026-05-29 11:36:00,TERRA_M-M,LAGOA DA CONFUSÃO,TOCANTINS,Brasil,1711902,17,33,27,0.0,1.0,Cerrado,38.4
712370fa-1556-3a64-8535-e214095009af, -11.619820, -45.183820,2026-05-29 11:36:00,TERRA_M-M,RIACHÃO DAS NEVES,BAHIA,Brasil,2926202,29,33,5,0.0,1.0,Cerrado,5.6
32b7eff2-1b32-3c6e-a0e3-bf8093fa544e, -11.147220, -45.802690,2026-05-29 11:36:00,TERRA_M-M,FORMOSA DO RIO PRETO,BAHIA,Brasil,2911105,29,33,5,0.0,0.54,Cerrado,8.9
f1472d35-fba3-3a62-82c7-2b409a1ef00c, -11.471520, -46.693480,2026-05-29 11:36:00,TERRA_M-M,DIANÓPOLIS,TOCANTINS,Brasil,1707009,17,33,3,0.0,0.81,Cerrado,18.2
143de03b-cd4f-32dc-a93e-994a33887e8f, -12.441230, -44.752670,2026-05-29 11:36:00,TERRA_M-M,SÃO DESIDÉRIO,BAHIA,Brasil,2928901,29,33,5,0.0,0.71,Cerrado,9.6
fe7d8f6c-1ff3-3ec5-8a53-d5725e696a62, -21.807730, -49.129250,2026-05-29 11:38:00,TERRA_M-M,IACANGA,SÃO PAULO,Brasil,3519105,35,33,5,0.0,0.39,Mata Atlântica,9.2
442d3c3c-7c79-313a-b412-0ec187cb790c, -10.838200, -46.898500,2026-05-29 11:40:00,GOES-19,PONTE ALTA DO TOCANTINS,TOCANTINS,Brasil,1717909,17,33,6,0.0,0.76,Cerrado,186.8
ef03ea60-9f3e-32d9-9e9d-879151dcc273, -10.819200, -46.900900,2026-05-29 11:40:00,GOES-19,PONTE ALTA DO TOCANTINS,TOCANTINS,Brasil,1717909,17,33,6,0.0,0.78,Cerrado,375.3
de52d28a-62f4-369b-91c3-df239acf5981, -10.837900, -46.921000,2026-05-29 11:40:00,GOES-19,PONTE ALTA DO TOCANTINS,TOCANTINS,Brasil,1717909,17,33,6,0.0,0.99,Cerrado,109.3
5d576fa6-9105-37e3-8095-10a3e5fb6221, -10.818800, -46.923300,2026-05-29 11:40:00,GOES-19,PONTE ALTA DO TOCANTINS,TOCANTINS,Brasil,1717909,17,33,6,0.0,0.97,Cerrado,252.2
8da88010-6e0c-3ec6-91e5-f2da9b72abd9,  -8.834800, -46.724700,2026-05-29 11:40:00,GOES-19,BALSAS,MARANHÃO,Brasil,2101400,21,33,37,0.0,1.0,Cerrado,79.2
30186089-6fbe-3783-99bc-33543d681d43, -10.838200, -46.898500,2026-05-29 11:50:00,GOES-19,PONTE ALTA DO TOCANTINS,TOCANTINS,Brasil,1717909,17,33,6,0.0,0.76,Cerrado,156.8
1a3774a6-b11f-3603-8d14-3103a937eb5d, -10.819200, -46.900900,2026-05-29 11:50:00,GOES-19,PONTE ALTA DO TOCANTINS,TOCANTINS,Brasil,1717909,17,33,6,0.0,0.78,Cerrado,230.3
dcd9122f-943e-3740-98a7-b5c02ef99e04, -10.818800, -46.923300,2026-05-29 11:50:00,GOES-19,PONTE ALTA DO TOCANTINS,TOCANTINS,Brasil,1717909,17,33,6,0.0,0.97,Cerrado,275.8
298f53f8-a697-399c-8c1b-0e821844c00e, -10.837900, -46.921000,2026-05-29 11:50:00,GOES-19,PONTE ALTA DO TOCANTINS,TOCANTINS,Brasil,1717909,17,33,6,0.0,0.99,Cerrado,153.2
22e7735f-d51f-3cc5-bb1d-5f4b29442225, -10.838200, -46.898500,2026-05-29 12:00:00,GOES-19,PONTE ALTA DO TOCANTINS,TOCANTINS,Brasil,1717909,17,33,6,0.0,0.76,Cerrado,142.4
3e872d2a-d556-32d0-95dd-7b20fd6b788c, -10.819200, -46.900900,2026-05-29 12:00:00,GOES-19,PONTE ALTA DO TOCANTINS,TOCANTINS,Brasil,1717909,17,33,6,0.0,0.78,Cerrado,289.5
c4037a75-0d39-30ef-911b-26fc49aaf13c, -10.818800, -46.923300,2026-05-29 12:00:00,GOES-19,PONTE ALTA DO TOCANTINS,TOCANTINS,Brasil,1717909,17,33,6,0.0,0.97,Cerrado,506.7
6df75da2-3303-3e76-b4d3-9290aa2ffb82, -10.837900, -46.921000,2026-05-29 12:00:00,GOES-19,PONTE ALTA DO TOCANTINS,TOCANTINS,Brasil,1717909,17,33,6,0.0,0.99,Cerrado,129.8
1ec53a41-10c2-3073-aa7b-48c1d3bc4114, -10.819200, -46.900900,2026-05-29 12:10:00,GOES-19,PONTE ALTA DO TOCANTINS,TOCANTINS,Brasil,1717909,17,33,6,0.0,0.78,Cerrado,157.0
8a515c99-fc42-3750-8a7e-2403365bfd67,  -8.834800, -46.724700,2026-05-29 12:10:00,GOES-19,BALSAS,MARANHÃO,Brasil,2101400,21,33,37,0.0,1.0,Cerrado,77.0
03bd6a0e-fedd-36ca-8c1b-ee3951ced297, -10.818800, -46.923300,2026-05-29 12:10:00,GOES-19,PONTE ALTA DO TOCANTINS,TOCANTINS,Brasil,1717909,17,33,6,0.0,0.97,Cerrado,151.1
fb586632-c6c1-3e4d-b0fa-a9947078e989, -10.819200, -46.900900,2026-05-29 12:20:00,GOES-19,PONTE ALTA DO TOCANTINS,TOCANTINS,Brasil,1717909,17,33,6,0.0,0.78,Cerrado,133.4
a845164b-b249-3942-b6e4-8260c51a5159,  -8.834800, -46.724700,2026-05-29 12:20:00,GOES-19,BALSAS,MARANHÃO,Brasil,2101400,21,33,37,0.0,1.0,Cerrado,111.3
8f562af1-37ee-3cda-8c1b-91a1779d81f1, -10.818800, -46.923300,2026-05-29 12:20:00,GOES-19,PONTE ALTA DO TOCANTINS,TOCANTINS,Brasil,1717909,17,33,6,0.0,0.97,Cerrado,123.4
09880792-b20f-3d5b-89bf-be3de5f55d61, -10.819200, -46.900900,2026-05-29 12:30:00,GOES-19,PONTE ALTA DO TOCANTINS,TOCANTINS,Brasil,1717909,17,33,6,0.0,0.78,Cerrado,173.5
037320d8-3e13-3195-8abb-ee2baa11f608,  -8.853700, -46.722800,2026-05-29 12:30:00,GOES-19,BALSAS,MARANHÃO,Brasil,2101400,21,33,37,0.0,0.81,Cerrado,96.7
df061d4f-a0e2-34d5-ae58-7e41e3e4c7d3,  -8.834800, -46.724700,2026-05-29 12:30:00,GOES-19,BALSAS,MARANHÃO,Brasil,2101400,21,33,37,0.0,1.0,Cerrado,90.4
d7cf32f9-3d63-32f4-a06b-ad93dc8d5093, -10.837900, -46.921000,2026-05-29 12:30:00,GOES-19,PONTE ALTA DO TOCANTINS,TOCANTINS,Brasil,1717909,17,33,6,0.0,0.99,Cerrado,81.7
13a683ed-c32d-3f09-8854-f82837bc6afb, -10.818800, -46.923300,2026-05-29 12:30:00,GOES-19,PONTE ALTA DO TOCANTINS,TOCANTINS,Brasil,1717909,17,33,6,0.0,0.97,Cerrado,256.2
819ee0c2-8726-3e1d-ae68-4ed2859038ef, -10.819200, -46.900900,2026-05-29 12:40:00,GOES-19,PONTE ALTA DO TOCANTINS,TOCANTINS,Brasil,1717909,17,33,6,0.0,0.78,Cerrado,94.3
25234bc8-8da0-3378-8bfc-ae2dec9860eb,  -8.853700, -46.722800,2026-05-29 12:40:00,GOES-19,BALSAS,MARANHÃO,Brasil,2101400,21,33,37,0.0,0.81,Cerrado,76.0
f5fc45a2-f855-37e9-93c2-fc7245ec3c92, -11.949300, -43.401900,2026-05-29 12:40:00,GOES-19,MUQUÉM DO SÃO FRANCISCO,BAHIA,Brasil,2922250,29,33,5,0.1,1.0,Cerrado,111.0
163fb774-1024-3044-853a-1ef6b5ee7880, -10.818800, -46.923300,2026-05-29 12:40:00,GOES-19,PONTE ALTA DO TOCANTINS,TOCANTINS,Brasil,1717909,17,33,6,0.0,0.97,Cerrado,155.8
a5c1b411-d0b0-3ce6-b45c-a90c0a499679,  -8.834800, -46.724700,2026-05-29 12:40:00,GOES-19,BALSAS,MARANHÃO,Brasil,2101400,21,33,37,0.0,1.0,Cerrado,138.5
aa6878e2-2c60-300b-9aba-3ef7855c72f8,  -8.835100, -46.702400,2026-05-29 12:40:00,GOES-19,BALSAS,MARANHÃO,Brasil,2101400,21,33,36,0.0,0.95,Cerrado,80.1
a478d5a4-1bad-3d12-aa6b-ac8e7e24fca4, -10.645000, -49.729000,2026-05-29 12:50:00,GOES-19,LAGOA DA CONFUSÃO,TOCANTINS,Brasil,1711902,17,33,28,0.0,1.0,Cerrado,82.8
73faf9e4-ea5e-3858-b1f6-4dbfe5a21e2f, -10.818800, -46.923300,2026-05-29 12:50:00,GOES-19,PONTE ALTA DO TOCANTINS,TOCANTINS,Brasil,1717909,17,33,6,0.0,0.97,Cerrado,89.7
2c03437f-533b-35a1-8e3a-b5e3a98817ed, -11.949300, -43.401900,2026-05-29 12:50:00,GOES-19,MUQUÉM DO SÃO FRANCISCO,BAHIA,Brasil,2922250,29,33,5,0.1,1.0,Cerrado,111.8
fe106755-4a2e-30b4-9ca0-a88e112d4ba9,  -8.835100, -46.702400,2026-05-29 12:50:00,GOES-19,BALSAS,MARANHÃO,Brasil,2101400,21,33,36,0.0,0.95,Cerrado,77.4
1c30c361-d2c7-32a3-9e9f-5f626f869fff, -10.819200, -46.900900,2026-05-29 12:50:00,GOES-19,PONTE ALTA DO TOCANTINS,TOCANTINS,Brasil,1717909,17,33,6,0.0,0.78,Cerrado,77.1
5e81827b-75d7-34ac-90a2-2ccb1038d9b0,  -8.853700, -46.722800,2026-05-29 12:50:00,GOES-19,BALSAS,MARANHÃO,Brasil,2101400,21,33,37,0.0,0.81,Cerrado,79.0
eaf74e2d-0482-3751-93e5-716fa381f19e,  -8.834800, -46.724700,2026-05-29 12:50:00,GOES-19,BALSAS,MARANHÃO,Brasil,2101400,21,33,37,0.0,1.0,Cerrado,136.1
2dbec9a1-10f8-3e85-ae53-06c455ba2a5a, -10.818800, -46.923300,2026-05-29 13:00:00,GOES-19,PONTE ALTA DO TOCANTINS,TOCANTINS,Brasil,1717909,17,33,6,0.0,0.97,Cerrado,161.0
8b284169-8779-3f6b-a5c8-06c94de40425,  -8.834800, -46.724700,2026-05-29 13:00:00,GOES-19,BALSAS,MARANHÃO,Brasil,2101400,21,33,37,0.0,1.0,Cerrado,149.0
b0e6f5f4-7f6b-3b42-86bd-6a0bda939f82,  -8.853700, -46.722800,2026-05-29 13:00:00,GOES-19,BALSAS,MARANHÃO,Brasil,2101400,21,33,37,0.0,0.81,Cerrado,67.7
1f9ab823-e6c4-3b4a-ae3e-99035932f33f, -11.949300, -43.401900,2026-05-29 13:00:00,GOES-19,MUQUÉM DO SÃO FRANCISCO,BAHIA,Brasil,2922250,29,33,5,0.1,1.0,Cerrado,110.9
6bc4d92f-0a7e-3455-87fc-919ff3e12a33, -10.645000, -49.729000,2026-05-29 13:00:00,GOES-19,LAGOA DA CONFUSÃO,TOCANTINS,Brasil,1711902,17,33,28,0.0,1.0,Cerrado,88.7
37be9655-e41f-33cb-a37c-1fd4549e2938, -10.819200, -46.900900,2026-05-29 13:00:00,GOES-19,PONTE ALTA DO TOCANTINS,TOCANTINS,Brasil,1717909,17,33,6,0.0,0.78,Cerrado,108.2
48ccf632-2554-3a0f-89e2-7cc81cd689b3,  -8.835100, -46.702400,2026-05-29 13:00:00,GOES-19,BALSAS,MARANHÃO,Brasil,2101400,21,33,36,0.0,0.95,Cerrado,113.6
97c341d0-488d-3e4b-8276-befd96035660, -10.774600, -49.930000,2026-05-29 13:00:00,GOES-19,LAGOA DA CONFUSÃO,TOCANTINS,Brasil,1711902,17,33,20,0.0,1.0,Cerrado,82.0
4ab03685-eddd-3858-b2c3-2e4f0b10c969, -10.755700, -49.932000,2026-05-29 13:00:00,GOES-19,LAGOA DA CONFUSÃO,TOCANTINS,Brasil,1711902,17,33,20,0.0,1.0,Cerrado,113.1
1a30cf99-276c-3fb2-acd4-f7b7967cf9b0,  -8.854000, -46.700500,2026-05-29 13:10:00,GOES-19,BALSAS,MARANHÃO,Brasil,2101400,21,33,37,0.0,0.83,Cerrado,70.0
5cdda9bf-d095-35e8-bf9f-6f0b88dc32b9,  -8.853700, -46.722800,2026-05-29 13:10:00,GOES-19,BALSAS,MARANHÃO,Brasil,2101400,21,33,37,0.0,0.81,Cerrado,87.1
7006111d-40b2-35d3-b5fb-a987f36d9a8f, -10.645000, -49.729000,2026-05-29 13:10:00,GOES-19,LAGOA DA CONFUSÃO,TOCANTINS,Brasil,1711902,17,33,28,0.0,1.0,Cerrado,109.4
2e0451f4-e082-3034-ac9d-1e4fd02f1117, -10.819200, -46.900900,2026-05-29 13:10:00,GOES-19,PONTE ALTA DO TOCANTINS,TOCANTINS,Brasil,1717909,17,33,6,0.0,0.78,Cerrado,87.4
065b7da5-6cff-39f4-aec0-980e1f528698,  -8.835100, -46.702400,2026-05-29 13:10:00,GOES-19,BALSAS,MARANHÃO,Brasil,2101400,21,33,36,0.0,0.95,Cerrado,106.0
1e08f684-1256-316f-9cb9-27a7928c4c48, -10.818800, -46.923300,2026-05-29 13:10:00,GOES-19,PONTE ALTA DO TOCANTINS,TOCANTINS,Brasil,1717909,17,33,6,0.0,0.97,Cerrado,104.3
2568bbc5-ed1a-312a-a7b7-98c099f02cf9,  -8.834800, -46.724700,2026-05-29 13:10:00,GOES-19,BALSAS,MARANHÃO,Brasil,2101400,21,33,37,0.0,1.0,Cerrado,145.4
d59d382a-17fc-38fb-852a-c22ea802ee20, -11.949300, -43.401900,2026-05-29 13:10:00,GOES-19,MUQUÉM DO SÃO FRANCISCO,BAHIA,Brasil,2922250,29,33,5,0.1,1.0,Cerrado,113.9
cf540403-0712-3efb-adde-061e01c230c1,  -6.293600, -45.699100,2026-05-29 13:10:00,GOES-19,FERNANDO FALCÃO,MARANHÃO,Brasil,2104081,21,33,10,0.0,1.0,Cerrado,89.1
5299a41b-d9f9-3ddc-bb27-0b9c7f973078, -10.645000, -49.729000,2026-05-29 13:20:00,GOES-19,LAGOA DA CONFUSÃO,TOCANTINS,Brasil,1711902,17,33,28,0.0,1.0,Cerrado,109.5
3476ce0a-5ea9-3647-a419-5fcefdd05c24,  -8.854000, -46.700500,2026-05-29 13:20:00,GOES-19,BALSAS,MARANHÃO,Brasil,2101400,21,33,37,0.0,0.83,Cerrado,68.8
dddb37ff-b2cf-31a4-bd43-da97766316be, -10.819200, -46.900900,2026-05-29 13:20:00,GOES-19,PONTE ALTA DO TOCANTINS,TOCANTINS,Brasil,1717909,17,33,6,0.0,0.78,Cerrado,124.6
0eb7de68-db5e-35ce-9cc1-214ee67a8077,  -8.834800, -46.724700,2026-05-29 13:20:00,GOES-19,BALSAS,MARANHÃO,Brasil,2101400,21,33,37,0.0,1.0,Cerrado,127.2
d556c784-d304-38df-817a-4d21adae5913,  -8.835100, -46.702400,2026-05-29 13:20:00,GOES-19,BALSAS,MARANHÃO,Brasil,2101400,21,33,36,0.0,0.95,Cerrado,111.7
d0303238-d599-38ea-a231-66a87d12011c,  -8.853700, -46.722800,2026-05-29 13:20:00,GOES-19,BALSAS,MARANHÃO,Brasil,2101400,21,33,37,0.0,0.81,Cerrado,69.0
f520d930-19e8-379b-a0d6-b45929e48185, -10.818800, -46.923300,2026-05-29 13:20:00,GOES-19,PONTE ALTA DO TOCANTINS,TOCANTINS,Brasil,1717909,17,33,6,0.0,0.97,Cerrado,159.5
0874f485-0869-3ae2-843f-70dddff42d91, -10.838200, -46.898500,2026-05-29 13:20:00,GOES-19,PONTE ALTA DO TOCANTINS,TOCANTINS,Brasil,1717909,17,33,6,0.0,0.76,Cerrado,80.1
d473ff78-79b1-35ef-b92d-4febc1746d8f, -11.949300, -43.401900,2026-05-29 13:20:00,GOES-19,MUQUÉM DO SÃO FRANCISCO,BAHIA,Brasil,2922250,29,33,5,0.1,1.0,Cerrado,143.7
4f924526-0be1-3e6d-bfd7-6a6b6ba94656, -10.626000, -49.731100,2026-05-29 13:20:00,GOES-19,LAGOA DA CONFUSÃO,TOCANTINS,Brasil,1711902,17,33,23,0.0,0.76,Cerrado,73.4
e8296607-3a0b-3f8e-94df-1a56195b9179, -10.755700, -49.932000,2026-05-29 13:20:00,GOES-19,LAGOA DA CONFUSÃO,TOCANTINS,Brasil,1711902,17,33,20,0.0,1.0,Cerrado,78.3
6a06327d-8940-3e57-b148-6714fa936c33, -10.645000, -49.729000,2026-05-29 13:30:00,GOES-19,LAGOA DA CONFUSÃO,TOCANTINS,Brasil,1711902,17,33,28,0.0,1.0,Cerrado,103.7
380f60b7-0b30-3a12-b349-f3cd838e584e,  -6.998200, -42.878000,2026-05-29 13:30:00,GOES-19,FLORIANO,PIAUÍ,Brasil,2203909,22,33,26,0.0,0.99,Caatinga,80.2
d15ac3dd-a2fb-3ab2-9f04-10f70cd12c9e, -11.949300, -43.401900,2026-05-29 13:30:00,GOES-19,MUQUÉM DO SÃO FRANCISCO,BAHIA,Brasil,2922250,29,33,5,0.1,1.0,Cerrado,125.7
f0f7fb55-1b44-3180-b802-880271f65242, -10.819200, -46.900900,2026-05-29 13:30:00,GOES-19,PONTE ALTA DO TOCANTINS,TOCANTINS,Brasil,1717909,17,33,6,0.0,0.78,Cerrado,81.4
2b615c35-c11c-3e21-8715-a2f19914058e,  -8.853700, -46.722800,2026-05-29 13:30:00,GOES-19,BALSAS,MARANHÃO,Brasil,2101400,21,33,37,0.0,0.81,Cerrado,71.9
39cb2891-6b28-34fa-8404-451231c62a02, -10.818800, -46.923300,2026-05-29 13:30:00,GOES-19,PONTE ALTA DO TOCANTINS,TOCANTINS,Brasil,1717909,17,33,6,0.0,0.97,Cerrado,94.3
7c59bc3d-b733-3e83-8d82-d958510e6dea,  -8.835100, -46.702400,2026-05-29 13:30:00,GOES-19,BALSAS,MARANHÃO,Brasil,2101400,21,33,36,0.0,0.95,Cerrado,97.8
09a05153-52ab-3682-a78e-86028b05ab77,  -8.834800, -46.724700,2026-05-29 13:30:00,GOES-19,BALSAS,MARANHÃO,Brasil,2101400,21,33,37,0.0,1.0,Cerrado,116.0
9e47e13e-6096-31d8-acce-d416fad2fc97,  -6.293600, -45.699100,2026-05-29 13:30:00,GOES-19,FERNANDO FALCÃO,MARANHÃO,Brasil,2104081,21,33,10,0.0,1.0,Cerrado,97.6
e487a2ab-7796-3df5-8c6c-f8590ce5f42c, -11.949300, -43.401900,2026-05-29 13:40:00,GOES-19,MUQUÉM DO SÃO FRANCISCO,BAHIA,Brasil,2922250,29,33,5,0.1,1.0,Cerrado,160.2
66985978-de21-3f18-ab0f-5da69e20033d,  -6.998200, -42.878000,2026-05-29 13:40:00,GOES-19,FLORIANO,PIAUÍ,Brasil,2203909,22,33,26,0.0,0.99,Caatinga,76.9
8395ab7d-59cb-377b-ad87-95d7889d6571,  -8.853700, -46.722800,2026-05-29 13:40:00,GOES-19,BALSAS,MARANHÃO,Brasil,2101400,21,33,37,0.0,0.81,Cerrado,70.2
5a7b5b41-f602-34fa-8848-d143eb4f90d9, -10.645000, -49.729000,2026-05-29 13:40:00,GOES-19,LAGOA DA CONFUSÃO,TOCANTINS,Brasil,1711902,17,33,28,0.0,1.0,Cerrado,102.1
0ddc703d-1c85-35ef-a36d-1f63593e1f86,  -8.854000, -46.700500,2026-05-29 13:40:00,GOES-19,BALSAS,MARANHÃO,Brasil,2101400,21,33,37,0.0,0.83,Cerrado,83.7
7b5768ac-bc83-3621-99e6-2855b707202e,  -8.835100, -46.702400,2026-05-29 13:40:00,GOES-19,BALSAS,MARANHÃO,Brasil,2101400,21,33,36,0.0,0.95,Cerrado,144.3
cb77a793-d4f5-3b83-9ded-938fbb2d6e54,  -8.834800, -46.724700,2026-05-29 13:40:00,GOES-19,BALSAS,MARANHÃO,Brasil,2101400,21,33,37,0.0,1.0,Cerrado,132.0
812439ff-ba75-351f-8491-2171310e5733, -10.626000, -49.731100,2026-05-29 13:40:00,GOES-19,LAGOA DA CONFUSÃO,TOCANTINS,Brasil,1711902,17,33,23,0.0,0.76,Cerrado,69.0
3eee0f00-b4c5-3bf8-9b1d-930bd001d408, -10.755700, -49.932000,2026-05-29 13:40:00,GOES-19,LAGOA DA CONFUSÃO,TOCANTINS,Brasil,1711902,17,33,20,0.0,1.0,Cerrado,198.1
1354070b-9327-345d-a626-a3dfbcc9368e, -10.645000, -49.729000,2026-05-29 13:50:00,GOES-19,LAGOA DA CONFUSÃO,TOCANTINS,Brasil,1711902,17,33,28,0.0,1.0,Cerrado,107.0
a453a21c-ed1e-3468-8f16-af84cd7438d7,  -8.834800, -46.724700,2026-05-29 13:50:00,GOES-19,BALSAS,MARANHÃO,Brasil,2101400,21,33,37,0.0,1.0,Cerrado,152.1
07cbecc0-b0fa-3fae-88fa-ffb37f233e79,  -8.835100, -46.702400,2026-05-29 13:50:00,GOES-19,BALSAS,MARANHÃO,Brasil,2101400,21,33,36,0.0,0.95,Cerrado,139.5
a708fb17-7137-3168-a4ef-5f2c4093788b,  -8.854000, -46.700500,2026-05-29 13:50:00,GOES-19,BALSAS,MARANHÃO,Brasil,2101400,21,33,37,0.0,0.83,Cerrado,76.5
17635f22-8501-3811-8839-b40cec4f714a, -11.949300, -43.401900,2026-05-29 13:50:00,GOES-19,MUQUÉM DO SÃO FRANCISCO,BAHIA,Brasil,2922250,29,33,5,0.1,1.0,Cerrado,193.6
da6e5d6c-be4c-3c96-ab13-74d3e72cd2b2,  -8.853700, -46.722800,2026-05-29 13:50:00,GOES-19,BALSAS,MARANHÃO,Brasil,2101400,21,33,37,0.0,0.81,Cerrado,69.8
6c7823c3-d302-30ac-b199-1f1488ecf4b0, -10.819200, -46.900900,2026-05-29 13:50:00,GOES-19,PONTE ALTA DO TOCANTINS,TOCANTINS,Brasil,1717909,17,33,6,0.0,0.78,Cerrado,94.2
5372c30a-8d1b-3d08-9869-0dcc96614b5c, -10.838200, -46.898500,2026-05-29 13:50:00,GOES-19,PONTE ALTA DO TOCANTINS,TOCANTINS,Brasil,1717909,17,33,6,0.0,0.76,Cerrado,81.5
2321747c-4d9f-38b4-b3c8-9bf8abab7216,  -8.835100, -46.702400,2026-05-29 14:00:00,GOES-19,BALSAS,MARANHÃO,Brasil,2101400,21,33,36,0.0,0.95,Cerrado,170.1
855244d1-1ab9-38fc-9daa-b24bf25ac37a,  -8.854000, -46.700500,2026-05-29 14:00:00,GOES-19,BALSAS,MARANHÃO,Brasil,2101400,21,33,37,0.0,0.83,Cerrado,75.4
4fdead30-231a-3255-8778-35e55303fa4e, -11.949300, -43.401900,2026-05-29 14:00:00,GOES-19,MUQUÉM DO SÃO FRANCISCO,BAHIA,Brasil,2922250,29,33,5,0.1,1.0,Cerrado,159.5
3e2f993e-8f2e-3169-9f53-068da56f6708, -10.645000, -49.729000,2026-05-29 14:00:00,GOES-19,LAGOA DA CONFUSÃO,TOCANTINS,Brasil,1711902,17,33,28,0.0,1.0,Cerrado,106.6
cb39dc59-9824-378a-a77e-234fc648fce4,  -6.998200, -42.878000,2026-05-29 14:00:00,GOES-19,FLORIANO,PIAUÍ,Brasil,2203909,22,33,26,0.0,0.99,Caatinga,87.0
fcc1d684-eb8e-3bb0-9698-20cb1aa85bfc,  -8.853700, -46.722800,2026-05-29 14:00:00,GOES-19,BALSAS,MARANHÃO,Brasil,2101400,21,33,37,0.0,0.81,Cerrado,67.7
b613fe51-3aee-38e1-a07c-8b692a65186c,  -8.834800, -46.724700,2026-05-29 14:00:00,GOES-19,BALSAS,MARANHÃO,Brasil,2101400,21,33,37,0.0,1.0,Cerrado,186.5
3e702ae2-0bca-3edc-98bf-f1f67f6d846d, -10.755700, -49.932000,2026-05-29 14:00:00,GOES-19,LAGOA DA CONFUSÃO,TOCANTINS,Brasil,1711902,17,33,20,0.0,1.0,Cerrado,106.0
f4eaeecb-94e7-3934-a533-755a26f8f3e7,  -6.998200, -42.878000,2026-05-29 14:10:00,GOES-19,FLORIANO,PIAUÍ,Brasil,2203909,22,33,26,0.0,0.99,Caatinga,85.6
3b8fbd6b-030d-355f-9232-2ce0d8609d00,  -8.835100, -46.702400,2026-05-29 14:10:00,GOES-19,BALSAS,MARANHÃO,Brasil,2101400,21,33,36,0.0,0.95,Cerrado,198.7
5f8b0541-d606-3f96-8a10-ac6fa17b5d8e, -10.645000, -49.729000,2026-05-29 14:10:00,GOES-19,LAGOA DA CONFUSÃO,TOCANTINS,Brasil,1711902,17,33,28,0.0,1.0,Cerrado,104.6
afdb2bf0-45ac-38ba-93c6-5617f3ccb757, -11.949300, -43.401900,2026-05-29 14:10:00,GOES-19,MUQUÉM DO SÃO FRANCISCO,BAHIA,Brasil,2922250,29,33,5,0.1,1.0,Cerrado,163.8
558ffd64-0a4f-3263-8fe9-5a3b10325d30,  -8.854000, -46.700500,2026-05-29 14:10:00,GOES-19,BALSAS,MARANHÃO,Brasil,2101400,21,33,37,0.0,0.83,Cerrado,109.4
c4d2a820-8505-3818-8f92-bd47e7a4da19,  -8.834800, -46.724700,2026-05-29 14:10:00,GOES-19,BALSAS,MARANHÃO,Brasil,2101400,21,33,37,0.0,1.0,Cerrado,178.2
92ffcf2b-03e4-3587-a632-a587a7ed696b,  -8.853700, -46.722800,2026-05-29 14:10:00,GOES-19,BALSAS,MARANHÃO,Brasil,2101400,21,33,37,0.0,0.81,Cerrado,90.3
2e218c31-1a6c-3a8f-a000-29769aeb5e42, -10.626000, -49.731100,2026-05-29 14:10:00,GOES-19,LAGOA DA CONFUSÃO,TOCANTINS,Brasil,1711902,17,33,23,0.0,0.76,Cerrado,67.4
15cfed0e-e923-3e8b-b6f7-f7ce1b57a4e0,  -8.854000, -46.700500,2026-05-29 14:20:00,GOES-19,BALSAS,MARANHÃO,Brasil,2101400,21,33,37,0.0,0.83,Cerrado,126.8
0390f3ea-28fa-3c5b-b4f7-58845615a01d,  -8.835100, -46.702400,2026-05-29 14:20:00,GOES-19,BALSAS,MARANHÃO,Brasil,2101400,21,33,36,0.0,0.95,Cerrado,130.6
d97497c3-1742-3efe-b5a9-1b1317f6bab8,  -8.853700, -46.722800,2026-05-29 14:20:00,GOES-19,BALSAS,MARANHÃO,Brasil,2101400,21,33,37,0.0,0.81,Cerrado,135.1
6cb135ba-f600-3031-bad5-d81e8ff0d755, -11.949300, -43.401900,2026-05-29 14:20:00,GOES-19,MUQUÉM DO SÃO FRANCISCO,BAHIA,Brasil,2922250,29,33,5,0.1,1.0,Cerrado,146.9
9b3cc5d7-c434-3114-9a61-1ba151090cd7, -10.819200, -46.900900,2026-05-29 14:20:00,GOES-19,PONTE ALTA DO TOCANTINS,TOCANTINS,Brasil,1717909,17,33,6,0.0,0.78,Cerrado,87.1
10f7f0e6-deb4-3a1b-b398-90ee075e647b, -10.645000, -49.729000,2026-05-29 14:20:00,GOES-19,LAGOA DA CONFUSÃO,TOCANTINS,Brasil,1711902,17,33,28,0.0,1.0,Cerrado,103.8
0c897566-e9db-3d65-8aaa-c873af138ef0, -10.838200, -46.898500,2026-05-29 14:20:00,GOES-19,PONTE ALTA DO TOCANTINS,TOCANTINS,Brasil,1717909,17,33,6,0.0,0.76,Cerrado,86.0
41918243-f70a-33d7-896a-94bbd6f8c32d,  -6.998200, -42.878000,2026-05-29 14:20:00,GOES-19,FLORIANO,PIAUÍ,Brasil,2203909,22,33,26,0.0,0.99,Caatinga,90.3
3cc7efe0-8f01-315c-8444-98f05a91c70c,  -8.834800, -46.724700,2026-05-29 14:20:00,GOES-19,BALSAS,MARANHÃO,Brasil,2101400,21,33,37,0.0,1.0,Cerrado,146.1
1787d445-482c-3a49-a22f-dbbe9d15ffea, -10.626000, -49.731100,2026-05-29 14:20:00,GOES-19,LAGOA DA CONFUSÃO,TOCANTINS,Brasil,1711902,17,33,23,0.0,0.76,Cerrado,61.6
e23192ef-6ab1-3f5b-9628-87646f7c4e72, -10.210100, -47.019300,2026-05-29 14:20:00,GOES-19,NOVO ACORDO,TOCANTINS,Brasil,1715101,17,33,32,0.0,1.0,Cerrado,89.5
81f4d19b-f1ec-31c9-9eb1-2b9f690e9c29, -11.949300, -43.401900,2026-05-29 14:30:00,GOES-19,MUQUÉM DO SÃO FRANCISCO,BAHIA,Brasil,2922250,29,33,5,0.1,1.0,Cerrado,130.5
7646b0f0-03b8-3fd7-a474-783539bb4f79, -10.818800, -46.923300,2026-05-29 14:30:00,GOES-19,PONTE ALTA DO TOCANTINS,TOCANTINS,Brasil,1717909,17,33,6,0.0,0.97,Cerrado,97.6
3cfbf621-03da-3f25-bd22-e6cc87140f70, -10.838200, -46.898500,2026-05-29 14:30:00,GOES-19,PONTE ALTA DO TOCANTINS,TOCANTINS,Brasil,1717909,17,33,6,0.0,0.76,Cerrado,133.5
407255d9-9134-3e84-94e5-91125c032a34, -10.819200, -46.900900,2026-05-29 14:30:00,GOES-19,PONTE ALTA DO TOCANTINS,TOCANTINS,Brasil,1717909,17,33,6,0.0,0.78,Cerrado,96.6
ce7ef779-0969-34fe-89c9-e0f95bf0e231, -10.645000, -49.729000,2026-05-29 14:30:00,GOES-19,LAGOA DA CONFUSÃO,TOCANTINS,Brasil,1711902,17,33,28,0.0,1.0,Cerrado,96.0
ecd7e7db-779f-3012-a38d-0028467f0f7b,  -8.835100, -46.702400,2026-05-29 14:30:00,GOES-19,BALSAS,MARANHÃO,Brasil,2101400,21,33,36,0.0,0.95,Cerrado,142.3
94c1af07-03a5-3fe3-baeb-8e4915d43a62,  -8.834800, -46.724700,2026-05-29 14:30:00,GOES-19,BALSAS,MARANHÃO,Brasil,2101400,21,33,37,0.0,1.0,Cerrado,136.7
bd49664d-add3-3487-ab98-57e6d08f7f8a,  -8.853700, -46.722800,2026-05-29 14:30:00,GOES-19,BALSAS,MARANHÃO,Brasil,2101400,21,33,37,0.0,0.81,Cerrado,111.6
9c144894-2239-3cda-a48f-1376b6032ede, -10.837900, -46.921000,2026-05-29 14:30:00,GOES-19,PONTE ALTA DO TOCANTINS,TOCANTINS,Brasil,1717909,17,33,6,0.0,0.99,Cerrado,136.7
5dcd83a0-9963-349c-80b5-6122dfb0e7e1,  -6.268000, -48.563100,2026-05-29 14:30:00,GOES-19,SÃO GERALDO DO ARAGUAIA,PARÁ,Brasil,1507458,15,33,12,0.0,1.0,Amazônia,77.2
5956c3c9-7b57-3921-83c5-69896f666cd6,  -6.268200, -48.541500,2026-05-29 14:30:00,GOES-19,SÃO GERALDO DO ARAGUAIA,PARÁ,Brasil,1507458,15,33,13,0.0,0.56,Amazônia,116.4
9ab7b0c5-16e7-3a81-b55a-16fe69e94553, -10.626000, -49.731100,2026-05-29 14:30:00,GOES-19,LAGOA DA CONFUSÃO,TOCANTINS,Brasil,1711902,17,33,23,0.0,0.76,Cerrado,64.9
ea71de14-f95c-3dcf-ab84-f986f8175364, -10.838200, -46.898500,2026-05-29 14:40:00,GOES-19,PONTE ALTA DO TOCANTINS,TOCANTINS,Brasil,1717909,17,33,6,0.0,0.76,Cerrado,150.5
981a8e0f-e1e7-33d4-94a6-52034e4c3ebc, -10.818800, -46.923300,2026-05-29 14:40:00,GOES-19,PONTE ALTA DO TOCANTINS,TOCANTINS,Brasil,1717909,17,33,6,0.0,0.97,Cerrado,203.4
96e60d5d-b7bd-3847-956c-7d69c4828358,  -8.835100, -46.702400,2026-05-29 14:40:00,GOES-19,BALSAS,MARANHÃO,Brasil,2101400,21,33,36,0.0,0.95,Cerrado,101.2
f2116802-4dc1-31d3-9852-514e477964b2, -10.819200, -46.900900,2026-05-29 14:40:00,GOES-19,PONTE ALTA DO TOCANTINS,TOCANTINS,Brasil,1717909,17,33,6,0.0,0.78,Cerrado,165.4
fb6942ca-2e05-3f35-ae89-6143596b2ad7, -10.645000, -49.729000,2026-05-29 14:40:00,GOES-19,LAGOA DA CONFUSÃO,TOCANTINS,Brasil,1711902,17,33,28,0.0,1.0,Cerrado,93.8
4d2c84de-686a-3de0-addd-c96afce8c4c6, -11.949300, -43.401900,2026-05-29 14:40:00,GOES-19,MUQUÉM DO SÃO FRANCISCO,BAHIA,Brasil,2922250,29,33,5,0.1,1.0,Cerrado,118.5
d040e4ea-d861-3afb-a974-9d83e3680db9, -10.837900, -46.921000,2026-05-29 14:40:00,GOES-19,PONTE ALTA DO TOCANTINS,TOCANTINS,Brasil,1717909,17,33,6,0.0,0.99,Cerrado,140.9
d2249958-33f2-30c1-8cac-d6a16e0c82d4, -10.664200, -49.705400,2026-05-29 14:40:00,GOES-19,LAGOA DA CONFUSÃO,TOCANTINS,Brasil,1711902,17,33,29,0.0,0.8,Cerrado,74.6
757ebd97-2b1b-36d1-9dc7-2cd8c762f0a3,  -8.834800, -46.724700,2026-05-29 14:40:00,GOES-19,BALSAS,MARANHÃO,Brasil,2101400,21,33,37,0.0,1.0,Cerrado,120.6
12eeefa4-185a-3b4f-aefd-b54df09145d9,  -8.853700, -46.722800,2026-05-29 14:40:00,GOES-19,BALSAS,MARANHÃO,Brasil,2101400,21,33,37,0.0,0.81,Cerrado,107.9
c1b8e898-0469-35a8-96e3-20949feb2dd4,  -7.157100, -47.321200,2026-05-29 14:40:00,GOES-19,CAROLINA,MARANHÃO,Brasil,2102804,21,33,11,0.0,0.71,Cerrado,72.1
4f2f0eb8-b71b-3414-a36e-3cddb0ebaa7f,  -6.268200, -48.541500,2026-05-29 14:40:00,GOES-19,SÃO GERALDO DO ARAGUAIA,PARÁ,Brasil,1507458,15,33,13,0.0,0.56,Amazônia,150.7
ccabc231-f803-3e24-800e-dbc7a6fbfa5c, -10.799800, -46.925700,2026-05-29 14:40:00,GOES-19,PONTE ALTA DO TOCANTINS,TOCANTINS,Brasil,1717909,17,33,6,0.0,0.95,Cerrado,84.1
3dd5a9d9-a7d1-352f-831c-ae1e25dba95c, -10.818800, -46.923300,2026-05-29 14:50:00,GOES-19,PONTE ALTA DO TOCANTINS,TOCANTINS,Brasil,1717909,17,33,6,0.0,0.97,Cerrado,159.8
eee22c07-7c71-3105-8fe5-34fd0e75dd1c, -10.645000, -49.729000,2026-05-29 14:50:00,GOES-19,LAGOA DA CONFUSÃO,TOCANTINS,Brasil,1711902,17,33,28,0.0,1.0,Cerrado,102.0
bbe23a70-e0a5-3f3e-987f-124da470e100,  -8.853700, -46.722800,2026-05-29 14:50:00,GOES-19,BALSAS,MARANHÃO,Brasil,2101400,21,33,37,0.0,0.81,Cerrado,73.6
b6818674-02cf-3898-96a6-de275db55a8a, -10.837900, -46.921000,2026-05-29 14:50:00,GOES-19,PONTE ALTA DO TOCANTINS,TOCANTINS,Brasil,1717909,17,33,6,0.0,0.99,Cerrado,135.4
1c43c9f7-c508-3fe6-b9f5-193b493f260a,  -8.835100, -46.702400,2026-05-29 14:50:00,GOES-19,BALSAS,MARANHÃO,Brasil,2101400,21,33,36,0.0,0.95,Cerrado,113.2
160ae4eb-514d-329b-ae04-f16a3a1adda5, -10.819200, -46.900900,2026-05-29 14:50:00,GOES-19,PONTE ALTA DO TOCANTINS,TOCANTINS,Brasil,1717909,17,33,6,0.0,0.78,Cerrado,143.1
fba59ad8-d2e3-30f2-9b14-c6bbbb215066, -11.949300, -43.401900,2026-05-29 14:50:00,GOES-19,MUQUÉM DO SÃO FRANCISCO,BAHIA,Brasil,2922250,29,33,5,0.1,1.0,Cerrado,119.9
45209b5c-6882-31c0-a079-db31a041d17a,  -8.834800, -46.724700,2026-05-29 14:50:00,GOES-19,BALSAS,MARANHÃO,Brasil,2101400,21,33,37,0.0,1.0,Cerrado,96.3
07fc0146-3f86-3c84-b54d-ab88110cdc23, -10.838200, -46.898500,2026-05-29 14:50:00,GOES-19,PONTE ALTA DO TOCANTINS,TOCANTINS,Brasil,1717909,17,33,6,0.0,0.76,Cerrado,88.3
e49e161f-00fe-31b6-8957-be60fe01a316,  -6.268200, -48.541500,2026-05-29 14:50:00,GOES-19,SÃO GERALDO DO ARAGUAIA,PARÁ,Brasil,1507458,15,33,13,0.0,0.56,Amazônia,118.5
236227ec-cfe2-39a7-ab5e-9d0fc4bec30a, -10.626000, -49.731100,2026-05-29 14:50:00,GOES-19,LAGOA DA CONFUSÃO,TOCANTINS,Brasil,1711902,17,33,23,0.0,0.76,Cerrado,69.8
583e1623-124a-341a-b0b6-4bd15181a873, -10.818800, -46.923300,2026-05-29 15:00:00,GOES-19,PONTE ALTA DO TOCANTINS,TOCANTINS,Brasil,1717909,17,33,6,0.0,0.97,Cerrado,117.5
51d14d74-e64e-3fa5-bacf-a0a4f548420f, -10.819200, -46.900900,2026-05-29 15:00:00,GOES-19,PONTE ALTA DO TOCANTINS,TOCANTINS,Brasil,1717909,17,33,6,0.0,0.78,Cerrado,114.7
5ef531be-85cc-353d-9f2e-ec1a8ebba889, -10.756000, -49.910500,2026-05-29 15:00:00,GOES-19,LAGOA DA CONFUSÃO,TOCANTINS,Brasil,1711902,17,33,18,0.0,1.0,Cerrado,113.9
372f3702-7eee-307d-9dc0-47983de2808a,  -8.834800, -46.724700,2026-05-29 15:00:00,GOES-19,BALSAS,MARANHÃO,Brasil,2101400,21,33,37,0.0,1.0,Cerrado,106.2
72edc6f6-08de-36b4-ba9b-e2fbd2d44959, -10.737000, -49.912600,2026-05-29 15:00:00,GOES-19,LAGOA DA CONFUSÃO,TOCANTINS,Brasil,1711902,17,33,19,0.0,1.0,Cerrado,92.2
a0d712e4-5310-3ca8-9e00-ba23368b7658,  -8.835100, -46.702400,2026-05-29 15:00:00,GOES-19,BALSAS,MARANHÃO,Brasil,2101400,21,33,36,0.0,0.95,Cerrado,100.2
992393f0-0cb8-3945-8f78-9f5e641e3213, -10.837900, -46.921000,2026-05-29 15:00:00,GOES-19,PONTE ALTA DO TOCANTINS,TOCANTINS,Brasil,1717909,17,33,6,0.0,0.99,Cerrado,77.0
ab63052e-8b8c-3cdf-be74-5da343aab99e, -10.736700, -49.934100,2026-05-29 15:00:00,GOES-19,LAGOA DA CONFUSÃO,TOCANTINS,Brasil,1711902,17,33,20,0.0,0.63,Cerrado,117.7
64540eb3-92a7-36d2-9258-6834d31cdb51, -10.755700, -49.932000,2026-05-29 15:00:00,GOES-19,LAGOA DA CONFUSÃO,TOCANTINS,Brasil,1711902,17,33,20,0.0,1.0,Cerrado,196.4
2d145524-b03e-3ff1-af51-b526d0835cb9,  -6.268200, -48.541500,2026-05-29 15:00:00,GOES-19,SÃO GERALDO DO ARAGUAIA,PARÁ,Brasil,1507458,15,33,13,0.0,0.56,Amazônia,61.8
62076741-6d2e-3425-9773-a9529e075710,  -8.834800, -46.724700,2026-05-29 15:10:00,GOES-19,BALSAS,MARANHÃO,Brasil,2101400,21,33,37,0.0,1.0,Cerrado,75.2
dde0098c-881e-32e8-aeb1-ac5626290f51, -10.103100, -46.562300,2026-05-29 15:10:00,GOES-19,SÃO FÉLIX DO TOCANTINS,TOCANTINS,Brasil,1720150,17,33,17,0.0,1.0,Cerrado,90.4
18db4c1b-f9e1-36ad-84bb-3b3eb1d87488,  -8.835100, -46.702400,2026-05-29 15:10:00,GOES-19,BALSAS,MARANHÃO,Brasil,2101400,21,33,36,0.0,0.95,Cerrado,85.0
97b93d15-c9f0-3bfb-84c1-70df7cfb0908,  -8.853700, -46.722800,2026-05-29 15:10:00,GOES-19,BALSAS,MARANHÃO,Brasil,2101400,21,33,37,0.0,0.81,Cerrado,66.4
b60310a2-c243-38af-8eab-eca81b8cfdc1, -10.645000, -49.729000,2026-05-29 15:10:00,GOES-19,LAGOA DA CONFUSÃO,TOCANTINS,Brasil,1711902,17,33,28,0.0,1.0,Cerrado,113.9
53ecfb83-7228-3477-b7c4-ca87cad4cfd7, -10.818800, -46.923300,2026-05-29 15:10:00,GOES-19,PONTE ALTA DO TOCANTINS,TOCANTINS,Brasil,1717909,17,33,6,0.0,0.97,Cerrado,122.8
9cce7fff-5809-30b0-a90a-8d4b3063528d, -10.819200, -46.900900,2026-05-29 15:10:00,GOES-19,PONTE ALTA DO TOCANTINS,TOCANTINS,Brasil,1717909,17,33,6,0.0,0.78,Cerrado,100.5
780f9f1c-e90b-3d05-a688-991240f7675c, -10.737000, -49.912600,2026-05-29 15:10:00,GOES-19,LAGOA DA CONFUSÃO,TOCANTINS,Brasil,1711902,17,33,19,0.0,1.0,Cerrado,75.1
1793f9ab-186a-3946-8424-bae0b5d64f31, -10.745400, -46.753300,2026-05-29 15:10:00,GOES-19,MATEIROS,TOCANTINS,Brasil,1712702,17,33,6,0.0,1.0,Cerrado,105.7
40a4e2a2-61d1-32d3-abbf-00c27f9c1bcc, -10.745800, -46.730900,2026-05-29 15:10:00,GOES-19,MATEIROS,TOCANTINS,Brasil,1712702,17,33,6,0.0,1.0,Cerrado,149.1
56b3810a-d3e2-3a00-9659-47322b80329c,  -6.268200, -48.541500,2026-05-29 15:10:00,GOES-19,SÃO GERALDO DO ARAGUAIA,PARÁ,Brasil,1507458,15,33,13,0.0,0.56,Amazônia,59.5
17b68218-8a5d-3376-8cec-f859ddb16751,  -7.030730, -38.811560,2026-05-29 15:16:00,NOAA-21,BARRO,CEARÁ,Brasil,2302008,23,33,2,0.0,0.23,Caatinga,6.6
a4dd4fd7-b043-3c0b-aa26-9991cb75d416,  -9.387280, -37.810910,2026-05-29 15:16:00,NOAA-21,OLHO D'ÁGUA DO CASADO,ALAGOAS,Brasil,2705804,27,33,6,0.0,1.0,Caatinga,15.2
b8d6d427-24fd-3ad0-af4a-8d88797a5eb8, -11.417920, -37.817250,2026-05-29 15:16:00,NOAA-21,TOMAR DO GERU,SERGIPE,Brasil,2807501,28,33,0,0.6,1.0,Mata Atlântica,5.2
f74a667a-095e-399b-a3e3-d4550b8f64a5,  -8.605300, -37.696490,2026-05-29 15:16:00,NOAA-21,IBIMIRIM,PERNAMBUCO,Brasil,2606606,26,33,16,0.0,1.0,Caatinga,8.8
0ff9c0dc-2b7a-3c04-9fdd-826539da3d06,  -8.305860, -39.382060,2026-05-29 15:16:00,NOAA-21,CABROBÓ,PERNAMBUCO,Brasil,2603009,26,33,20,0.0,1.0,Caatinga,20.1
b4ca46bf-f83d-391e-bece-70ec22c8f22f,  -8.606730, -37.695910,2026-05-29 15:16:00,NOAA-21,IBIMIRIM,PERNAMBUCO,Brasil,2606606,26,33,16,0.0,1.0,Caatinga,8.8
008fb957-3427-322a-8f17-3d4d24c3a608,  -8.835100, -46.702400,2026-05-29 15:20:00,GOES-19,BALSAS,MARANHÃO,Brasil,2101400,21,33,36,0.0,0.95,Cerrado,76.2
47ad3013-0c0d-3af9-ac38-5b7355e64914,  -8.834800, -46.724700,2026-05-29 15:20:00,GOES-19,BALSAS,MARANHÃO,Brasil,2101400,21,33,37,0.0,1.0,Cerrado,68.0
02d73a13-928c-3cd8-99f5-90340898e3a4,  -6.823000, -43.410400,2026-05-29 15:20:00,GOES-19,BARÃO DE GRAJAÚ,MARANHÃO,Brasil,2101509,21,33,15,0.0,1.0,Caatinga,69.5
aeefd956-ef51-3ed9-81cd-afa95a8e4319, -10.737000, -49.912600,2026-05-29 15:20:00,GOES-19,LAGOA DA CONFUSÃO,TOCANTINS,Brasil,1711902,17,33,19,0.0,1.0,Cerrado,109.4
d6f0e2e2-af5a-3407-a708-98de281f6407, -10.645000, -49.729000,2026-05-29 15:20:00,GOES-19,LAGOA DA CONFUSÃO,TOCANTINS,Brasil,1711902,17,33,28,0.0,1.0,Cerrado,99.1
c5668f1c-129b-3f79-a831-0f077d072731, -10.818800, -46.923300,2026-05-29 15:20:00,GOES-19,PONTE ALTA DO TOCANTINS,TOCANTINS,Brasil,1717909,17,33,6,0.0,0.97,Cerrado,84.7
21bb3161-1a0c-3216-aa1e-edb25ec5ea47,  -6.823200, -43.387000,2026-05-29 15:20:00,GOES-19,FLORIANO,PIAUÍ,Brasil,2203909,22,33,18,0.0,0.96,Caatinga,69.4
1e254982-172c-3ec5-89c8-9eb9acd77464, -10.837900, -46.921000,2026-05-29 15:20:00,GOES-19,PONTE ALTA DO TOCANTINS,TOCANTINS,Brasil,1717909,17,33,6,0.0,0.99,Cerrado,86.2
afff72e4-f047-3236-b003-576926541a9f, -10.736700, -49.934100,2026-05-29 15:20:00,GOES-19,LAGOA DA CONFUSÃO,TOCANTINS,Brasil,1711902,17,33,20,0.0,0.63,Cerrado,90.7
38c07ffa-1e70-3273-8640-482be97763f7,  -9.553400, -48.020800,2026-05-29 15:20:00,GOES-19,TOCANTÍNIA,TOCANTINS,Brasil,1721109,17,33,15,0.0,0.76,Cerrado,55.0
7a996440-5e89-3f4f-b1d9-701f5c40d0b4, -10.626000, -49.731100,2026-05-29 15:20:00,GOES-19,LAGOA DA CONFUSÃO,TOCANTINS,Brasil,1711902,17,33,23,0.0,0.76,Cerrado,60.2
8237a636-3c47-3618-a061-dbd55a94c5f9, -12.374900, -43.284700,2026-05-29 15:20:00,GOES-19,MUQUÉM DO SÃO FRANCISCO,BAHIA,Brasil,2922250,29,33,6,0.0,1.0,Cerrado,114.8
1e63f47e-4385-32f4-bd3e-f129685f56b4, -10.755700, -49.932000,2026-05-29 15:20:00,GOES-19,LAGOA DA CONFUSÃO,TOCANTINS,Brasil,1711902,17,33,20,0.0,1.0,Cerrado,74.1
f967435f-8760-3f34-989a-260b8f78b50e, -10.645000, -49.729000,2026-05-29 15:30:00,GOES-19,LAGOA DA CONFUSÃO,TOCANTINS,Brasil,1711902,17,33,28,0.0,1.0,Cerrado,89.0
01afa553-a993-30dc-8b4c-202e5bbf15c5,  -6.823200, -43.387000,2026-05-29 15:30:00,GOES-19,FLORIANO,PIAUÍ,Brasil,2203909,22,33,18,0.0,0.96,Caatinga,65.6
d7dfcdc8-3d82-364d-b051-b56ec48d2766,  -8.835100, -46.702400,2026-05-29 15:30:00,GOES-19,BALSAS,MARANHÃO,Brasil,2101400,21,33,36,0.0,0.95,Cerrado,71.5
cde81964-b0f2-30fd-96be-dd23a1ebb3f0,  -8.834800, -46.724700,2026-05-29 15:30:00,GOES-19,BALSAS,MARANHÃO,Brasil,2101400,21,33,37,0.0,1.0,Cerrado,79.1
928526bf-0bc9-3c0d-9952-9bae6de3dddc, -10.818800, -46.923300,2026-05-29 15:30:00,GOES-19,PONTE ALTA DO TOCANTINS,TOCANTINS,Brasil,1717909,17,33,6,0.0,0.97,Cerrado,102.3
1975da15-240b-3465-9046-51072a4eeac3, -10.755700, -49.932000,2026-05-29 15:30:00,GOES-19,LAGOA DA CONFUSÃO,TOCANTINS,Brasil,1711902,17,33,20,0.0,1.0,Cerrado,70.6
91c3b354-b7f1-3221-93af-e54ee5d54226,  -9.991500, -46.418400,2026-05-29 15:30:00,GOES-19,ALTO PARNAÍBA,MARANHÃO,Brasil,2100501,21,33,10,0.0,0.89,Cerrado,60.2
c72a2c54-44c9-3de5-ae18-3c3f2866c7ae,  -9.991800, -46.395800,2026-05-29 15:30:00,GOES-19,ALTO PARNAÍBA,MARANHÃO,Brasil,2100501,21,33,9,0.0,1.0,Cerrado,74.3
800d771b-79b1-35d7-9650-194323964ce6, -10.819200, -46.900900,2026-05-29 15:40:00,GOES-19,PONTE ALTA DO TOCANTINS,TOCANTINS,Brasil,1717909,17,33,6,0.0,0.78,Cerrado,123.4
6dbab9b1-e89f-3f9c-8940-3714616d6745, -10.818800, -46.923300,2026-05-29 15:40:00,GOES-19,PONTE ALTA DO TOCANTINS,TOCANTINS,Brasil,1717909,17,33,6,0.0,0.97,Cerrado,99.1
46f53ce0-0258-3ec2-aa3e-d7751c3bddaf,  -6.823200, -43.387000,2026-05-29 15:40:00,GOES-19,FLORIANO,PIAUÍ,Brasil,2203909,22,33,18,0.0,0.96,Caatinga,85.3
148fc96f-5b25-3190-93b4-a41b680c9bff, -10.819500, -46.878500,2026-05-29 15:40:00,GOES-19,PONTE ALTA DO TOCANTINS,TOCANTINS,Brasil,1717909,17,33,6,0.0,0.79,Cerrado,87.2
89d1ea96-b730-3d3d-94e3-5e0beb6081e6, -10.837900, -46.921000,2026-05-29 15:40:00,GOES-19,PONTE ALTA DO TOCANTINS,TOCANTINS,Brasil,1717909,17,33,6,0.0,0.99,Cerrado,110.1
9cd708f0-ca11-33ba-a0ba-4601a9bc902a, -10.838200, -46.898500,2026-05-29 15:40:00,GOES-19,PONTE ALTA DO TOCANTINS,TOCANTINS,Brasil,1717909,17,33,6,0.0,0.76,Cerrado,94.8
eea7c9d9-869f-3d1a-8cff-dba4c8b7708c,  -8.835100, -46.702400,2026-05-29 15:40:00,GOES-19,BALSAS,MARANHÃO,Brasil,2101400,21,33,36,0.0,0.95,Cerrado,66.7
9de6c620-a492-36a8-bb76-71fa3939aa0a,  -6.823000, -43.410400,2026-05-29 15:40:00,GOES-19,BARÃO DE GRAJAÚ,MARANHÃO,Brasil,2101509,21,33,15,0.0,1.0,Caatinga,79.1
e58e17a5-6c9a-3df2-a158-ef6731e27e33,  -6.293600, -45.699100,2026-05-29 15:40:00,GOES-19,FERNANDO FALCÃO,MARANHÃO,Brasil,2104081,21,33,10,0.0,1.0,Cerrado,72.5
1d7f0355-dbbb-31c0-b165-897bf5ec7a79,  -9.991800, -46.395800,2026-05-29 15:40:00,GOES-19,ALTO PARNAÍBA,MARANHÃO,Brasil,2100501,21,33,9,0.0,1.0,Cerrado,70.9
5af69c81-4400-3f24-b7d2-1cd5a2c5d114,  -6.914200, -47.296500,2026-05-29 15:40:00,GOES-19,ESTREITO,MARANHÃO,Brasil,2104057,21,33,13,0.0,0.86,Cerrado,122.8
4869470c-4309-3c6c-8fe9-4159576bdf99, -12.374900, -43.284700,2026-05-29 15:40:00,GOES-19,MUQUÉM DO SÃO FRANCISCO,BAHIA,Brasil,2922250,29,33,6,0.0,1.0,Cerrado,132.2
bc4ccf7d-da50-3cdf-af7e-6ba140309218, -18.752760, -40.218240,2026-05-29 15:48:00,NPP-375,SÃO MATEUS,ESPÍRITO SANTO,Brasil,3204906,32,33,5,0.0,0.9,Mata Atlântica,1.8
d8ca71af-e7ea-3897-91b6-332533771f33, -10.837900, -46.921000,2026-05-29 15:50:00,GOES-19,PONTE ALTA DO TOCANTINS,TOCANTINS,Brasil,1717909,17,33,6,0.0,0.99,Cerrado,88.3
1e1c646e-ab7f-34e8-bb62-5544ab594f89, -10.819200, -46.900900,2026-05-29 15:50:00,GOES-19,PONTE ALTA DO TOCANTINS,TOCANTINS,Brasil,1717909,17,33,6,0.0,0.78,Cerrado,141.1
22b63c0c-1864-3ce7-a2e9-b9cfc7a5f314, -10.838200, -46.898500,2026-05-29 15:50:00,GOES-19,PONTE ALTA DO TOCANTINS,TOCANTINS,Brasil,1717909,17,33,6,0.0,0.76,Cerrado,97.1
d669f138-7308-3ad1-a184-7a9ef619d42c,  -8.834800, -46.724700,2026-05-29 15:50:00,GOES-19,BALSAS,MARANHÃO,Brasil,2101400,21,33,37,0.0,1.0,Cerrado,65.1
31abca5e-d608-3464-9239-55f57d9ebf4b,  -8.835100, -46.702400,2026-05-29 15:50:00,GOES-19,BALSAS,MARANHÃO,Brasil,2101400,21,33,36,0.0,0.95,Cerrado,68.6
1293c46b-290a-32a2-a488-30752ce0d150,  -6.823200, -43.387000,2026-05-29 15:50:00,GOES-19,FLORIANO,PIAUÍ,Brasil,2203909,22,33,18,0.0,0.96,Caatinga,79.8
48c0c347-533f-3e82-af6d-5aaf52db0637,  -6.823000, -43.410400,2026-05-29 15:50:00,GOES-19,BARÃO DE GRAJAÚ,MARANHÃO,Brasil,2101509,21,33,15,0.0,1.0,Caatinga,75.1
22ccb09c-f235-3c6e-be43-2ffc44c19cea, -10.818800, -46.923300,2026-05-29 15:50:00,GOES-19,PONTE ALTA DO TOCANTINS,TOCANTINS,Brasil,1717909,17,33,6,0.0,0.97,Cerrado,143.2
05d4ee56-0964-3458-bfc9-1777317b14f0,  -8.841810, -46.711900,2026-05-29 15:50:00,NPP-375,BALSAS,MARANHÃO,Brasil,2101400,21,33,37,0.0,0.84,Cerrado,18.4
c9101b79-f7fd-3fb4-9405-b547f3b13975,  -8.836450, -46.718850,2026-05-29 15:50:00,NPP-375,BALSAS,MARANHÃO,Brasil,2101400,21,33,37,0.0,0.96,Cerrado,12.6
62f31f89-28f4-3bf6-9a93-61ccfb27e07a, -12.210130, -43.195400,2026-05-29 15:50:00,NPP-375,IBOTIRAMA,BAHIA,Brasil,2913200,29,33,6,0.0,1.0,Cerrado,6.5
926e8570-b992-38c6-b853-4dc1f4f86b39, -11.527210, -38.812200,2026-05-29 15:50:00,NPP-375,BIRITINGA,BAHIA,Brasil,2903607,29,33,6,0.0,0.97,Caatinga,20.0
eab7de4b-230c-3b29-be67-37549362cb57, -13.327340, -40.893830,2026-05-29 15:50:00,NPP-375,IRAMAIA,BAHIA,Brasil,2914307,29,33,2,0.0,0.85,Caatinga,4.9
a950e0ab-7a6c-350c-9bf8-403ed4e4996b, -12.209970, -43.191730,2026-05-29 15:50:00,NPP-375,IBOTIRAMA,BAHIA,Brasil,2913200,29,33,6,0.0,1.0,Caatinga,12.1
d49bcc99-3988-3b54-8043-c06f2f9b9718, -11.948900, -43.400260,2026-05-29 15:50:00,NPP-375,MUQUÉM DO SÃO FRANCISCO,BAHIA,Brasil,2922250,29,33,5,0.1,1.0,Cerrado,7.4
db0980da-f777-32db-a133-542e0c0cf939, -11.942750, -43.401130,2026-05-29 15:50:00,NPP-375,MUQUÉM DO SÃO FRANCISCO,BAHIA,Brasil,2922250,29,33,5,0.1,1.0,Cerrado,7.4
e7d2ec1f-db82-3bba-91ca-d7946a457506,  -8.606950, -37.694880,2026-05-29 15:50:00,NPP-375,IBIMIRIM,PERNAMBUCO,Brasil,2606606,26,33,16,0.0,1.0,Caatinga,4.7
b7fff7a1-eea5-37bd-aea0-51afa125fa08, -11.700180, -44.163000,2026-05-29 15:50:00,NPP-375,WANDERLEY,BAHIA,Brasil,2933455,29,33,3,0.0,1.0,Cerrado,5.2
dbfea721-4fcd-313a-8a3d-b3d7a5ec1601,  -9.986280, -46.408920,2026-05-29 15:50:00,NPP-375,ALTO PARNAÍBA,MARANHÃO,Brasil,2100501,21,33,10,0.0,1.0,Cerrado,10.3
3337d98d-c6db-3b27-b5ec-0b81b3102f36, -12.370100, -43.288610,2026-05-29 15:50:00,NPP-375,MUQUÉM DO SÃO FRANCISCO,BAHIA,Brasil,2922250,29,33,6,0.0,1.0,Cerrado,9.4
5e8d2b74-60ff-38f2-a797-9ff7d0348855, -11.902780, -42.547470,2026-05-29 15:50:00,NPP-375,IPUPIARA,BAHIA,Brasil,2914109,29,33,6,0.0,1.0,Caatinga,0.8
c1ca7183-7407-3561-b99b-dd055a725245, -12.005770, -45.356100,2026-05-29 15:50:00,NPP-375,BARREIRAS,BAHIA,Brasil,2903201,29,33,2,0.0,0.83,Cerrado,7.9
4462ea31-2c61-3ada-b470-ada19ebc03b6, -12.006870, -45.354950,2026-05-29 15:50:00,NPP-375,BARREIRAS,BAHIA,Brasil,2903201,29,33,2,0.0,0.82,Cerrado,9.6
c856d9fd-2bbf-3caa-8ba3-9f0f580e8462,  -9.542560, -40.602250,2026-05-29 15:50:00,NPP-375,JUAZEIRO,BAHIA,Brasil,2918407,29,33,26,0.0,1.0,Caatinga,10.3
379c6d31-74a0-38f5-8195-1ee5d0833a69, -11.949990, -43.409720,2026-05-29 15:50:00,NPP-375,MUQUÉM DO SÃO FRANCISCO,BAHIA,Brasil,2922250,29,33,5,0.1,1.0,Cerrado,8.4
95033fc6-a8a6-346b-b1e9-41a97d31784c, -10.005980, -38.349210,2026-05-29 15:50:00,NPP-375,JEREMOABO,BAHIA,Brasil,2918100,29,33,20,0.0,1.0,Caatinga,2.7
aa508662-5847-3567-a2f7-429118fdb8f8, -12.376790, -43.292570,2026-05-29 15:50:00,NPP-375,MUQUÉM DO SÃO FRANCISCO,BAHIA,Brasil,2922250,29,33,6,0.0,1.0,Cerrado,28.0
bddef226-da46-3f8a-b1d1-3816614c226a, -10.976350, -44.604290,2026-05-29 15:50:00,NPP-375,SANTA RITA DE CÁSSIA,BAHIA,Brasil,2928406,29,33,5,0.0,0.95,Cerrado,16.9
52f62d7a-cfbe-32a7-a523-37438327795d, -11.943290, -43.405890,2026-05-29 15:50:00,NPP-375,MUQUÉM DO SÃO FRANCISCO,BAHIA,Brasil,2922250,29,33,5,0.1,1.0,Cerrado,7.4
e41c5515-0024-3424-8d05-10d546431a12,  -8.811860, -37.824680,2026-05-29 15:50:00,NPP-375,INAJÁ,PERNAMBUCO,Brasil,2607000,26,33,6,0.0,1.0,Caatinga,5.8
29357196-0f95-3d54-88ad-ebcc0e4192fd, -10.975530, -44.604480,2026-05-29 15:50:00,NPP-375,SANTA RITA DE CÁSSIA,BAHIA,Brasil,2928406,29,33,5,0.0,0.96,Cerrado,17.9
c261087d-2cb8-324d-8dd1-0b1c27f71414, -11.016980, -43.496510,2026-05-29 15:50:00,NPP-375,BARRA,BAHIA,Brasil,2902708,29,33,6,0.0,1.0,Cerrado,16.4
6c47c3d0-bdc9-3826-bd9a-6b0031535820, -14.011670, -40.928350,2026-05-29 15:50:00,NPP-375,MIRANTE,BAHIA,Brasil,2921450,29,33,6,0.03,1.0,Caatinga,5.6
05695492-941d-3444-8847-be0ec09fc64b,  -9.992670, -46.401070,2026-05-29 15:50:00,NPP-375,ALTO PARNAÍBA,MARANHÃO,Brasil,2100501,21,33,9,0.0,1.0,Cerrado,12.8
52cae27a-b536-3dc4-ac91-cf2d4e59a3f2, -11.699720, -44.160650,2026-05-29 15:50:00,NPP-375,WANDERLEY,BAHIA,Brasil,2933455,29,33,3,0.0,1.0,Cerrado,5.0
363ba723-8cf0-3637-a9c4-0e49a05f45bc, -12.375710, -43.283160,2026-05-29 15:50:00,NPP-375,MUQUÉM DO SÃO FRANCISCO,BAHIA,Brasil,2922250,29,33,6,0.0,1.0,Cerrado,164.5
452a338a-c978-3e17-a4e0-17003e64bc2a, -12.209580, -43.190560,2026-05-29 15:50:00,NPP-375,IBOTIRAMA,BAHIA,Brasil,2913200,29,33,6,0.0,1.0,Caatinga,8.8
85325a1d-9588-3848-a0bf-ecf26b1be381, -11.948360, -43.395550,2026-05-29 15:50:00,NPP-375,MUQUÉM DO SÃO FRANCISCO,BAHIA,Brasil,2922250,29,33,5,0.1,1.0,Cerrado,13.6
a74a097c-511d-3044-83c4-bb491cedb259,  -8.835450, -46.719890,2026-05-29 15:50:00,NPP-375,BALSAS,MARANHÃO,Brasil,2101400,21,33,37,0.0,0.99,Cerrado,19.8
63fc28eb-f184-3ba9-9a17-ddda665de3ce,  -8.302220, -39.379940,2026-05-29 15:50:00,NPP-375,CABROBÓ,PERNAMBUCO,Brasil,2603009,26,33,20,0.0,1.0,Caatinga,19.2
a92b6595-6950-3a60-ae3d-e027e5aeeb70,  -8.834570, -46.712780,2026-05-29 15:50:00,NPP-375,BALSAS,MARANHÃO,Brasil,2101400,21,33,36,0.0,0.89,Cerrado,18.4
899b7f38-7c03-3593-86b5-b364249eb1f9,  -8.842710, -46.719170,2026-05-29 15:50:00,NPP-375,BALSAS,MARANHÃO,Brasil,2101400,21,33,37,0.0,0.87,Cerrado,19.8
916901f7-0ad5-32b3-ac89-e22811205617, -13.321940, -40.893930,2026-05-29 15:50:00,NPP-375,IRAMAIA,BAHIA,Brasil,2914307,29,33,2,0.0,0.87,Caatinga,4.9
b8fabcb2-1bae-3275-b4f1-01b53c0b3d5f, -10.979430, -45.096340,2026-05-29 15:50:00,NPP-375,FORMOSA DO RIO PRETO,BAHIA,Brasil,2911105,29,33,34,0.0,1.0,Cerrado,10.3
caa307cf-2760-3963-9bcd-915c767c2c3f,  -9.542260, -40.603270,2026-05-29 15:50:00,NPP-375,JUAZEIRO,BAHIA,Brasil,2918407,29,33,26,0.0,1.0,Caatinga,13.4
3c26f6a3-c261-3316-ae86-a0bb3bc49bf7,  -8.304310, -39.380830,2026-05-29 15:50:00,NPP-375,CABROBÓ,PERNAMBUCO,Brasil,2603009,26,33,20,0.0,1.0,Caatinga,7.3
83e13299-d048-39a4-9f86-04f9c54b5eb1,  -7.030480, -38.811080,2026-05-29 15:50:00,NPP-375,BARRO,CEARÁ,Brasil,2302008,23,33,2,0.0,0.23,Caatinga,6.3
9964bb45-1f1e-3cdb-bf53-86095582b3f7, -11.776710, -45.419300,2026-05-29 15:50:00,NPP-375,RIACHÃO DAS NEVES,BAHIA,Brasil,2926202,29,33,5,0.0,0.98,Cerrado,6.8
d8ded245-0594-33ca-bd6d-5ed06ffafe00, -14.006270, -40.929030,2026-05-29 15:50:00,NPP-375,MIRANTE,BAHIA,Brasil,2921450,29,33,6,0.09,1.0,Caatinga,5.6
8d9e2137-eba6-369b-8968-697e31a4d50a,  -8.812360, -37.828240,2026-05-29 15:50:00,NPP-375,INAJÁ,PERNAMBUCO,Brasil,2607000,26,33,5,0.0,1.0,Caatinga,3.5
2663aaa0-b9bd-3d05-9373-22a7d07c35a6,  -8.842850, -46.710850,2026-05-29 15:50:00,NPP-375,BALSAS,MARANHÃO,Brasil,2101400,21,33,37,0.0,0.83,Cerrado,12.6
4923a08e-aae3-399e-a2ac-5d7082edc8e9, -11.949440, -43.404980,2026-05-29 15:50:00,NPP-375,MUQUÉM DO SÃO FRANCISCO,BAHIA,Brasil,2922250,29,33,5,0.1,1.0,Cerrado,7.4
ce4f5cc0-2db5-3c87-9d0a-d183c72c6f1c,  -9.967140, -38.373570,2026-05-29 15:50:00,NPP-375,JEREMOABO,BAHIA,Brasil,2918100,29,33,20,0.0,1.0,Caatinga,2.6
883ff57c-2b22-3ce3-b0dd-0f4f4adb00c1,  -8.835610, -46.711730,2026-05-29 15:50:00,NPP-375,BALSAS,MARANHÃO,Brasil,2101400,21,33,37,0.0,0.86,Cerrado,12.6
f8a1f435-ddf5-3b52-b277-d4a9207932ae,  -9.339300, -38.364800,2026-05-29 15:50:00,NPP-375,GLÓRIA,BAHIA,Brasil,2911402,29,33,19,0.0,1.0,Caatinga,8.5
30757b8e-7312-3115-86c0-0592ac57fe70, -11.314500, -37.868870,2026-05-29 15:50:00,NPP-375,TOMAR DO GERU,SERGIPE,Brasil,2807501,28,33,2,0.41,1.0,Caatinga,6.4
646b3771-dd2c-3c0c-8a13-154b45c9504a,  -9.882100, -37.822690,2026-05-29 15:50:00,NPP-375,POÇO REDONDO,SERGIPE,Brasil,2805406,28,33,6,0.0,1.0,Caatinga,5.0
63044179-49d2-341d-9759-899a1d99fb11,  -9.983750, -46.410290,2026-05-29 15:50:00,NPP-375,ALTO PARNAÍBA,MARANHÃO,Brasil,2100501,21,33,10,0.0,0.97,Cerrado,7.8
07fdb685-3c77-3e7f-b1fb-09894db925f7, -10.676250, -42.152360,2026-05-29 15:50:00,NPP-375,ITAGUAÇU DA BAHIA,BAHIA,Brasil,2915353,29,33,50,0.0,1.0,Caatinga,2.3
119f557c-ee2c-3775-b1ba-c76d914a4e42, -11.779650, -45.445810,2026-05-29 15:50:00,NPP-375,BARREIRAS,BAHIA,Brasil,2903201,29,33,5,0.0,0.98,Cerrado,3.9
f009365e-508f-3b2b-ad33-c6ba7a9d05df,  -8.843710, -46.718120,2026-05-29 15:50:00,NPP-375,BALSAS,MARANHÃO,Brasil,2101400,21,33,37,0.0,0.85,Cerrado,12.6
9b02519b-ae64-3fda-ba17-6ad8cbd9088e,  -9.695800, -47.255700,2026-05-29 15:50:00,GOES-19,RIO SONO,TOCANTINS,Brasil,1718758,17,33,29,0.0,1.0,Cerrado,75.1
2122dfbc-dc1d-37b0-bacd-26ae9b035ece,  -9.696100, -47.233500,2026-05-29 15:50:00,GOES-19,RIO SONO,TOCANTINS,Brasil,1718758,17,33,28,0.0,0.99,Cerrado,105.9
ef7c561c-ba2e-3ee5-905a-0b6eee730930,  -6.825340, -43.402720,2026-05-29 15:52:00,NPP-375,BARÃO DE GRAJAÚ,MARANHÃO,Brasil,2101509,21,33,16,0.0,1.0,Caatinga,11.8
1a316636-d99a-3336-9de9-dac7f45b36b6,  -6.824830, -43.398770,2026-05-29 15:52:00,NPP-375,BARÃO DE GRAJAÚ,MARANHÃO,Brasil,2101509,21,33,16,0.0,1.0,Caatinga,12.6
d6c995e3-700b-31c3-9d1f-aeb9f827017b,  -5.957040, -43.493130,2026-05-29 15:52:00,NPP-375,LAGOA DO MATO,MARANHÃO,Brasil,2105922,21,33,14,0.0,0.9,Cerrado,5.4
29ef3d71-3da0-3d50-a152-b0a3ed9f8e9c,  -6.907360, -47.294180,2026-05-29 15:52:00,NPP-375,ESTREITO,MARANHÃO,Brasil,2104057,21,33,13,0.0,0.86,Cerrado,6.9
12cb791c-fc58-3beb-9ec0-6ba38ac97dec,  -7.014310, -45.418970,2026-05-29 15:52:00,NPP-375,SÃO RAIMUNDO DAS MANGABEIRAS,MARANHÃO,Brasil,2111607,21,33,24,0.0,0.99,Cerrado,7.0
1901795d-fecd-3df2-a4ac-3efe5b5193d5,  -7.028350, -43.470440,2026-05-29 15:52:00,NPP-375,JERUMENHA,PIAUÍ,Brasil,2205300,22,33,26,0.0,1.0,Cerrado,8.3
c98e95d9-7c08-35f2-bda5-6ccb2e98c555,  -6.934070, -42.741140,2026-05-29 15:52:00,NPP-375,NAZARÉ DO PIAUÍ,PIAUÍ,Brasil,2206704,22,33,20,0.0,0.99,Caatinga,9.7
81e4a7fa-14ad-3205-956d-e0ef475291a9,  -6.824420, -43.402640,2026-05-29 15:52:00,NPP-375,BARÃO DE GRAJAÚ,MARANHÃO,Brasil,2101509,21,33,16,0.0,1.0,Caatinga,14.4
9191c3fb-6a54-3138-ad79-29adb804c059,  -6.830600, -43.398060,2026-05-29 15:52:00,NPP-375,BARÃO DE GRAJAÚ,MARANHÃO,Brasil,2101509,21,33,17,0.0,1.0,Caatinga,4.1
3b635196-b25c-3e1e-98da-f8d34fadf316,  -6.997380, -42.878750,2026-05-29 15:52:00,NPP-375,FLORIANO,PIAUÍ,Brasil,2203909,22,33,26,0.0,0.99,Caatinga,6.1
bde8d917-d1d0-3c07-9694-3c20fb2e9103,  -6.934570, -42.744700,2026-05-29 15:52:00,NPP-375,NAZARÉ DO PIAUÍ,PIAUÍ,Brasil,2206704,22,33,20,0.0,0.99,Caatinga,6.6
d6d7fdfc-e0ca-36c3-b213-d5944f8be5ea,  -6.991780, -42.879380,2026-05-29 15:52:00,NPP-375,FLORIANO,PIAUÍ,Brasil,2203909,22,33,26,0.0,0.99,Caatinga,10.2
b4de98de-3638-30f7-a295-8885d262fbe7,  -6.992760, -42.886740,2026-05-29 15:52:00,NPP-375,FLORIANO,PIAUÍ,Brasil,2203909,22,33,26,0.0,0.99,Caatinga,6.7
6dccea9a-43e0-3e8d-8323-0ee5fe2b2643,  -4.308320, -47.562330,2026-05-29 15:52:00,NPP-375,DOM ELISEU,PARÁ,Brasil,1502939,15,33,11,0.0,-999.0,Amazônia,10.9
fc7a7f7c-465a-3219-9583-f73b7dacbe53,  -6.992270, -42.883060,2026-05-29 15:52:00,NPP-375,FLORIANO,PIAUÍ,Brasil,2203909,22,33,26,0.0,0.99,Caatinga,10.2
b564aa16-9c42-3252-870e-a97d4a0c2242,  -6.818120, -43.399440,2026-05-29 15:52:00,NPP-375,BARÃO DE GRAJAÚ,MARANHÃO,Brasil,2101509,21,33,16,0.0,1.0,Caatinga,12.3
a84938bb-74fc-323b-a6ca-a3dd8d14c988,  -5.090340, -42.666150,2026-05-29 15:52:00,NPP-375,TERESINA,PIAUÍ,Brasil,2211001,22,33,6,1.8,0.34,Cerrado,6.2
621a8fe8-777e-3522-9ec6-f401c8000c15,  -6.824310, -43.394840,2026-05-29 15:52:00,NPP-375,BARÃO DE GRAJAÚ,MARANHÃO,Brasil,2101509,21,33,17,0.0,0.98,Caatinga,12.6
2034b1b1-f53d-307d-92c5-6c887a5c1811,  -6.830200, -43.402000,2026-05-29 15:52:00,NPP-375,BARÃO DE GRAJAÚ,MARANHÃO,Brasil,2101509,21,33,16,0.0,1.0,Caatinga,4.3
0b0f6b34-82a3-3aa9-8f40-36cee716bca6,  -6.819060, -43.399500,2026-05-29 15:52:00,NPP-375,BARÃO DE GRAJAÚ,MARANHÃO,Brasil,2101509,21,33,16,0.0,1.0,Caatinga,12.6
f4664eda-7d4d-3b72-91f3-3cde25512381,  -6.291050, -45.697250,2026-05-29 15:52:00,NPP-375,FERNANDO FALCÃO,MARANHÃO,Brasil,2104081,21,33,11,0.0,1.0,Cerrado,8.7
d9b65c9e-48d3-33f6-b951-a9453095a82c,  -5.950750, -43.489870,2026-05-29 15:52:00,NPP-375,LAGOA DO MATO,MARANHÃO,Brasil,2105922,21,33,14,0.0,0.9,Cerrado,7.0
8477ee0e-43e7-34b9-8ef1-eacabeeabbf2,  -5.950210, -43.485920,2026-05-29 15:52:00,NPP-375,LAGOA DO MATO,MARANHÃO,Brasil,2105922,21,33,14,0.0,0.9,Cerrado,4.5
81f6a847-73cd-3a03-8b66-dc19f6a4d23a,  -6.823340, -43.394810,2026-05-29 15:52:00,NPP-375,BARÃO DE GRAJAÚ,MARANHÃO,Brasil,2101509,21,33,17,0.0,0.98,Caatinga,12.3
75de5dfb-6515-3244-a056-4bf0eb1d2f7d,  -6.395420, -44.170600,2026-05-29 15:52:00,NPP-375,SUCUPIRA DO NORTE,MARANHÃO,Brasil,2111904,21,33,16,0.0,0.82,Cerrado,9.5
6ad6cd43-57b2-3c51-a9d1-463d0662c389,  -6.831120, -43.402060,2026-05-29 15:52:00,NPP-375,BARÃO DE GRAJAÚ,MARANHÃO,Brasil,2101509,21,33,16,0.0,1.0,Caatinga,3.4
20c0e4ae-f991-3691-93de-bc4b6dc5706d,  -6.393890, -44.170200,2026-05-29 15:52:00,NPP-375,SUCUPIRA DO NORTE,MARANHÃO,Brasil,2111904,21,33,16,0.0,0.81,Cerrado,7.1
28e6c278-7cfb-38cf-b471-585ddd05f71d,  -6.823880, -43.398720,2026-05-29 15:52:00,NPP-375,BARÃO DE GRAJAÚ,MARANHÃO,Brasil,2101509,21,33,16,0.0,1.0,Caatinga,12.3
145a9a4a-b2ec-3bdc-afe4-a08473357d9f,  -5.095680, -42.665370,2026-05-29 15:52:00,NPP-375,TERESINA,PIAUÍ,Brasil,2211001,22,33,6,1.8,0.27,Cerrado,4.2
1b5bb0cd-854c-3a7d-b271-b1da29fcd790,  -6.997220, -43.865910,2026-05-29 15:52:00,NPP-375,MARCOS PARENTE,PIAUÍ,Brasil,2206001,22,33,25,0.0,0.9,Cerrado,7.3
829290aa-54ab-322a-a113-9758d9dc741e,  -5.969620, -42.659820,2026-05-29 15:52:00,NPP-375,SÃO GONÇALO DO PIAUÍ,PIAUÍ,Brasil,2209807,22,33,14,0.0,0.9,Caatinga,2.8
3b20f8f5-030b-37e1-b843-2a2e241ca763,  -6.293140, -45.699610,2026-05-29 15:52:00,NPP-375,FERNANDO FALCÃO,MARANHÃO,Brasil,2104081,21,33,11,0.0,1.0,Cerrado,11.7
cd6955e5-723a-3499-a380-e768826a1084,  -5.338740, -42.682850,2026-05-29 15:52:00,NPP-375,DEMERVAL LOBÃO,PIAUÍ,Brasil,2203305,22,33,5,0.0,0.41,Caatinga,7.4
7800d1d0-f4dd-3b98-8800-183537828609, -10.838200, -46.898500,2026-05-29 16:00:00,GOES-19,PONTE ALTA DO TOCANTINS,TOCANTINS,Brasil,1717909,17,33,6,0.0,0.76,Cerrado,98.4
1c1c1136-fd33-31c0-a00d-f7e586d19d62,  -6.823000, -43.410400,2026-05-29 16:00:00,GOES-19,BARÃO DE GRAJAÚ,MARANHÃO,Brasil,2101509,21,33,15,0.0,1.0,Caatinga,106.8
cd51a301-ff5b-3eb9-bfdd-7b3a6c99a383,  -6.823200, -43.387000,2026-05-29 16:00:00,GOES-19,FLORIANO,PIAUÍ,Brasil,2203909,22,33,18,0.0,0.96,Caatinga,90.4
49a035c3-f2e1-3348-904f-81c7e53b3f40, -10.818800, -46.923300,2026-05-29 16:00:00,GOES-19,PONTE ALTA DO TOCANTINS,TOCANTINS,Brasil,1717909,17,33,6,0.0,0.97,Cerrado,132.2
c3635b68-73c5-31ff-b9b6-e69c1e738216, -10.819200, -46.900900,2026-05-29 16:00:00,GOES-19,PONTE ALTA DO TOCANTINS,TOCANTINS,Brasil,1717909,17,33,6,0.0,0.78,Cerrado,107.4
c3e68bee-14d0-3e69-aff7-453cf0a63adf, -10.837900, -46.921000,2026-05-29 16:00:00,GOES-19,PONTE ALTA DO TOCANTINS,TOCANTINS,Brasil,1717909,17,33,6,0.0,0.99,Cerrado,146.1
4932cea3-6f94-3290-b16e-f6d14adbf7c9,  -9.991500, -46.418400,2026-05-29 16:00:00,GOES-19,ALTO PARNAÍBA,MARANHÃO,Brasil,2100501,21,33,10,0.0,0.89,Cerrado,65.8
1777427d-912a-30a1-b6f5-5f43336505ab,  -6.683300, -47.992200,2026-05-29 16:00:00,GOES-19,DARCINÓPOLIS,TOCANTINS,Brasil,1706506,17,33,13,0.0,0.76,Cerrado,72.9
1b761596-e919-37a9-895f-ec84e1cd1c98,  -9.991800, -46.395800,2026-05-29 16:00:00,GOES-19,ALTO PARNAÍBA,MARANHÃO,Brasil,2100501,21,33,9,0.0,1.0,Cerrado,108.2
2a0953c7-d79f-3356-bf12-553ac0fc9529, -19.803170, -40.082500,2026-05-29 16:05:00,NOAA-20,ARACRUZ,ESPÍRITO SANTO,Brasil,3200607,32,33,4,0.58,0.22,Mata Atlântica,3.4
1e761c8b-92c9-31c0-af62-61f3b1803268, -21.804090, -49.129970,2026-05-29 16:05:00,NOAA-20,IACANGA,SÃO PAULO,Brasil,3519105,35,33,5,0.0,0.36,Mata Atlântica,9.6
5a985237-4f59-3ad5-841c-27f42d4ac751, -18.697290, -40.685770,2026-05-29 16:05:00,NOAA-20,VILA PAVÃO,ESPÍRITO SANTO,Brasil,3205150,32,33,6,0.2,1.0,Mata Atlântica,3.8
6a2c9b1f-c096-3337-8cde-1015d37e391e, -20.234070, -41.780030,2026-05-29 16:05:00,NOAA-20,DURANDÉ,MINAS GERAIS,Brasil,3123528,31,33,3,1.5,0.8,Mata Atlântica,1.0
57bc2ebb-9f05-3101-b8c5-e39cae76d40d, -21.807420, -49.130690,2026-05-29 16:05:00,NOAA-20,IACANGA,SÃO PAULO,Brasil,3519105,35,33,5,0.0,0.36,Mata Atlântica,11.8
4aebe2a1-2e43-3fe8-92ff-139122f97cc1, -18.649560, -40.529550,2026-05-29 16:05:00,NOAA-20,VILA PAVÃO,ESPÍRITO SANTO,Brasil,3205150,32,33,6,0.05,0.99,Mata Atlântica,7.4
0319cc6c-83fc-3b89-9c7e-03e0f9bffddd, -18.697710, -40.688030,2026-05-29 16:05:00,NOAA-20,VILA PAVÃO,ESPÍRITO SANTO,Brasil,3205150,32,33,6,0.2,1.0,Mata Atlântica,2.3
0535ed1e-4ba0-358a-b1ee-91e527aac0ce, -19.805120, -40.084070,2026-05-29 16:05:00,NOAA-20,ARACRUZ,ESPÍRITO SANTO,Brasil,3200607,32,33,4,0.6,0.22,Mata Atlântica,10.1
511815b2-3a5e-372b-8632-adeb39e98099, -10.833880, -46.913970,2026-05-29 16:07:00,NOAA-20,PONTE ALTA DO TOCANTINS,TOCANTINS,Brasil,1717909,17,33,6,0.0,0.99,Cerrado,8.4
9802c150-7df9-327d-a447-7103eace7c98, -10.647620, -49.724190,2026-05-29 16:07:00,NOAA-20,LAGOA DA CONFUSÃO,TOCANTINS,Brasil,1711902,17,33,28,0.0,1.0,Cerrado,7.3
5b0df85e-5c32-308c-b254-ca0de9f8b354, -10.733720, -49.930190,2026-05-29 16:07:00,NOAA-20,LAGOA DA CONFUSÃO,TOCANTINS,Brasil,1711902,17,33,20,0.0,0.8,Cerrado,38.9
a5bd9d76-a0ae-3fb1-ad42-2737ca6c25ca, -10.989440, -51.222900,2026-05-29 16:07:00,NOAA-20,LUCIARA,MATO GROSSO,Brasil,5105309,51,33,20,0.0,1.0,Cerrado,10.5
224dcd5a-e92a-35fe-b070-9f09477ba193,  -9.934680, -44.351780,2026-05-29 16:07:00,NOAA-20,CURIMATÁ,PIAUÍ,Brasil,2203206,22,33,6,0.0,0.83,Cerrado,2.8
95e0d35d-f711-3b18-ba8b-af78fb63489e, -11.468450, -46.696820,2026-05-29 16:07:00,NOAA-20,DIANÓPOLIS,TOCANTINS,Brasil,1707009,17,33,3,0.0,0.74,Cerrado,3.4
d105c9f9-f4e5-39fd-a2f6-931b7318b72c, -11.020660, -43.494460,2026-05-29 16:07:00,NOAA-20,BARRA,BAHIA,Brasil,2902708,29,33,6,0.0,1.0,Cerrado,8.4
3e8e9852-af55-393b-9d62-92361398a7ae, -10.813840, -46.919560,2026-05-29 16:07:00,NOAA-20,PONTE ALTA DO TOCANTINS,TOCANTINS,Brasil,1717909,17,33,6,0.0,0.97,Cerrado,7.0
f65540e7-9352-363a-ba06-1efdf480863f, -11.945770, -43.409240,2026-05-29 16:07:00,NOAA-20,MUQUÉM DO SÃO FRANCISCO,BAHIA,Brasil,2922250,29,33,5,0.1,1.0,Cerrado,4.8
df28b068-7c6e-3170-a8b9-e9d1830812ee, -11.332320, -46.791960,2026-05-29 16:07:00,NOAA-20,RIO DA CONCEIÇÃO,TOCANTINS,Brasil,1718659,17,33,5,0.0,0.81,Cerrado,2.0
cefe64fc-f7bd-34c3-a582-99d2cf67bd39, -12.422650, -47.881530,2026-05-29 16:07:00,NOAA-20,PARANÃ,TOCANTINS,Brasil,1716208,17,33,6,0.0,0.98,Cerrado,4.2
e5d66283-74ee-3189-8c3b-68ec3d5a4faa, -12.206990, -43.194690,2026-05-29 16:07:00,NOAA-20,IBOTIRAMA,BAHIA,Brasil,2913200,29,33,6,0.0,1.0,Caatinga,5.6
73b75cc4-2c6c-34e7-ac0f-15b0070f70bb, -10.751450, -46.743070,2026-05-29 16:07:00,NOAA-20,MATEIROS,TOCANTINS,Brasil,1712702,17,33,6,0.0,1.0,Cerrado,15.1
3f5f0eb2-c3a1-3b3e-9d3e-b1ab053d5c40, -11.185190, -49.689330,2026-05-29 16:07:00,NOAA-20,DUERÉ,TOCANTINS,Brasil,1707306,17,33,19,0.0,0.85,Cerrado,6.1
6ef2a5ac-f1ab-39ee-8dcf-ec3b8f3fa21d, -10.648180, -49.728900,2026-05-29 16:07:00,NOAA-20,LAGOA DA CONFUSÃO,TOCANTINS,Brasil,1711902,17,33,28,0.0,1.0,Cerrado,8.6
a91749b4-5670-3f99-bc25-eaa8d07d64a1, -11.600220, -47.443720,2026-05-29 16:07:00,NOAA-20,NATIVIDADE,TOCANTINS,Brasil,1714203,17,33,6,0.0,0.44,Cerrado,8.6
0da8a8d9-9573-3e1b-8334-9c9eece4face, -10.736530, -49.900110,2026-05-29 16:07:00,NOAA-20,LAGOA DA CONFUSÃO,TOCANTINS,Brasil,1711902,17,33,19,0.0,0.46,Cerrado,11.3
3c1c56c0-abae-3298-b262-4aa868d0a9ea, -11.595280, -47.447630,2026-05-29 16:07:00,NOAA-20,NATIVIDADE,TOCANTINS,Brasil,1714203,17,33,6,0.0,0.58,Cerrado,8.6
bbf835be-de1f-3866-a93a-b33e2757f85c, -10.642050, -49.729650,2026-05-29 16:07:00,NOAA-20,LAGOA DA CONFUSÃO,TOCANTINS,Brasil,1711902,17,33,27,0.0,0.93,Cerrado,21.0
81a4b75c-179d-30b1-a509-15f53e59338f, -11.415100, -37.817550,2026-05-29 16:07:00,NOAA-20,TOMAR DO GERU,SERGIPE,Brasil,2807501,28,33,0,0.6,1.0,Mata Atlântica,2.8
bfebbb5f-73f6-32e5-ac40-147e7b36ff32, -10.985310, -45.098830,2026-05-29 16:07:00,NOAA-20,FORMOSA DO RIO PRETO,BAHIA,Brasil,2911105,29,33,33,0.0,1.0,Cerrado,6.2
ab5830f1-c502-39dc-857c-1b818943324b, -10.813450, -46.916400,2026-05-29 16:07:00,NOAA-20,PONTE ALTA DO TOCANTINS,TOCANTINS,Brasil,1717909,17,33,6,0.0,0.9,Cerrado,7.0
d2dbbb52-548f-3558-b63f-048d4305142b, -10.992490, -51.222680,2026-05-29 16:07:00,NOAA-20,LUCIARA,MATO GROSSO,Brasil,5105309,51,33,20,0.0,1.0,Cerrado,4.5
dd01a672-f8c0-3fd8-a8d0-3c6fd5b5bccc, -10.988500, -44.498260,2026-05-29 16:07:00,NOAA-20,SANTA RITA DE CÁSSIA,BAHIA,Brasil,2928406,29,33,16,0.0,1.0,Cerrado,4.7
a039b9f7-7db2-32f2-ad64-2da29f5a3615, -11.468830, -46.699840,2026-05-29 16:07:00,NOAA-20,DIANÓPOLIS,TOCANTINS,Brasil,1707009,17,33,3,0.0,0.71,Cerrado,3.7
73f2bb68-ab44-32a5-bc86-ec32461b5214, -10.675370, -49.696980,2026-05-29 16:07:00,NOAA-20,LAGOA DA CONFUSÃO,TOCANTINS,Brasil,1711902,17,33,29,0.0,1.0,Cerrado,5.8
5636d9e8-3641-3bb2-84de-1d247bad67f4, -11.778860, -45.444050,2026-05-29 16:07:00,NOAA-20,RIACHÃO DAS NEVES,BAHIA,Brasil,2926202,29,33,5,0.0,0.98,Cerrado,8.0
667b7612-13bd-314d-b829-0b774a359ca8, -10.741590, -49.931690,2026-05-29 16:07:00,NOAA-20,LAGOA DA CONFUSÃO,TOCANTINS,Brasil,1711902,17,33,20,0.0,0.82,Cerrado,65.1
fffcfec9-f8f9-3d3c-a939-d7595e922913, -11.597680, -47.437310,2026-05-29 16:07:00,NOAA-20,NATIVIDADE,TOCANTINS,Brasil,1714203,17,33,6,0.0,0.39,Cerrado,9.5
0d251986-e27e-34c5-b5a9-4f8f9788bd3a, -12.380860, -43.284750,2026-05-29 16:07:00,NOAA-20,MUQUÉM DO SÃO FRANCISCO,BAHIA,Brasil,2922250,29,33,6,0.0,1.0,Cerrado,11.4
8c83c028-a917-39e9-b024-47c677043f35, -15.533490, -42.286590,2026-05-29 16:07:00,NOAA-20,INDAIABIRA,MINAS GERAIS,Brasil,3130655,31,33,6,0.0,0.89,Cerrado,7.4
e787d4a9-42ae-3f2b-9042-e7786ea1fc00, -14.155340, -47.769370,2026-05-29 16:07:00,NOAA-20,ALTO PARAÍSO DE GOIÁS,GOIÁS,Brasil,5200605,52,33,4,0.0,0.84,Cerrado,5.6
9914a07d-d023-3d43-9837-60384c7ec36a, -11.300730, -46.775100,2026-05-29 16:07:00,NOAA-20,RIO DA CONCEIÇÃO,TOCANTINS,Brasil,1718659,17,33,5,0.0,0.83,Cerrado,6.2
3ba71286-ced1-3cd7-984b-f8d6e7110c3f, -10.948700, -49.893170,2026-05-29 16:07:00,NOAA-20,LAGOA DA CONFUSÃO,TOCANTINS,Brasil,1711902,17,33,21,0.0,0.9,Cerrado,3.3
dcb664b4-8f03-3b5f-8c5c-7bbd31505465, -10.675940, -49.701690,2026-05-29 16:07:00,NOAA-20,LAGOA DA CONFUSÃO,TOCANTINS,Brasil,1711902,17,33,29,0.0,1.0,Cerrado,5.8
debf0199-c051-370e-9a11-c58d7fce7653, -10.817390, -46.906510,2026-05-29 16:07:00,NOAA-20,PONTE ALTA DO TOCANTINS,TOCANTINS,Brasil,1717909,17,33,6,0.0,0.8,Cerrado,4.0
ca973bc1-607d-38ee-9918-1bb8c6688b83, -11.598480, -47.444050,2026-05-29 16:07:00,NOAA-20,NATIVIDADE,TOCANTINS,Brasil,1714203,17,33,6,0.0,0.45,Cerrado,6.8
63031915-dae5-363f-8a9c-def4c1b578f6, -10.954910, -49.892440,2026-05-29 16:07:00,NOAA-20,LAGOA DA CONFUSÃO,TOCANTINS,Brasil,1711902,17,33,21,0.0,0.87,Cerrado,15.4
56a7c724-5828-385e-a31a-4c042762a862, -11.592730, -47.441310,2026-05-29 16:07:00,NOAA-20,NATIVIDADE,TOCANTINS,Brasil,1714203,17,33,6,0.0,0.42,Cerrado,9.5
77fbfcb6-c71d-32b5-8c29-42f43e87a818,  -9.337300, -38.364210,2026-05-29 16:07:00,NOAA-20,GLÓRIA,BAHIA,Brasil,2911402,29,33,19,0.0,1.0,Caatinga,3.6
6c085fbe-2496-3016-a574-a40d9963f97b, -11.948390, -43.397600,2026-05-29 16:07:00,NOAA-20,MUQUÉM DO SÃO FRANCISCO,BAHIA,Brasil,2922250,29,33,5,0.1,1.0,Cerrado,37.5
3d7bc3b9-a887-3632-98b2-610360ee75a4, -11.594860, -47.444270,2026-05-29 16:07:00,NOAA-20,NATIVIDADE,TOCANTINS,Brasil,1714203,17,33,6,0.0,0.46,Cerrado,8.6
0d22cf25-8db7-3f74-b895-d1f5ba8b9576, -12.376300, -43.281660,2026-05-29 16:07:00,NOAA-20,MUQUÉM DO SÃO FRANCISCO,BAHIA,Brasil,2922250,29,33,6,0.0,1.0,Cerrado,11.4
0908cdba-c798-32ad-b7fb-8ce4cc120e84, -11.414120, -38.098270,2026-05-29 16:07:00,NOAA-20,ITAPICURU,BAHIA,Brasil,2916500,29,33,3,0.19,0.93,Caatinga,3.2
48f8fcc8-cc93-3c40-bbc7-27cb8f0b338a, -12.381340, -43.288410,2026-05-29 16:07:00,NOAA-20,MUQUÉM DO SÃO FRANCISCO,BAHIA,Brasil,2922250,29,33,6,0.0,1.0,Cerrado,66.7
9767a751-afb9-3ac2-b602-6a3371a6dad2, -10.819890, -49.241190,2026-05-29 16:07:00,NOAA-20,SANTA RITA DO TOCANTINS,TOCANTINS,Brasil,1718899,17,33,20,0.0,0.7,Cerrado,5.6
2cba4679-f6bc-342d-b382-b448e3f4eeb0, -10.833090, -46.907730,2026-05-29 16:07:00,NOAA-20,PONTE ALTA DO TOCANTINS,TOCANTINS,Brasil,1717909,17,33,6,0.0,0.94,Cerrado,5.4
a9ef2f63-e95f-3bad-b250-3376d7db5cb9, -11.650190, -48.797290,2026-05-29 16:07:00,NOAA-20,GURUPI,TOCANTINS,Brasil,1709500,17,33,6,0.0,0.69,Cerrado,3.5
0b9b9dee-a6ec-3a30-b4a0-b600ec6e3d1b, -15.102490, -43.867120,2026-05-29 16:07:00,NOAA-20,JAÍBA,MINAS GERAIS,Brasil,3135050,31,33,6,0.0,1.0,Cerrado,7.0
5570e65d-530d-392a-bbf9-96c7c6e5bbb6, -11.299170, -46.774710,2026-05-29 16:07:00,NOAA-20,RIO DA CONCEIÇÃO,TOCANTINS,Brasil,1718659,17,33,5,0.0,0.85,Cerrado,8.4
f7a441b7-e425-3749-aa2a-04eb2664c673, -12.423080, -47.885280,2026-05-29 16:07:00,NOAA-20,PARANÃ,TOCANTINS,Brasil,1716208,17,33,6,0.0,0.98,Cerrado,4.2
7430f84d-4279-34c7-b185-de9f062adb22, -11.589510, -47.444890,2026-05-29 16:07:00,NOAA-20,NATIVIDADE,TOCANTINS,Brasil,1714203,17,33,6,0.0,0.57,Cerrado,9.2
2901a8de-b004-39ab-88cc-e9218a76522b, -11.205720, -48.237280,2026-05-29 16:07:00,NOAA-20,IPUEIRAS,TOCANTINS,Brasil,1709807,17,33,6,0.0,1.0,Cerrado,4.5
d5c3a557-13b7-33a9-bf09-895eafa4d9a5, -11.542610, -38.073830,2026-05-29 16:07:00,NOAA-20,CRISÓPOLIS,BAHIA,Brasil,2909604,29,33,2,0.63,1.0,Caatinga,6.5
1ea2558a-5e69-3ae4-916e-79aaa4d69f96,  -9.930620, -38.761300,2026-05-29 16:07:00,NOAA-20,JEREMOABO,BAHIA,Brasil,2918100,29,33,7,0.0,1.0,Caatinga,8.1
b430ee99-5ec4-338c-8566-994172c0846c, -10.833490, -46.910870,2026-05-29 16:07:00,NOAA-20,PONTE ALTA DO TOCANTINS,TOCANTINS,Brasil,1717909,17,33,6,0.0,0.99,Cerrado,5.4
6852f516-f2a5-37aa-9a0c-616ba2b09095, -10.834660, -46.920140,2026-05-29 16:07:00,NOAA-20,PONTE ALTA DO TOCANTINS,TOCANTINS,Brasil,1717909,17,33,6,0.0,0.99,Cerrado,13.3
6812dfb9-e827-31c6-b6eb-3c19aeae9d60, -12.377750, -43.292640,2026-05-29 16:07:00,NOAA-20,MUQUÉM DO SÃO FRANCISCO,BAHIA,Brasil,2922250,29,33,6,0.0,1.0,Cerrado,66.7
fa5e0593-b78b-374e-9237-89dadcc24cd2, -11.944800, -43.401880,2026-05-29 16:07:00,NOAA-20,MUQUÉM DO SÃO FRANCISCO,BAHIA,Brasil,2922250,29,33,5,0.1,1.0,Cerrado,7.0
7823e0af-a717-320c-9dbe-c9f1b51caf5e, -12.376780, -43.285320,2026-05-29 16:07:00,NOAA-20,MUQUÉM DO SÃO FRANCISCO,BAHIA,Brasil,2922250,29,33,6,0.0,1.0,Cerrado,11.4
e837c6ce-972f-3ab2-9941-90309a8d0b52, -11.948870, -43.401260,2026-05-29 16:07:00,NOAA-20,MUQUÉM DO SÃO FRANCISCO,BAHIA,Brasil,2922250,29,33,5,0.1,1.0,Cerrado,7.0
eefa2d07-7287-39c9-9f6b-14ac4e33a687, -10.735380, -49.932420,2026-05-29 16:07:00,NOAA-20,LAGOA DA CONFUSÃO,TOCANTINS,Brasil,1711902,17,33,20,0.0,0.69,Cerrado,65.1
3784d4d9-2858-397a-b616-0fcd4879b49a, -10.815400, -46.932030,2026-05-29 16:07:00,NOAA-20,PONTE ALTA DO TOCANTINS,TOCANTINS,Brasil,1717909,17,33,6,0.0,0.99,Cerrado,2.5
02c66a63-1df5-3b61-94ec-97f43591ef39, -11.700490, -44.160000,2026-05-29 16:07:00,NOAA-20,WANDERLEY,BAHIA,Brasil,2933455,29,33,3,0.0,1.0,Cerrado,10.0
cafb181e-127e-3ff9-9aec-fd66bb13afc2, -11.603440, -47.440080,2026-05-29 16:07:00,NOAA-20,ALMAS,TOCANTINS,Brasil,1700400,17,33,6,0.0,0.31,Cerrado,2.3
77959523-616b-3d45-9086-f42098d52557, -10.737990, -49.902480,2026-05-29 16:07:00,NOAA-20,LAGOA DA CONFUSÃO,TOCANTINS,Brasil,1711902,17,33,19,0.0,0.64,Cerrado,13.3
0af3af31-3e31-3679-a328-dd2ca0a68f21, -11.300310, -46.771840,2026-05-29 16:07:00,NOAA-20,RIO DA CONCEIÇÃO,TOCANTINS,Brasil,1718659,17,33,5,0.0,0.81,Cerrado,6.2
a80c396e-1910-32ea-b769-037ba944b81f, -11.949360, -43.404920,2026-05-29 16:07:00,NOAA-20,MUQUÉM DO SÃO FRANCISCO,BAHIA,Brasil,2922250,29,33,5,0.1,1.0,Cerrado,7.0
178da973-060a-339b-8199-ae80cedc9e77, -10.751060, -46.740100,2026-05-29 16:07:00,NOAA-20,MATEIROS,TOCANTINS,Brasil,1712702,17,33,6,0.0,1.0,Cerrado,13.1
eb0605d4-2969-3c1a-8d1d-f45cd68962e0, -11.206180, -48.241060,2026-05-29 16:07:00,NOAA-20,IPUEIRAS,TOCANTINS,Brasil,1709807,17,33,6,0.0,1.0,Cerrado,4.5
49691b74-fed5-3db1-8428-abe9c84a5084, -10.834270, -46.917070,2026-05-29 16:07:00,NOAA-20,PONTE ALTA DO TOCANTINS,TOCANTINS,Brasil,1717909,17,33,6,0.0,0.99,Cerrado,8.4
6424a3a7-ed32-36c8-b89c-44ad9bf46755, -11.949840, -43.408600,2026-05-29 16:07:00,NOAA-20,MUQUÉM DO SÃO FRANCISCO,BAHIA,Brasil,2922250,29,33,5,0.1,1.0,Cerrado,4.8
6ffae31a-d370-32d0-9613-6308042e0f6e, -10.739370, -49.924560,2026-05-29 16:07:00,NOAA-20,LAGOA DA CONFUSÃO,TOCANTINS,Brasil,1711902,17,33,19,0.0,0.94,Cerrado,29.5
c36d359c-e473-380c-8193-2ff27424f6e5, -10.961720, -49.896580,2026-05-29 16:07:00,NOAA-20,LAGOA DA CONFUSÃO,TOCANTINS,Brasil,1711902,17,33,21,0.0,0.9,Cerrado,15.4
30632b3c-178e-377c-960a-83a9166f91da, -11.780230, -45.418630,2026-05-29 16:07:00,NOAA-20,BARREIRAS,BAHIA,Brasil,2903201,29,33,5,0.0,0.98,Cerrado,18.1
164f3f2a-02d1-3e69-a01b-99ed2275538f, -10.835040, -46.923160,2026-05-29 16:07:00,NOAA-20,PONTE ALTA DO TOCANTINS,TOCANTINS,Brasil,1717909,17,33,6,0.0,0.99,Cerrado,13.3
6388a7ca-ea13-3883-b84c-4dbadc53a851, -11.317220, -37.865790,2026-05-29 16:07:00,NOAA-20,TOMAR DO GERU,SERGIPE,Brasil,2807501,28,33,2,0.44,1.0,Caatinga,6.6
275c5daa-b4d4-3d88-8ab1-13ea43d5f579, -11.808280, -38.325410,2026-05-29 16:07:00,NOAA-20,INHAMBUPE,BAHIA,Brasil,2913705,29,33,5,0.07,1.0,Mata Atlântica,4.2
7a40daf0-591a-36d4-8ef6-c39c22bb0c87, -11.118760, -47.311100,2026-05-29 16:07:00,NOAA-20,ALMAS,TOCANTINS,Brasil,1700400,17,33,6,0.0,0.68,Cerrado,2.4
8407980d-9d65-3e69-9e8f-7bb42b6dc2d9, -11.170460, -46.793600,2026-05-29 16:07:00,NOAA-20,ALMAS,TOCANTINS,Brasil,1700400,17,33,0,0.0,1.0,Cerrado,2.3
9667fd79-64eb-3045-9945-51527e4b3da3, -11.244300, -49.661490,2026-05-29 16:07:00,NOAA-20,DUERÉ,TOCANTINS,Brasil,1707306,17,33,8,0.0,0.84,Cerrado,4.9
d26dd779-ca86-38f4-b641-f6d604719c90, -10.955510, -49.897310,2026-05-29 16:07:00,NOAA-20,LAGOA DA CONFUSÃO,TOCANTINS,Brasil,1711902,17,33,21,0.0,0.87,Cerrado,15.4
0605d4a3-bbeb-343f-9ada-6dc44d93a2ec, -13.325440, -40.893570,2026-05-29 16:07:00,NOAA-20,IRAMAIA,BAHIA,Brasil,2914307,29,33,2,0.0,0.8,Caatinga,24.8
0a85a499-9dce-3be1-a7cc-607637d3ea0e, -10.815780, -46.935060,2026-05-29 16:07:00,NOAA-20,PONTE ALTA DO TOCANTINS,TOCANTINS,Brasil,1717909,17,33,6,0.0,0.99,Cerrado,11.4
ec870d03-ea44-3f97-b7ec-c8c7a4d3f645, -10.669260, -49.697720,2026-05-29 16:07:00,NOAA-20,LAGOA DA CONFUSÃO,TOCANTINS,Brasil,1711902,17,33,29,0.0,0.89,Cerrado,5.8
e621dc72-2b4f-3c25-9a61-c76736c6581f, -10.739930, -49.929440,2026-05-29 16:07:00,NOAA-20,LAGOA DA CONFUSÃO,TOCANTINS,Brasil,1711902,17,33,20,0.0,0.9,Cerrado,29.5
ae61f4fe-0574-339d-9980-afae8c4d97a5, -11.598890, -47.447430,2026-05-29 16:07:00,NOAA-20,NATIVIDADE,TOCANTINS,Brasil,1714203,17,33,6,0.0,0.58,Cerrado,6.8
a4f00995-81e3-343f-8a52-84baeaea1a4e, -13.871140, -48.171180,2026-05-29 16:07:00,NOAA-20,COLINAS DO SUL,GOIÁS,Brasil,5205521,52,33,6,0.0,0.8,Cerrado,5.5
a3a41f4d-bdc5-3fef-aac8-2ec9298af3fc, -10.635370, -49.725690,2026-05-29 16:07:00,NOAA-20,LAGOA DA CONFUSÃO,TOCANTINS,Brasil,1711902,17,33,25,0.0,0.78,Cerrado,15.7
d5da138f-3307-3f5d-8799-23c1069e1c55, -11.598080, -47.440680,2026-05-29 16:07:00,NOAA-20,NATIVIDADE,TOCANTINS,Brasil,1714203,17,33,6,0.0,0.33,Cerrado,9.5
c8a3fd1e-5419-3e1b-a805-ddc44b9a96ca, -11.963580, -47.371780,2026-05-29 16:07:00,NOAA-20,CONCEIÇÃO DO TOCANTINS,TOCANTINS,Brasil,1705607,17,33,6,0.0,0.76,Cerrado,4.2
462c5cc9-172e-3f21-9fe3-bcdcc81602b0, -11.589090, -47.441590,2026-05-29 16:07:00,NOAA-20,NATIVIDADE,TOCANTINS,Brasil,1714203,17,33,6,0.0,0.53,Cerrado,10.6
d0815a53-b1d5-378d-907d-bead2e75b800,  -9.541810, -40.605510,2026-05-29 16:07:00,NOAA-20,JUAZEIRO,BAHIA,Brasil,2918407,29,33,25,0.0,1.0,Caatinga,2.5
17c195ff-3eb1-3887-b642-3de5dfde8be1, -10.832690, -46.904580,2026-05-29 16:07:00,NOAA-20,PONTE ALTA DO TOCANTINS,TOCANTINS,Brasil,1717909,17,33,6,0.0,0.87,Cerrado,3.2
e9fde579-d92d-3361-ac8b-831ad40de61e, -13.323320, -40.892560,2026-05-29 16:07:00,NOAA-20,IRAMAIA,BAHIA,Brasil,2914307,29,33,2,0.0,0.8,Caatinga,5.4
f0f930cf-a15f-3b08-ae35-14fd949b27c2, -11.161100, -46.801200,2026-05-29 16:07:00,NOAA-20,ALMAS,TOCANTINS,Brasil,1700400,17,33,0,0.0,0.99,Cerrado,11.9
7c12c204-686b-353b-a35f-97e2a70fa088, -10.981900, -45.095180,2026-05-29 16:07:00,NOAA-20,FORMOSA DO RIO PRETO,BAHIA,Brasil,2911105,29,33,34,0.0,1.0,Cerrado,10.2
04bd7ec5-7aa7-31b0-929a-cb9b18255672, -11.160710, -46.798190,2026-05-29 16:07:00,NOAA-20,ALMAS,TOCANTINS,Brasil,1700400,17,33,0,0.0,1.0,Cerrado,11.9
6b80d94f-f5a9-3e3c-bd98-0ca7f2a7f6b0, -11.593130, -47.444630,2026-05-29 16:07:00,NOAA-20,NATIVIDADE,TOCANTINS,Brasil,1714203,17,33,6,0.0,0.51,Cerrado,6.8
9b0eda4b-807f-311f-83b8-06388a5e0049, -11.299560, -46.777940,2026-05-29 16:07:00,NOAA-20,RIO DA CONCEIÇÃO,TOCANTINS,Brasil,1718659,17,33,5,0.0,0.88,Cerrado,8.3
fd896f9e-d485-3d3b-9b8a-1b0f4afdd672, -11.016610, -43.495030,2026-05-29 16:07:00,NOAA-20,BARRA,BAHIA,Brasil,2902708,29,33,6,0.0,1.0,Cerrado,6.4
b87601e8-dd58-342d-b2de-972b6b5ea9e2, -11.778240, -45.417050,2026-05-29 16:07:00,NOAA-20,RIACHÃO DAS NEVES,BAHIA,Brasil,2926202,29,33,5,0.0,0.98,Cerrado,33.1
ec520c65-7429-3f12-90b2-219356bed582, -10.006870, -38.349070,2026-05-29 16:07:00,NOAA-20,JEREMOABO,BAHIA,Brasil,2918100,29,33,20,0.0,1.0,Caatinga,2.9
91745824-0f6e-3f9f-96d4-ac2daf965b39, -12.377270, -43.288980,2026-05-29 16:07:00,NOAA-20,MUQUÉM DO SÃO FRANCISCO,BAHIA,Brasil,2922250,29,33,6,0.0,1.0,Cerrado,66.7
d7561c80-ce53-3626-813d-ffb6657c94b0, -11.727520, -39.392910,2026-05-29 16:07:00,NOAA-20,RIACHÃO DO JACUÍPE,BAHIA,Brasil,2926301,29,33,2,0.0,1.0,Caatinga,5.0
8cf7d531-61a6-319c-ba1d-dd0feba0ff29, -11.599790, -47.440350,2026-05-29 16:07:00,NOAA-20,NATIVIDADE,TOCANTINS,Brasil,1714203,17,33,6,0.0,0.32,Cerrado,7.6
86cd953e-5b24-38bd-b711-5faf1fdca20a, -10.898810, -38.792350,2026-05-29 16:07:00,NOAA-20,TUCANO,BAHIA,Brasil,2931905,29,33,5,0.1,1.0,Caatinga,7.9
416e6344-8111-3502-9e77-8e4ef563673c, -13.382140, -42.440670,2026-05-29 16:07:00,NOAA-20,BOTUPORÃ,BAHIA,Brasil,2904209,29,33,6,0.0,1.0,Caatinga,2.6
a1330bea-6e6f-3aed-ab48-023cb6b0df4b, -10.771190, -44.167650,2026-05-29 16:07:00,NOAA-20,SANTA RITA DE CÁSSIA,BAHIA,Brasil,2928406,29,33,6,0.0,0.95,Cerrado,4.8
1ac14a11-7803-3f78-b6e0-138a00f21209, -11.296100, -46.779260,2026-05-29 16:07:00,NOAA-20,RIO DA CONCEIÇÃO,TOCANTINS,Brasil,1718659,17,33,5,0.0,0.97,Cerrado,8.4
85637672-f977-3e6c-88b9-948d4e899ca1, -15.316790, -42.039610,2026-05-29 16:07:00,NOAA-20,SÃO JOÃO DO PARAÍSO,MINAS GERAIS,Brasil,3162708,31,33,5,0.1,-999.0,Mata Atlântica,3.1
f07e522e-c3a1-3b0b-b5bf-7227480d1ce7, -10.953740, -49.894900,2026-05-29 16:07:00,NOAA-20,LAGOA DA CONFUSÃO,TOCANTINS,Brasil,1711902,17,33,21,0.0,0.88,Cerrado,18.6
762a02a8-1979-35d4-9c4c-51cb2b547a96, -10.648740, -49.733630,2026-05-29 16:07:00,NOAA-20,LAGOA DA CONFUSÃO,TOCANTINS,Brasil,1711902,17,33,28,0.0,0.97,Cerrado,8.6
84cc33f3-a2cb-3423-a102-b33914a1322a, -10.669830, -49.702410,2026-05-29 16:07:00,NOAA-20,LAGOA DA CONFUSÃO,TOCANTINS,Brasil,1711902,17,33,29,0.0,0.9,Cerrado,5.8
8ec0abfc-2c31-3667-b9e2-a22869d3ff60, -11.968500, -47.367620,2026-05-29 16:07:00,NOAA-20,CONCEIÇÃO DO TOCANTINS,TOCANTINS,Brasil,1705607,17,33,6,0.0,0.76,Cerrado,6.6
3c3f271d-e80e-3606-9b8a-00dae1bc976b, -13.223810, -43.577390,2026-05-29 16:07:00,NOAA-20,BOM JESUS DA LAPA,BAHIA,Brasil,2903904,29,33,6,0.0,1.0,Cerrado,2.5
203dbcbc-d16c-345c-b80d-840ffafaa281, -10.641490, -49.724940,2026-05-29 16:07:00,NOAA-20,LAGOA DA CONFUSÃO,TOCANTINS,Brasil,1711902,17,33,27,0.0,0.92,Cerrado,15.7
8d34d56d-fd61-3f9a-91de-4d591322f6b2, -11.468070, -46.693790,2026-05-29 16:07:00,NOAA-20,DIANÓPOLIS,TOCANTINS,Brasil,1707009,17,33,3,0.0,0.78,Cerrado,3.4
416f3347-d36e-3ed5-98dd-9c07c836d854, -11.903270, -39.184430,2026-05-29 16:07:00,NOAA-20,CANDEAL,BAHIA,Brasil,2906402,29,33,3,0.3,1.0,Caatinga,2.2
106e0b72-9445-3d83-a8e8-dfa040347de9, -11.734410, -46.985980,2026-05-29 16:07:00,NOAA-20,DIANÓPOLIS,TOCANTINS,Brasil,1707009,17,33,6,0.0,0.6,Cerrado,2.7
8ab87d1d-9926-343c-b9d7-beba78447820, -10.733160, -49.925320,2026-05-29 16:07:00,NOAA-20,LAGOA DA CONFUSÃO,TOCANTINS,Brasil,1711902,17,33,20,0.0,0.91,Cerrado,38.9
2a191555-1feb-3816-958f-8bbcb0659e00, -10.960520, -49.899020,2026-05-29 16:07:00,NOAA-20,LAGOA DA CONFUSÃO,TOCANTINS,Brasil,1711902,17,33,21,0.0,0.88,Cerrado,13.9
248d475e-c523-3fef-811d-326cdb784460, -15.098090, -43.867710,2026-05-29 16:07:00,NOAA-20,JAÍBA,MINAS GERAIS,Brasil,3135050,31,33,6,0.0,1.0,Cerrado,27.2
a0dd1baa-c99f-33d9-b09d-91c5522880f9, -10.820510, -46.931400,2026-05-29 16:07:00,NOAA-20,PONTE ALTA DO TOCANTINS,TOCANTINS,Brasil,1717909,17,33,6,0.0,0.89,Cerrado,2.5
1495619e-6272-3469-bae3-1e5c4fccfb8b, -11.218420, -38.327450,2026-05-29 16:07:00,NOAA-20,ITAPICURU,BAHIA,Brasil,2916500,29,33,14,0.0,0.92,Caatinga,3.2
32e1e412-bc8e-30bd-97fb-cd86d596db40, -12.372710, -43.285900,2026-05-29 16:07:00,NOAA-20,MUQUÉM DO SÃO FRANCISCO,BAHIA,Brasil,2922250,29,33,6,0.0,1.0,Cerrado,41.4
c41f45a7-86fc-3dac-b357-7d6d450885a9, -11.295690, -46.776110,2026-05-29 16:07:00,NOAA-20,RIO DA CONCEIÇÃO,TOCANTINS,Brasil,1718659,17,33,5,0.0,0.91,Cerrado,6.2
87c856e3-30b5-3e8e-8ece-69138ea9c085, -10.812650, -46.910040,2026-05-29 16:07:00,NOAA-20,PONTE ALTA DO TOCANTINS,TOCANTINS,Brasil,1717909,17,33,6,0.0,0.77,Cerrado,5.3
edf57df7-5d71-37da-bec1-002280c8696e, -11.332730, -46.795230,2026-05-29 16:07:00,NOAA-20,RIO DA CONCEIÇÃO,TOCANTINS,Brasil,1718659,17,33,5,0.0,0.88,Cerrado,2.0
d7cc92d5-c69d-3ba9-afb5-fc997b9a10c0, -10.959950, -49.894150,2026-05-29 16:07:00,NOAA-20,LAGOA DA CONFUSÃO,TOCANTINS,Brasil,1711902,17,33,21,0.0,0.91,Cerrado,13.9
e18ed25c-b967-3d03-a596-d5be649f0230, -10.829950, -46.923920,2026-05-29 16:07:00,NOAA-20,PONTE ALTA DO TOCANTINS,TOCANTINS,Brasil,1717909,17,33,6,0.0,0.94,Cerrado,28.1
54d9bbc1-6197-38e6-b87b-b59277eadbab, -10.820960, -46.893730,2026-05-29 16:07:00,NOAA-20,PONTE ALTA DO TOCANTINS,TOCANTINS,Brasil,1717909,17,33,6,0.0,0.76,Cerrado,5.0
9882d3e8-cdd3-331c-a292-93721574c3a2, -10.362560, -39.579850,2026-05-29 16:07:00,NOAA-20,MONTE SANTO,BAHIA,Brasil,2921500,29,33,14,0.0,1.0,Caatinga,8.9
aa7afab6-fc32-3658-98aa-64295823b043, -12.008600, -45.355630,2026-05-29 16:07:00,NOAA-20,BARREIRAS,BAHIA,Brasil,2903201,29,33,2,0.0,0.82,Cerrado,14.6
fe4ae36b-5ba9-3873-ab36-967244f0211b, -11.779580, -45.413730,2026-05-29 16:07:00,NOAA-20,BARREIRAS,BAHIA,Brasil,2903201,29,33,5,0.0,0.98,Cerrado,18.1
a07d307d-6742-36ba-a74e-791e2c51621c, -15.533970, -42.290180,2026-05-29 16:07:00,NOAA-20,INDAIABIRA,MINAS GERAIS,Brasil,3130655,31,33,6,0.0,0.89,Cerrado,10.1
ede55fb1-7b97-3eba-a79b-4e92ae2efd71, -11.165390, -46.794360,2026-05-29 16:07:00,NOAA-20,ALMAS,TOCANTINS,Brasil,1700400,17,33,0,0.0,1.0,Cerrado,7.2
6a9e4aab-00ab-3c64-88e2-ac7a17c30915, -11.326850, -46.789580,2026-05-29 16:07:00,NOAA-20,RIO DA CONCEIÇÃO,TOCANTINS,Brasil,1718659,17,33,5,0.0,0.77,Cerrado,8.0
faf42ed8-71a0-3cd4-ab48-6882c7d5e307, -10.362030, -39.576270,2026-05-29 16:07:00,NOAA-20,MONTE SANTO,BAHIA,Brasil,2921500,29,33,14,0.0,1.0,Caatinga,8.9
b4379633-2765-3fcc-865a-7ee95003ebd6, -10.984680, -45.094220,2026-05-29 16:07:00,NOAA-20,FORMOSA DO RIO PRETO,BAHIA,Brasil,2911105,29,33,33,0.0,1.0,Cerrado,8.1
95a8b867-30a2-3718-b34d-3d351dc896c8, -10.635930, -49.730400,2026-05-29 16:07:00,NOAA-20,LAGOA DA CONFUSÃO,TOCANTINS,Brasil,1711902,17,33,26,0.0,0.77,Cerrado,21.0
cb7eceaa-bac9-3edf-b9b3-82432529201c, -10.676580, -48.399280,2026-05-29 16:07:00,NOAA-20,PORTO NACIONAL,TOCANTINS,Brasil,1718204,17,33,6,0.0,-999.0,Cerrado,5.7
25e065df-2d74-3566-8cdb-31ba820b7771, -10.814630, -46.925850,2026-05-29 16:07:00,NOAA-20,PONTE ALTA DO TOCANTINS,TOCANTINS,Brasil,1717909,17,33,6,0.0,1.0,Cerrado,3.3
b5f3b89a-59cc-3a73-9e21-58c0d8c94b1a, -11.547420, -46.845920,2026-05-29 16:07:00,NOAA-20,DIANÓPOLIS,TOCANTINS,Brasil,1707009,17,33,6,0.0,0.66,Cerrado,3.0
c6922db1-9d2c-36ec-ad99-c31ced5be097, -11.244380, -49.663010,2026-05-29 16:07:00,NOAA-20,DUERÉ,TOCANTINS,Brasil,1707306,17,33,8,0.0,0.84,Cerrado,6.1
7afa2da8-9c90-39ab-80cd-0c865200fe17, -11.594440, -47.440950,2026-05-29 16:07:00,NOAA-20,NATIVIDADE,TOCANTINS,Brasil,1714203,17,33,6,0.0,0.36,Cerrado,7.6
a6447de9-69ab-308b-b7d8-d8d96eaa7433, -10.976060, -44.602830,2026-05-29 16:07:00,NOAA-20,SANTA RITA DE CÁSSIA,BAHIA,Brasil,2928406,29,33,5,0.0,0.96,Cerrado,13.8
2d739f08-d909-3281-8f31-f4f9d78e5469,  -9.418370, -38.340130,2026-05-29 16:07:00,NOAA-20,PAULO AFONSO,BAHIA,Brasil,2924009,29,33,19,0.0,1.0,Caatinga,3.3
0122f540-31b4-3c87-8c59-8bf25ccbb8d9, -15.317280, -42.041970,2026-05-29 16:07:00,NOAA-20,SÃO JOÃO DO PARAÍSO,MINAS GERAIS,Brasil,3162708,31,33,5,0.08,-999.0,Mata Atlântica,2.9
053aaeca-5cf8-3492-8652-e80cf4c01641, -10.816160, -46.938100,2026-05-29 16:07:00,NOAA-20,PONTE ALTA DO TOCANTINS,TOCANTINS,Brasil,1717909,17,33,6,0.0,0.99,Cerrado,11.4
94306481-1a12-3872-9bad-f65461023519, -10.740990, -49.926860,2026-05-29 16:07:00,NOAA-20,LAGOA DA CONFUSÃO,TOCANTINS,Brasil,1711902,17,33,19,0.0,0.94,Cerrado,48.2
22be2e18-faa8-3d9b-a286-c149eaecdf5e, -10.832290, -46.901420,2026-05-29 16:07:00,NOAA-20,PONTE ALTA DO TOCANTINS,TOCANTINS,Brasil,1717909,17,33,6,0.0,0.8,Cerrado,3.2
2a2a2950-c854-32ea-908d-9f7992eebe1f, -11.781330, -45.441790,2026-05-29 16:07:00,NOAA-20,BARREIRAS,BAHIA,Brasil,2903201,29,33,5,0.0,0.99,Cerrado,5.2
47356ee4-b12b-3c64-9444-e3cef3b29a0e, -10.734790, -49.927590,2026-05-29 16:07:00,NOAA-20,LAGOA DA CONFUSÃO,TOCANTINS,Brasil,1711902,17,33,20,0.0,0.84,Cerrado,48.2
ec7838fe-b613-39b4-bd45-efcfc1ac1c16, -10.813050, -46.913220,2026-05-29 16:07:00,NOAA-20,PONTE ALTA DO TOCANTINS,TOCANTINS,Brasil,1717909,17,33,6,0.0,0.83,Cerrado,5.3
3c41e094-0948-387e-bdb6-4bc4632053e9, -11.593530, -47.447990,2026-05-29 16:07:00,NOAA-20,NATIVIDADE,TOCANTINS,Brasil,1714203,17,33,6,0.0,0.6,Cerrado,6.8
675ead96-d1ab-35a8-b3f2-79b10ae6c3bb,  -9.969840, -38.372750,2026-05-29 16:07:00,NOAA-20,JEREMOABO,BAHIA,Brasil,2918100,29,33,20,0.0,1.0,Caatinga,4.0
75e2a085-cbab-32c6-98e5-f90e7e3c52ef, -10.734280, -49.935020,2026-05-29 16:07:00,NOAA-20,LAGOA DA CONFUSÃO,TOCANTINS,Brasil,1711902,17,33,20,0.0,0.59,Cerrado,30.2
e965fe14-143d-30cc-a41e-200b31207f16,  -9.340610, -38.363700,2026-05-29 16:07:00,NOAA-20,GLÓRIA,BAHIA,Brasil,2911402,29,33,19,0.0,1.0,Caatinga,3.6
b3c0166a-4538-32e7-b128-a4506747b8d9, -10.831070, -46.891780,2026-05-29 16:07:00,NOAA-20,PONTE ALTA DO TOCANTINS,TOCANTINS,Brasil,1717909,17,33,6,0.0,0.76,Cerrado,6.8
eaae3fda-853b-3dff-a83c-467e9d12c472, -11.298770, -46.771450,2026-05-29 16:07:00,NOAA-20,RIO DA CONCEIÇÃO,TOCANTINS,Brasil,1718659,17,33,5,0.0,0.81,Cerrado,8.4
697173b2-10cb-3df6-b1e0-22de1f141dd8, -12.362860, -40.439010,2026-05-29 16:07:00,NOAA-20,ITABERABA,BAHIA,Brasil,2914703,29,33,4,0.6,0.96,Caatinga,9.9
2ba64387-6b3f-331f-ad0a-d2d6b34b043c, -11.650820, -48.796130,2026-05-29 16:07:00,NOAA-20,GURUPI,TOCANTINS,Brasil,1709500,17,33,6,0.0,0.73,Cerrado,3.4
2ceb7b27-ab8f-396e-bb9a-149325f7cd24, -11.945280, -43.405550,2026-05-29 16:07:00,NOAA-20,MUQUÉM DO SÃO FRANCISCO,BAHIA,Brasil,2922250,29,33,5,0.1,1.0,Cerrado,7.0
c3dcf282-aeff-3af4-a35a-214c6b0dbddd,  -9.930490, -44.352620,2026-05-29 16:07:00,NOAA-20,CURIMATÁ,PIAUÍ,Brasil,2203206,22,33,6,0.0,0.83,Cerrado,15.1
f6bd03a7-0663-3bf2-a17d-57af663308a7, -10.255920, -39.950890,2026-05-29 16:07:00,NOAA-20,ANDORINHA,BAHIA,Brasil,2901353,29,33,20,0.0,1.0,Caatinga,4.1
3b9f6423-151e-33ce-abb4-71fa6d03f8e0, -11.599360, -47.436970,2026-05-29 16:07:00,NOAA-20,NATIVIDADE,TOCANTINS,Brasil,1714203,17,33,6,0.0,0.4,Cerrado,7.6
b2f1bd46-70d8-313f-852a-b023deab639a, -10.814240, -46.922720,2026-05-29 16:07:00,NOAA-20,PONTE ALTA DO TOCANTINS,TOCANTINS,Brasil,1717909,17,33,6,0.0,0.99,Cerrado,3.3
0b3b03e2-c140-30ac-a956-77c2bed8a521,  -8.608320, -49.537700,2026-05-29 16:09:00,NOAA-20,CONCEIÇÃO DO ARAGUAIA,PARÁ,Brasil,1502707,15,33,9,0.0,1.0,Amazônia,3.8
7c617919-9ffd-30a3-8da3-24d1be1b4450,  -3.153240, -45.109010,2026-05-29 16:09:00,NOAA-20,VIANA,MARANHÃO,Brasil,2112803,21,33,4,10.48,0.0,Amazônia,1.6
b66d9f6c-59bd-346f-abea-b344df82e0dc,  -8.684580, -48.304560,2026-05-29 16:09:00,NOAA-20,GUARAÍ,TOCANTINS,Brasil,1709302,17,33,18,0.0,0.48,Cerrado,10.1
6892d9c3-a183-3101-b906-711aff389e50,  -6.820080, -43.400280,2026-05-29 16:09:00,NOAA-20,BARÃO DE GRAJAÚ,MARANHÃO,Brasil,2101509,21,33,16,0.0,1.0,Caatinga,53.7
ed86f739-6874-381c-9d07-755c6ec50ba8,  -8.481760, -47.425760,2026-05-29 16:09:00,NOAA-20,GOIATINS,TOCANTINS,Brasil,1709005,17,33,15,0.0,0.75,Cerrado,3.9
20a29c5b-9785-30f5-849a-e6db8246e807,  -9.996950, -46.385060,2026-05-29 16:09:00,NOAA-20,ALTO PARNAÍBA,MARANHÃO,Brasil,2100501,21,33,8,0.0,0.98,Cerrado,17.6
12a994f7-108a-35ec-91c4-74fe02cc6ca0,  -7.135720, -47.176720,2026-05-29 16:09:00,NOAA-20,CAROLINA,MARANHÃO,Brasil,2102804,21,33,13,0.0,0.87,Cerrado,8.1
017f4709-50a1-3bd3-bed0-33776e83b31e,  -9.699870, -47.241430,2026-05-29 16:09:00,NOAA-20,RIO SONO,TOCANTINS,Brasil,1718758,17,33,28,0.0,1.0,Cerrado,18.7
b5098f93-79e5-3cbf-8ef0-e53fa4684e84,  -6.936530, -42.740140,2026-05-29 16:09:00,NOAA-20,NAZARÉ DO PIAUÍ,PIAUÍ,Brasil,2206704,22,33,20,0.0,0.99,Caatinga,7.9
ec3b3618-5469-3906-8415-0566e3d1368e,  -9.096660, -46.915150,2026-05-29 16:09:00,NOAA-20,BALSAS,MARANHÃO,Brasil,2101400,21,33,36,0.0,0.91,Cerrado,8.6
d9665e4e-59b6-3a09-9b08-ae6bb16c26c8,  -8.167210, -35.867240,2026-05-29 16:09:00,NOAA-20,BEZERROS,PERNAMBUCO,Brasil,2601904,26,33,3,0.0,0.8,Mata Atlântica,2.5
02aca59f-488e-3033-8ed0-28c874197719,  -8.839220, -46.717950,2026-05-29 16:09:00,NOAA-20,BALSAS,MARANHÃO,Brasil,2101400,21,33,37,0.0,0.91,Cerrado,9.2
f89a5d68-16ee-3f2d-bd2f-9196a2576914,  -9.665380, -48.108240,2026-05-29 16:09:00,NOAA-20,TOCANTÍNIA,TOCANTINS,Brasil,1721109,17,33,15,0.0,0.74,Cerrado,6.1
643ab914-2cd7-3baf-9de4-e251bb58a32d,  -6.641910, -48.028340,2026-05-29 16:09:00,NOAA-20,DARCINÓPOLIS,TOCANTINS,Brasil,1706506,17,33,13,0.0,0.55,Cerrado,3.8
95a0c4cc-073c-362a-a002-aa36f96e0519,  -8.388390, -46.887600,2026-05-29 16:09:00,NOAA-20,CAMPOS LINDOS,TOCANTINS,Brasil,1703842,17,33,18,0.0,0.83,Cerrado,9.2
e53b9157-a60b-38df-80fe-f5864d398db0,  -9.996270, -46.379760,2026-05-29 16:09:00,NOAA-20,ALTO PARNAÍBA,MARANHÃO,Brasil,2100501,21,33,7,0.0,1.0,Cerrado,17.6
5656a726-31b0-33bb-9eb5-2ada64826dbb,  -7.449580, -47.710920,2026-05-29 16:09:00,NOAA-20,FILADÉLFIA,TOCANTINS,Brasil,1707702,17,33,13,0.0,0.71,Cerrado,4.0
85e7a363-33ea-3485-8dba-b408cbf8fcfb,  -9.479060, -48.016900,2026-05-29 16:09:00,NOAA-20,TOCANTÍNIA,TOCANTINS,Brasil,1721109,17,33,15,0.0,0.82,Cerrado,8.8
aa6db148-bb55-34f1-9f14-919fe986819c,  -5.613070, -37.528660,2026-05-29 16:09:00,NOAA-20,CARAÚBAS,RIO GRANDE DO NORTE,Brasil,2402303,24,33,0,0.4,0.33,Caatinga,2.3
e3817985-826b-3498-8d27-53375baa5ddc, -10.201530, -47.026560,2026-05-29 16:09:00,NOAA-20,NOVO ACORDO,TOCANTINS,Brasil,1715101,17,33,32,0.0,1.0,Cerrado,5.1
ab6dc0f5-6c48-3217-a328-78890a0aa217,  -6.260800, -48.558280,2026-05-29 16:09:00,NOAA-20,SÃO GERALDO DO ARAGUAIA,PARÁ,Brasil,1507458,15,33,13,0.0,1.0,Amazônia,4.9
2bf13447-74c3-3963-b974-c20bf48bd355,  -9.994170, -46.401830,2026-05-29 16:09:00,NOAA-20,ALTO PARNAÍBA,MARANHÃO,Brasil,2100501,21,33,9,0.0,1.0,Cerrado,21.5
e0a0b3fa-d519-32d3-a26b-685604a67c53,  -9.438460, -48.018760,2026-05-29 16:09:00,NOAA-20,TOCANTÍNIA,TOCANTINS,Brasil,1721109,17,33,16,0.0,0.85,Cerrado,6.8
8ee023b1-bfe8-351d-b5ac-b8532a8d2f41,  -6.259790, -48.551040,2026-05-29 16:09:00,NOAA-20,SÃO GERALDO DO ARAGUAIA,PARÁ,Brasil,1507458,15,33,13,0.0,1.0,Amazônia,5.3
9654ca36-fa98-3548-9d0d-f41ae0f166ec,  -9.348330, -47.086370,2026-05-29 16:09:00,NOAA-20,LIZARDA,TOCANTINS,Brasil,1712405,17,33,25,0.0,0.9,Cerrado,2.9
d525f9ea-9e08-3b2c-9f14-8e90f87fcf21,  -7.149410, -47.312590,2026-05-29 16:09:00,NOAA-20,CAROLINA,MARANHÃO,Brasil,2102804,21,33,11,0.0,0.72,Cerrado,8.2
960220c6-c1b7-39d7-855e-6f4b8b213d55,  -8.396430, -47.587300,2026-05-29 16:09:00,NOAA-20,GOIATINS,TOCANTINS,Brasil,1709005,17,33,15,0.0,0.71,Cerrado,1.6
49bc4c08-e362-34fa-937d-2190b8ce1d27,  -6.135090, -45.573970,2026-05-29 16:09:00,NOAA-20,FERNANDO FALCÃO,MARANHÃO,Brasil,2104081,21,33,11,0.0,0.95,Cerrado,1.8
037e5c0d-7799-33ce-aecf-4348e5530437,  -5.960140, -43.491500,2026-05-29 16:09:00,NOAA-20,LAGOA DO MATO,MARANHÃO,Brasil,2105922,21,33,14,0.0,0.9,Cerrado,4.6
4fb82bf8-5cc3-3a80-b93b-1869f6942e3e,  -4.370730, -37.898410,2026-05-29 16:09:00,NOAA-20,BEBERIBE,CEARÁ,Brasil,2302206,23,33,-999,0.0,0.04,Caatinga,3.2
dd791221-2c63-30c7-9a9c-9368e56d2f20,  -9.993490, -46.396520,2026-05-29 16:09:00,NOAA-20,ALTO PARNAÍBA,MARANHÃO,Brasil,2100501,21,33,9,0.0,1.0,Cerrado,15.0
5a8e61c1-4bfb-3f95-b751-6c675df595d3,  -5.579770, -42.727620,2026-05-29 16:09:00,NOAA-20,MONSENHOR GIL,PIAUÍ,Brasil,2206407,22,33,11,0.0,0.42,Caatinga,6.1
dc578c19-791e-357b-865e-c7d5a985a588,  -6.827690, -43.399210,2026-05-29 16:09:00,NOAA-20,BARÃO DE GRAJAÚ,MARANHÃO,Brasil,2101509,21,33,17,0.0,1.0,Caatinga,13.8
53276743-25b6-3643-bd0f-206ec9761552,  -6.241220, -48.456320,2026-05-29 16:09:00,NOAA-20,SÃO GERALDO DO ARAGUAIA,PARÁ,Brasil,1507458,15,33,11,0.0,1.0,Amazônia,2.8
0eb9cc47-b384-3f4a-8e9d-71dd2370087a,  -6.831500, -43.398680,2026-05-29 16:09:00,NOAA-20,BARÃO DE GRAJAÚ,MARANHÃO,Brasil,2101509,21,33,17,0.0,1.0,Caatinga,13.8
ca3174a4-d3e9-3a3a-93f8-4cb85859918e,  -8.836550, -46.716350,2026-05-29 16:09:00,NOAA-20,BALSAS,MARANHÃO,Brasil,2101400,21,33,37,0.0,0.92,Cerrado,17.9
fbca245f-5adf-3214-a96f-df29aba674a6,  -9.518650, -48.239590,2026-05-29 16:09:00,NOAA-20,TOCANTÍNIA,TOCANTINS,Brasil,1721109,17,33,7,0.0,0.8,Cerrado,12.4
4d3e7aae-7424-3796-a5e6-0367cb411511,  -8.834330, -46.718620,2026-05-29 16:09:00,NOAA-20,BALSAS,MARANHÃO,Brasil,2101400,21,33,37,0.0,0.98,Cerrado,9.2
e0ed7f6d-8aed-3575-8a1e-78eb7e5a0653,  -9.709760, -47.237250,2026-05-29 16:09:00,NOAA-20,RIO SONO,TOCANTINS,Brasil,1718758,17,33,27,0.0,0.96,Cerrado,2.7
6e46f46f-60e6-3d84-bbb4-b7dd04559de7,  -7.657410, -39.050580,2026-05-29 16:09:00,NOAA-20,JATI,CEARÁ,Brasil,2307205,23,33,3,0.0,0.76,Caatinga,2.6
88f09b8c-e72b-3f19-a5b5-2b4c665d11a1,  -9.478610, -48.013450,2026-05-29 16:09:00,NOAA-20,TOCANTÍNIA,TOCANTINS,Brasil,1721109,17,33,15,0.0,0.82,Cerrado,7.5
faa7dc61-c9f0-3918-8220-4d49402b8dcc,  -5.951900, -43.487920,2026-05-29 16:09:00,NOAA-20,LAGOA DO MATO,MARANHÃO,Brasil,2105922,21,33,14,0.0,0.9,Cerrado,14.7
18f5b63e-e3e3-3ea5-b3a4-a558575c1f5f,  -8.841450, -46.715710,2026-05-29 16:09:00,NOAA-20,BALSAS,MARANHÃO,Brasil,2101400,21,33,37,0.0,0.87,Cerrado,22.6
379edccb-bf00-3bee-8697-958699c1eb89,  -7.033830, -38.813280,2026-05-29 16:09:00,NOAA-20,BARRO,CEARÁ,Brasil,2302008,23,33,2,0.0,0.22,Caatinga,5.8
f596579f-fb84-3683-99b2-69e83dd2dc30,  -8.409080, -37.912960,2026-05-29 16:09:00,NOAA-20,FLORESTA,PERNAMBUCO,Brasil,2605707,26,33,16,0.0,1.0,Caatinga,1.9
57c9a8aa-5c2e-3e5a-8063-8d976d94e03c,  -6.933490, -42.745000,2026-05-29 16:09:00,NOAA-20,NAZARÉ DO PIAUÍ,PIAUÍ,Brasil,2206704,22,33,20,0.0,0.98,Caatinga,7.9
4d94b044-f9d5-3767-bc37-6052138c7b25,  -9.518190, -48.236060,2026-05-29 16:09:00,NOAA-20,TOCANTÍNIA,TOCANTINS,Brasil,1721109,17,33,8,0.0,0.8,Cerrado,19.6
752adf78-4dc0-3e82-b0b9-dcd8bd5e2b6b,  -7.145220, -47.318980,2026-05-29 16:09:00,NOAA-20,CAROLINA,MARANHÃO,Brasil,2102804,21,33,11,0.0,0.71,Cerrado,5.1
f3046ed9-662e-31d9-ac69-938f4224b1d9,  -6.260270, -48.554490,2026-05-29 16:09:00,NOAA-20,SÃO GERALDO DO ARAGUAIA,PARÁ,Brasil,1507458,15,33,13,0.0,1.0,Amazônia,5.3
abb73267-14af-3733-a189-79b9ef019735,  -6.099990, -43.872730,2026-05-29 16:09:00,NOAA-20,PASSAGEM FRANCA,MARANHÃO,Brasil,2107902,21,33,10,0.0,0.76,Cerrado,8.2
99cfd2da-3d82-3a48-a110-3bef76c5903d,  -9.986930, -46.409660,2026-05-29 16:09:00,NOAA-20,ALTO PARNAÍBA,MARANHÃO,Brasil,2100501,21,33,10,0.0,1.0,Cerrado,5.5
3bc9d10b-8a91-3dc5-b484-2f38e2b29057,  -9.544930, -48.040250,2026-05-29 16:09:00,NOAA-20,TOCANTÍNIA,TOCANTINS,Brasil,1721109,17,33,15,0.0,0.76,Cerrado,8.5
75341109-6914-3ee8-9b97-d0635b4ebab7,  -8.844110, -46.717350,2026-05-29 16:09:00,NOAA-20,BALSAS,MARANHÃO,Brasil,2101400,21,33,37,0.0,0.84,Cerrado,17.6
90465804-d78a-3f2c-aebb-35c04c01a474,  -9.549040, -48.029190,2026-05-29 16:09:00,NOAA-20,TOCANTÍNIA,TOCANTINS,Brasil,1721109,17,33,15,0.0,0.76,Cerrado,5.6
01698916-4973-3c8f-9c1d-716ef4a2b5e2,  -9.159360, -46.854260,2026-05-29 16:09:00,NOAA-20,LIZARDA,TOCANTINS,Brasil,1712405,17,33,34,0.0,1.0,Cerrado,4.7
5e781696-174b-34c1-982a-4090da490a52,  -9.546530, -48.029250,2026-05-29 16:09:00,NOAA-20,TOCANTÍNIA,TOCANTINS,Brasil,1721109,17,33,15,0.0,0.76,Cerrado,4.6
bf054184-dcac-3ddc-b09c-dd8cbc5bdc81,  -3.209930, -45.212470,2026-05-29 16:09:00,NOAA-20,PENALVA,MARANHÃO,Brasil,2108306,21,33,4,10.4,0.02,Amazônia,2.1
e233347f-f9bf-3c55-8bdf-a0dc5396f4a3,  -9.990000, -46.407920,2026-05-29 16:09:00,NOAA-20,ALTO PARNAÍBA,MARANHÃO,Brasil,2100501,21,33,10,0.0,1.0,Cerrado,21.5
520f649b-4da1-3995-ac11-2869ced441b7,  -9.221440, -47.512900,2026-05-29 16:09:00,NOAA-20,CENTENÁRIO,TOCANTINS,Brasil,1704105,17,33,31,0.0,0.94,Cerrado,7.7
b6a18888-73e2-3ca6-bf47-7ed747e80d66,  -9.524100, -48.238740,2026-05-29 16:09:00,NOAA-20,TOCANTÍNIA,TOCANTINS,Brasil,1721109,17,33,7,0.0,0.79,Cerrado,12.4
8eeb25bf-88d0-3212-8ec3-aa0c19b34885,  -6.994500, -42.878540,2026-05-29 16:09:00,NOAA-20,FLORIANO,PIAUÍ,Brasil,2203909,22,33,26,0.0,0.99,Caatinga,38.9
31c34b3a-1f20-3b03-941d-2b73c99f6c09,  -8.679750, -37.347670,2026-05-29 16:09:00,NOAA-20,TUPANATINGA,PERNAMBUCO,Brasil,2615805,26,33,5,0.0,0.94,Caatinga,3.9
0bb36200-1637-3f04-824a-098d37c219c0,  -6.680460, -47.991200,2026-05-29 16:09:00,NOAA-20,DARCINÓPOLIS,TOCANTINS,Brasil,1706506,17,33,13,0.0,0.79,Cerrado,6.3
2fb8235b-e1f8-3cbd-9088-270955f919bf,  -6.292540, -45.703180,2026-05-29 16:09:00,NOAA-20,FERNANDO FALCÃO,MARANHÃO,Brasil,2104081,21,33,11,0.0,1.0,Cerrado,3.7
6fb0d15f-8774-383e-84e4-ee21410f1929,  -8.905520, -38.580250,2026-05-29 16:09:00,NOAA-20,RODELAS,BAHIA,Brasil,2927101,29,33,20,0.0,1.0,Caatinga,5.7
ee4a17ff-6dcb-3c22-b4c4-75436b96614d,  -9.985800, -46.413740,2026-05-29 16:09:00,NOAA-20,ALTO PARNAÍBA,MARANHÃO,Brasil,2100501,21,33,10,0.0,0.99,Cerrado,4.1
84de465d-3dba-312d-bca9-ca17ed0018b8,  -6.265590, -48.553590,2026-05-29 16:09:00,NOAA-20,SÃO GERALDO DO ARAGUAIA,PARÁ,Brasil,1507458,15,33,13,0.0,1.0,Amazônia,5.3
5be90243-32b0-3fa4-8534-2844e5a59717,  -5.972030, -42.659260,2026-05-29 16:09:00,NOAA-20,SÃO GONÇALO DO PIAUÍ,PIAUÍ,Brasil,2209807,22,33,14,0.0,0.9,Caatinga,5.4
00fcb218-15a6-39b8-9543-f2ec428846dc,  -9.668510, -48.101140,2026-05-29 16:09:00,NOAA-20,TOCANTÍNIA,TOCANTINS,Brasil,1721109,17,33,15,0.0,0.74,Cerrado,4.8
48e53579-9afb-352b-af8b-411b0a0916ba,  -9.970040, -46.811210,2026-05-29 16:09:00,NOAA-20,LIZARDA,TOCANTINS,Brasil,1712405,17,33,9,0.0,0.9,Cerrado,2.2
6fecd748-2fcf-3132-b6f0-80f55b3a0e54,  -9.435430, -48.018620,2026-05-29 16:09:00,NOAA-20,TOCANTÍNIA,TOCANTINS,Brasil,1721109,17,33,16,0.0,0.85,Cerrado,5.9
8c5517dc-61d9-3a90-b098-9aeb9ba6b4d3, -10.220750, -47.014950,2026-05-29 16:09:00,NOAA-20,NOVO ACORDO,TOCANTINS,Brasil,1715101,17,33,32,0.0,1.0,Cerrado,4.3
846428ea-aec3-3158-b8bd-af8cb8ad9987,  -8.838470, -46.712510,2026-05-29 16:09:00,NOAA-20,BALSAS,MARANHÃO,Brasil,2101400,21,33,37,0.0,0.86,Cerrado,9.2
f1111d4b-23d4-303d-8cdd-4b6f7700ea4c,  -8.726320, -48.314380,2026-05-29 16:09:00,NOAA-20,GUARAÍ,TOCANTINS,Brasil,1709302,17,33,16,0.0,0.53,Cerrado,5.0
ac6336f5-0f8b-3ff0-b834-2099dc0e63ae,  -6.131330, -45.578670,2026-05-29 16:09:00,NOAA-20,FERNANDO FALCÃO,MARANHÃO,Brasil,2104081,21,33,11,0.0,0.99,Cerrado,7.9
e2b783d5-0a09-3d0f-a5d7-787f940ff613,  -5.339680, -42.680920,2026-05-29 16:09:00,NOAA-20,DEMERVAL LOBÃO,PIAUÍ,Brasil,2203305,22,33,5,0.0,0.46,Caatinga,4.1
1d3c1f70-74a3-3da4-a11a-1e93a3695188,  -6.680900, -47.994460,2026-05-29 16:09:00,NOAA-20,DARCINÓPOLIS,TOCANTINS,Brasil,1706506,17,33,13,0.0,0.71,Cerrado,6.3
5b488724-0830-3cfa-9d69-6e138e8b6ee8,  -6.264690, -48.547160,2026-05-29 16:09:00,NOAA-20,SÃO GERALDO DO ARAGUAIA,PARÁ,Brasil,1507458,15,33,13,0.0,0.8,Amazônia,5.1
94000727-7785-36f0-93cc-91d822e6f069,  -9.549470, -48.032610,2026-05-29 16:09:00,NOAA-20,TOCANTÍNIA,TOCANTINS,Brasil,1721109,17,33,15,0.0,0.76,Cerrado,5.6
0b59fd67-b8c8-375a-8407-13c92ae2a749,  -9.221840, -47.515950,2026-05-29 16:09:00,NOAA-20,CENTENÁRIO,TOCANTINS,Brasil,1704105,17,33,31,0.0,0.94,Cerrado,6.7
a57e6fbe-b95c-3d61-ae64-357d29b66709,  -7.030910, -43.470130,2026-05-29 16:09:00,NOAA-20,JERUMENHA,PIAUÍ,Brasil,2205300,22,33,26,0.0,1.0,Cerrado,8.2
894e7333-1b41-3d5e-89ce-53ab39738249,  -6.937160, -42.744450,2026-05-29 16:09:00,NOAA-20,NAZARÉ DO PIAUÍ,PIAUÍ,Brasil,2206704,22,33,20,0.0,0.99,Caatinga,7.9
d7dec92e-bfc2-3f91-9a10-8c14c640c2e1,  -6.995150, -42.882930,2026-05-29 16:09:00,NOAA-20,FLORIANO,PIAUÍ,Brasil,2203909,22,33,26,0.0,0.99,Caatinga,25.5
186e97be-4f77-3853-a5da-a18f9a09e25c,  -2.807390, -42.715100,2026-05-29 16:09:00,NOAA-20,BARREIRINHAS,MARANHÃO,Brasil,2101707,21,33,1,3.9,0.01,Cerrado,3.1
80b528ea-5558-32a1-bafb-84841716bf6b,  -9.181910, -48.628250,2026-05-29 16:09:00,NOAA-20,FORTALEZA DO TABOCÃO,TOCANTINS,Brasil,1708254,17,33,31,0.0,0.78,Cerrado,3.8
bfa9ffc9-38ce-3e1b-9bbf-3f17fbf39bc2,  -6.270450, -48.549460,2026-05-29 16:09:00,NOAA-20,SÃO GERALDO DO ARAGUAIA,PARÁ,Brasil,1507458,15,33,13,0.0,0.99,Amazônia,3.8
2c33ba2a-2d83-3764-a643-fb134bf9c328,  -9.544080, -48.033390,2026-05-29 16:09:00,NOAA-20,TOCANTÍNIA,TOCANTINS,Brasil,1721109,17,33,15,0.0,0.76,Cerrado,5.6
dbcef2ff-460c-32b4-8fe4-8a47a34e83c6,  -7.211120, -46.946770,2026-05-29 16:09:00,NOAA-20,CAROLINA,MARANHÃO,Brasil,2102804,21,33,13,0.0,0.68,Cerrado,5.5
ebb168be-23de-3a97-b318-12dff9e95fc0,  -9.699470, -47.238400,2026-05-29 16:09:00,NOAA-20,RIO SONO,TOCANTINS,Brasil,1718758,17,33,28,0.0,0.99,Cerrado,18.7
c72aef57-e908-369b-a3d3-fff3b7269b3b,  -9.512710, -48.236740,2026-05-29 16:09:00,NOAA-20,TOCANTÍNIA,TOCANTINS,Brasil,1721109,17,33,8,0.0,0.8,Cerrado,7.9
c080e4d8-9844-3bcd-b993-f1f7470a410b,  -8.391260, -47.587920,2026-05-29 16:09:00,NOAA-20,GOIATINS,TOCANTINS,Brasil,1709005,17,33,15,0.0,0.75,Cerrado,6.5
c4bb5f77-0bcc-36ba-ab8a-d80db5d02fdf,  -6.234100, -45.573830,2026-05-29 16:09:00,NOAA-20,FERNANDO FALCÃO,MARANHÃO,Brasil,2104081,21,33,11,0.0,1.0,Cerrado,6.3
17857ecb-34ce-399d-84ac-d01cce7c0e46,  -8.823040, -47.121770,2026-05-29 16:09:00,NOAA-20,RECURSOLÂNDIA,TOCANTINS,Brasil,1718501,17,33,31,0.0,0.93,Cerrado,4.8
f687f352-32c0-3afb-af93-39889631e358,  -7.835960, -50.237570,2026-05-29 16:09:00,NOAA-20,PAU D'ARCO,PARÁ,Brasil,1505551,15,33,14,0.0,0.28,Amazônia,4.2
c3173958-5211-3300-b797-afa854bdf1bd,  -8.301360, -39.381860,2026-05-29 16:09:00,NOAA-20,CABROBÓ,PERNAMBUCO,Brasil,2603009,26,33,20,0.0,1.0,Caatinga,3.2
b099f047-c734-3881-82a3-3dc1fe77c75b,  -9.512270, -48.233290,2026-05-29 16:09:00,NOAA-20,TOCANTÍNIA,TOCANTINS,Brasil,1721109,17,33,8,0.0,0.8,Cerrado,7.9
eeeb46af-9871-3ec5-a579-f87d67e4f8fb,  -8.833590, -46.713210,2026-05-29 16:09:00,NOAA-20,BALSAS,MARANHÃO,Brasil,2101400,21,33,36,0.0,0.9,Cerrado,9.2
5c705805-56e5-3963-856f-2d96177ffd42,  -9.011040, -40.993560,2026-05-29 16:09:00,NOAA-20,CASA NOVA,BAHIA,Brasil,2907202,29,33,21,0.0,1.0,Caatinga,4.7
77ba0381-3a9d-314b-b6fe-9c259fcb7a1b,  -8.843360, -46.711880,2026-05-29 16:09:00,NOAA-20,BALSAS,MARANHÃO,Brasil,2101400,21,33,37,0.0,0.84,Cerrado,17.6
aedecc6e-988e-3689-bf87-cbd74cbc53d9,  -9.670380, -48.103980,2026-05-29 16:09:00,NOAA-20,TOCANTÍNIA,TOCANTINS,Brasil,1721109,17,33,15,0.0,0.74,Cerrado,6.1
b61a8d3f-50b2-3f7c-a4c4-300b723983fb,  -7.007600, -45.003490,2026-05-29 16:09:00,NOAA-20,LORETO,MARANHÃO,Brasil,2106102,21,33,24,0.0,0.91,Cerrado,10.5
b525f93f-3fbf-378d-8aba-87864afe5720,  -7.500560, -43.375250,2026-05-29 16:09:00,NOAA-20,ITAUEIRA,PIAUÍ,Brasil,2205102,22,33,37,0.0,1.0,Cerrado,1.4
9fcfd8e9-613f-3d1e-9cf0-a319aa6661dd,  -6.999990, -43.868890,2026-05-29 16:09:00,NOAA-20,MARCOS PARENTE,PIAUÍ,Brasil,2206001,22,33,25,0.0,0.9,Cerrado,5.9
a51ad496-68b1-3d48-b6c0-dd93af5d0131,  -7.130780, -48.196750,2026-05-29 16:09:00,NOAA-20,ARAGUAÍNA,TOCANTINS,Brasil,1702109,17,33,13,0.0,-999.0,Amazônia,3.6
8fe243e2-8c24-3d59-b33f-5e2ada7883c6,  -8.835850, -46.710940,2026-05-29 16:09:00,NOAA-20,BALSAS,MARANHÃO,Brasil,2101400,21,33,37,0.0,0.85,Cerrado,7.6
eb9307d2-60ad-3101-869f-d242d05c0724,  -7.861300, -45.434810,2026-05-29 16:09:00,NOAA-20,RIBEIRO GONÇALVES,PIAUÍ,Brasil,2208908,22,33,35,0.0,0.96,Cerrado,4.6
1c5b68cc-130d-3779-b4f1-0b2eb92e80c6,  -9.994860, -46.407190,2026-05-29 16:09:00,NOAA-20,ALTO PARNAÍBA,MARANHÃO,Brasil,2100501,21,33,9,0.0,1.0,Cerrado,21.5
21531350-db32-3700-b14a-50219c4c4287,  -7.432540, -43.255510,2026-05-29 16:09:00,NOAA-20,ITAUEIRA,PIAUÍ,Brasil,2205102,22,33,33,0.0,1.0,Cerrado,4.3
b25f3f1b-734d-320b-954f-b6776c702935,  -8.849010, -46.716760,2026-05-29 16:09:00,NOAA-20,BALSAS,MARANHÃO,Brasil,2101400,21,33,37,0.0,0.83,Cerrado,17.6
e0bae40d-ccae-37d9-85cd-04aa5b2f651d,  -9.672790, -48.167780,2026-05-29 16:09:00,NOAA-20,TOCANTÍNIA,TOCANTINS,Brasil,1721109,17,33,13,0.0,0.74,Cerrado,8.8
d8ae0c28-fa48-34ed-af21-8b0b870b8fea,  -6.250070, -45.592730,2026-05-29 16:09:00,NOAA-20,FERNANDO FALCÃO,MARANHÃO,Brasil,2104081,21,33,11,0.0,1.0,Cerrado,6.9
08b7ee6f-d4db-3ff7-bf35-f35997914aa9,  -8.840740, -46.710270,2026-05-29 16:09:00,NOAA-20,BALSAS,MARANHÃO,Brasil,2101400,21,33,37,0.0,0.83,Cerrado,24.8
3d59127d-5d68-3754-9a1e-7318dd7e1adb,  -7.019430, -45.417970,2026-05-29 16:09:00,NOAA-20,SAMBAÍBA,MARANHÃO,Brasil,2109700,21,33,24,0.0,0.94,Cerrado,4.0
a8736904-0c5d-3a26-a3ab-507b30d10c0d,  -6.395130, -44.170110,2026-05-29 16:09:00,NOAA-20,SUCUPIRA DO NORTE,MARANHÃO,Brasil,2111904,21,33,16,0.0,0.81,Cerrado,14.0
d06f658b-e9e2-3dda-968f-3a71f2430463,  -6.999270, -43.863900,2026-05-29 16:09:00,NOAA-20,MARCOS PARENTE,PIAUÍ,Brasil,2206001,22,33,25,0.0,0.9,Cerrado,5.9
43a27035-2673-3161-972c-38f1f34b98a2,  -8.846340, -46.715090,2026-05-29 16:09:00,NOAA-20,BALSAS,MARANHÃO,Brasil,2101400,21,33,37,0.0,0.83,Cerrado,22.6
f9b0e537-f9e3-39be-a4bd-f58f922e1f0f,  -8.090430, -47.176060,2026-05-29 16:09:00,NOAA-20,GOIATINS,TOCANTINS,Brasil,1709005,17,33,17,0.0,0.75,Cerrado,5.0
b9458845-c826-3d30-8733-a6c40af5e682,  -8.822650, -47.118830,2026-05-29 16:09:00,NOAA-20,RECURSOLÂNDIA,TOCANTINS,Brasil,1718501,17,33,31,0.0,0.93,Cerrado,8.0
17163f7b-f8c1-38c1-9be4-7f3f416184c2,  -7.736400, -43.927190,2026-05-29 16:09:00,NOAA-20,BERTOLÍNIA,PIAUÍ,Brasil,2201705,22,33,26,0.0,0.97,Cerrado,5.3
00824512-292e-3f23-b9bf-aac20cc4201a,  -9.985130, -46.408530,2026-05-29 16:09:00,NOAA-20,ALTO PARNAÍBA,MARANHÃO,Brasil,2100501,21,33,10,0.0,1.0,Cerrado,8.2
9a0557f3-07c7-3451-8ffc-5937decb3f99,  -6.392330, -51.616690,2026-05-29 16:09:00,NOAA-20,SÃO FÉLIX DO XINGU,PARÁ,Brasil,1507300,15,33,12,0.0,1.0,Amazônia,4.3
83f2e255-85a7-33c8-8b9c-4291faf63fd3,  -2.810300, -42.710690,2026-05-29 16:09:00,NOAA-20,BARREIRINHAS,MARANHÃO,Brasil,2101707,21,33,1,4.01,0.01,Cerrado,27.7
0b6cd15b-0d9f-3a48-970e-05b97e4392dc,  -9.868330, -48.252660,2026-05-29 16:09:00,NOAA-20,LAJEADO,TOCANTINS,Brasil,1712009,17,33,14,0.0,0.8,Cerrado,2.6
63b21fda-b626-384d-8cdf-bfb819993087,  -9.669950, -48.100560,2026-05-29 16:09:00,NOAA-20,TOCANTÍNIA,TOCANTINS,Brasil,1721109,17,33,15,0.0,0.74,Cerrado,6.6
65a5f1fc-6f2c-335f-b2ee-6db499dcbb3c,  -7.030220, -43.465340,2026-05-29 16:09:00,NOAA-20,JERUMENHA,PIAUÍ,Brasil,2205300,22,33,26,0.0,1.0,Cerrado,8.2
2971c3df-d669-374f-ab17-25344e6ee87a,  -9.982050, -46.410200,2026-05-29 16:09:00,NOAA-20,ALTO PARNAÍBA,MARANHÃO,Brasil,2100501,21,33,10,0.0,0.94,Cerrado,5.5
ebb95331-1791-34d8-b248-0eb930145dc5,  -6.265130, -48.550350,2026-05-29 16:09:00,NOAA-20,SÃO GERALDO DO ARAGUAIA,PARÁ,Brasil,1507458,15,33,13,0.0,1.0,Amazônia,5.3
12eef975-8a36-3642-8831-6b0145d8b7ea, -10.229710, -48.137070,2026-05-29 16:09:00,NOAA-20,PALMAS,TOCANTINS,Brasil,1721000,17,33,7,0.0,0.45,Cerrado,8.2
afff9ed4-875f-3f15-9271-99f3082038bc,  -8.728410, -45.314750,2026-05-29 16:09:00,NOAA-20,BAIXA GRANDE DO RIBEIRO,PIAUÍ,Brasil,2201150,22,33,30,0.0,1.0,Cerrado,2.8
a4c4947f-be07-335b-9253-eafcbf5da9e8,  -6.270900, -48.552650,2026-05-29 16:09:00,NOAA-20,SÃO GERALDO DO ARAGUAIA,PARÁ,Brasil,1507458,15,33,13,0.0,1.0,Amazônia,3.8
33c6d967-a038-39bd-b119-a80a458a48b6,  -9.216680, -43.160470,2026-05-29 16:09:00,NOAA-20,JUREMA,PIAUÍ,Brasil,2205532,22,33,35,0.0,0.98,Caatinga,4.3
a2ec7ac1-94e3-3801-998e-4b6f17e0541f,  -7.130340, -48.193450,2026-05-29 16:09:00,NOAA-20,ARAGUAÍNA,TOCANTINS,Brasil,1702109,17,33,13,0.0,-999.0,Amazônia,3.6
81e4c2d7-1c87-31e0-a99a-111d973f3489,  -5.336080, -42.681430,2026-05-29 16:09:00,NOAA-20,DEMERVAL LOBÃO,PIAUÍ,Brasil,2203305,22,33,5,0.0,0.34,Caatinga,4.1
47890be8-d87a-34b7-865f-200a9d03f615,  -9.547880, -48.039480,2026-05-29 16:09:00,NOAA-20,TOCANTÍNIA,TOCANTINS,Brasil,1721109,17,33,15,0.0,0.76,Cerrado,7.4
aabaf8ac-f4c5-360d-b807-d35fa45ff2d8,  -9.663990, -48.108800,2026-05-29 16:09:00,NOAA-20,TOCANTÍNIA,TOCANTINS,Brasil,1721109,17,33,15,0.0,0.74,Cerrado,4.8
51413b59-1b97-3e65-b786-cdb80add36c7,  -9.552370, -48.031880,2026-05-29 16:09:00,NOAA-20,TOCANTÍNIA,TOCANTINS,Brasil,1721109,17,33,15,0.0,0.76,Cerrado,4.6
6345b801-6460-3bfa-a8d8-b9b4acd69211,  -6.130750, -45.574600,2026-05-29 16:09:00,NOAA-20,FERNANDO FALCÃO,MARANHÃO,Brasil,2104081,21,33,11,0.0,0.96,Cerrado,9.8
0d81e7cd-c971-3d32-a928-b8db891b88c5,  -7.058870, -41.387410,2026-05-29 16:09:00,NOAA-20,SUSSUAPARA,PIAUÍ,Brasil,2210938,22,33,29,0.0,1.0,Caatinga,2.5
05d80409-1d74-3c0c-bfb8-4f318ae7d2fb,  -8.304150, -39.377880,2026-05-29 16:09:00,NOAA-20,CABROBÓ,PERNAMBUCO,Brasil,2603009,26,33,20,0.0,1.0,Caatinga,6.5
649f1f1f-e626-3a3d-a627-96454398344c,  -6.275810, -48.548890,2026-05-29 16:09:00,NOAA-20,SÃO GERALDO DO ARAGUAIA,PARÁ,Brasil,1507458,15,33,12,0.0,0.94,Amazônia,3.8
2b47243d-1c42-3c77-b725-d347e178d3fe,  -9.671820, -48.168160,2026-05-29 16:09:00,NOAA-20,TOCANTÍNIA,TOCANTINS,Brasil,1721109,17,33,13,0.0,0.74,Cerrado,9.4
cf453e7c-370d-3cfc-a76c-381766447e7c,  -7.192640, -47.552540,2026-05-29 16:09:00,NOAA-20,CAROLINA,MARANHÃO,Brasil,2102804,21,33,11,0.0,0.63,Cerrado,3.6
7ec5c89b-2482-3958-ba79-6b92749c34f3,  -6.823210, -43.395110,2026-05-29 16:09:00,NOAA-20,BARÃO DE GRAJAÚ,MARANHÃO,Brasil,2101509,21,33,17,0.0,0.98,Caatinga,53.7
7ab68b07-141d-3544-bf9a-ada105f5792d,  -6.266110, -48.557370,2026-05-29 16:09:00,NOAA-20,SÃO GERALDO DO ARAGUAIA,PARÁ,Brasil,1507458,15,33,13,0.0,1.0,Amazônia,4.9
39270bd6-f544-305d-9765-cc42b817727b,  -9.459420, -48.218620,2026-05-29 16:09:00,NOAA-20,TOCANTÍNIA,TOCANTINS,Brasil,1721109,17,33,9,0.0,0.86,Cerrado,3.1
7dacccaf-0ff2-325b-aa4d-763f8283c307, -10.584720, -50.086690,2026-05-29 16:09:00,NOAA-20,PIUM,TOCANTINS,Brasil,1717503,17,33,21,0.0,1.0,Cerrado,4.8
822242f8-7a04-3659-9e55-5db5c94108a9,  -5.336700, -42.685530,2026-05-29 16:09:00,NOAA-20,DEMERVAL LOBÃO,PIAUÍ,Brasil,2203305,22,33,5,0.0,0.34,Caatinga,6.2
16a9808b-5141-3b92-9bdd-5e4491c6a916,  -8.300830, -39.378380,2026-05-29 16:09:00,NOAA-20,CABROBÓ,PERNAMBUCO,Brasil,2603009,26,33,20,0.0,1.0,Caatinga,3.7
30639d5c-af13-38ee-b538-51bea9a28815,  -9.546980, -48.032650,2026-05-29 16:09:00,NOAA-20,TOCANTÍNIA,TOCANTINS,Brasil,1721109,17,33,15,0.0,0.76,Cerrado,4.6
60478a84-0e76-355b-9311-54668ad95833,  -9.668960, -48.104550,2026-05-29 16:09:00,NOAA-20,TOCANTÍNIA,TOCANTINS,Brasil,1721109,17,33,15,0.0,0.74,Cerrado,4.8
ebffebff-c7d2-3fa6-8291-4278228eabff,  -5.094890, -42.665140,2026-05-29 16:09:00,NOAA-20,TERESINA,PIAUÍ,Brasil,2211001,22,33,6,1.8,0.28,Cerrado,9.7
e5d6dd1e-0630-3423-9d65-408f40695ced,  -9.160480, -46.852990,2026-05-29 16:09:00,NOAA-20,LIZARDA,TOCANTINS,Brasil,1712405,17,33,34,0.0,1.0,Cerrado,10.3
b02708e1-9e17-3b06-9082-75c96c949702,  -8.853700, -46.722800,2026-05-29 16:10:00,GOES-19,BALSAS,MARANHÃO,Brasil,2101400,21,33,37,0.0,0.81,Cerrado,70.4
976178ac-9a0d-39c5-80ff-519f9797e032,  -8.834800, -46.724700,2026-05-29 16:10:00,GOES-19,BALSAS,MARANHÃO,Brasil,2101400,21,33,37,0.0,1.0,Cerrado,62.5
08922b49-0a5e-3fa5-87b0-179d890ef2bc,  -6.823200, -43.387000,2026-05-29 16:10:00,GOES-19,FLORIANO,PIAUÍ,Brasil,2203909,22,33,18,0.0,0.96,Caatinga,105.7
26863516-e9c1-3599-8cd5-640fa4b8ee64, -10.818800, -46.923300,2026-05-29 16:10:00,GOES-19,PONTE ALTA DO TOCANTINS,TOCANTINS,Brasil,1717909,17,33,6,0.0,0.97,Cerrado,101.8
d5e644b6-b4fd-3f1b-8276-72357047a670,  -6.823000, -43.410400,2026-05-29 16:10:00,GOES-19,BARÃO DE GRAJAÚ,MARANHÃO,Brasil,2101509,21,33,15,0.0,1.0,Caatinga,109.1
b0faa042-737c-37d7-9a4c-14c4cfffd0f2,  -9.512700, -48.244000,2026-05-29 16:10:00,GOES-19,TOCANTÍNIA,TOCANTINS,Brasil,1721109,17,33,7,0.0,0.81,Cerrado,69.0
eb6c4a19-aa5a-3176-baa3-2f0bdd2d88b4,  -9.991800, -46.395800,2026-05-29 16:10:00,GOES-19,ALTO PARNAÍBA,MARANHÃO,Brasil,2100501,21,33,9,0.0,1.0,Cerrado,114.0
46c1ccd1-16d3-3bd3-bdcb-3c120f79d620,  -9.991500, -46.418400,2026-05-29 16:10:00,GOES-19,ALTO PARNAÍBA,MARANHÃO,Brasil,2100501,21,33,10,0.0,0.89,Cerrado,80.2
e2dcd3e1-8e35-314a-a07a-9719c7a3d699, -10.838200, -46.898500,2026-05-29 16:20:00,GOES-19,PONTE ALTA DO TOCANTINS,TOCANTINS,Brasil,1717909,17,33,6,0.0,0.76,Cerrado,257.7
210f79f7-a948-3abc-b95b-653affe633e2, -10.837900, -46.921000,2026-05-29 16:20:00,GOES-19,PONTE ALTA DO TOCANTINS,TOCANTINS,Brasil,1717909,17,33,6,0.0,0.99,Cerrado,163.3
486722ca-07f2-3d3e-af5e-e5624cb1c87d,  -6.823200, -43.387000,2026-05-29 16:20:00,GOES-19,FLORIANO,PIAUÍ,Brasil,2203909,22,33,18,0.0,0.96,Caatinga,97.1
f171da68-5f8e-33d5-bc7c-d29b03c2b3b1,  -8.853700, -46.722800,2026-05-29 16:20:00,GOES-19,BALSAS,MARANHÃO,Brasil,2101400,21,33,37,0.0,0.81,Cerrado,76.9
12c7b9e8-0fe3-31aa-9549-8ee05b2f8354, -10.819200, -46.900900,2026-05-29 16:20:00,GOES-19,PONTE ALTA DO TOCANTINS,TOCANTINS,Brasil,1717909,17,33,6,0.0,0.78,Cerrado,162.7
d4637a50-3f5d-364a-a8cb-24d54265c62e,  -6.823000, -43.410400,2026-05-29 16:20:00,GOES-19,BARÃO DE GRAJAÚ,MARANHÃO,Brasil,2101509,21,33,15,0.0,1.0,Caatinga,94.1
0dd11c33-5289-3d8f-ae7f-eb2cecd226b6,  -8.835100, -46.702400,2026-05-29 16:20:00,GOES-19,BALSAS,MARANHÃO,Brasil,2101400,21,33,36,0.0,0.95,Cerrado,113.6
5b505503-49cd-3dff-9d80-0ddaf96a8368,  -8.834800, -46.724700,2026-05-29 16:20:00,GOES-19,BALSAS,MARANHÃO,Brasil,2101400,21,33,37,0.0,1.0,Cerrado,97.8
7a1f91a9-5fc0-31bf-8c6a-d4da5a2996fe, -10.818800, -46.923300,2026-05-29 16:20:00,GOES-19,PONTE ALTA DO TOCANTINS,TOCANTINS,Brasil,1717909,17,33,6,0.0,0.97,Cerrado,162.8
bf537448-29b6-3557-abe0-362910bc16f3,  -7.192100, -47.559900,2026-05-29 16:20:00,GOES-19,CAROLINA,MARANHÃO,Brasil,2102804,21,33,11,0.0,0.69,Cerrado,63.0
8171b3a5-11e1-327e-b6d4-1f56274b6705, -10.818800, -46.923300,2026-05-29 16:30:00,GOES-19,PONTE ALTA DO TOCANTINS,TOCANTINS,Brasil,1717909,17,33,6,0.0,0.97,Cerrado,134.3
08778bbc-d818-37f4-91d7-96923401d9f0,  -8.853700, -46.722800,2026-05-29 16:30:00,GOES-19,BALSAS,MARANHÃO,Brasil,2101400,21,33,37,0.0,0.81,Cerrado,121.1
1070ea5e-bb05-36f4-9140-1530cf4c7e7a,  -6.823000, -43.410400,2026-05-29 16:30:00,GOES-19,BARÃO DE GRAJAÚ,MARANHÃO,Brasil,2101509,21,33,15,0.0,1.0,Caatinga,93.4
f4e26bc0-6d9e-3511-ab76-6de202b21691,  -8.834800, -46.724700,2026-05-29 16:30:00,GOES-19,BALSAS,MARANHÃO,Brasil,2101400,21,33,37,0.0,1.0,Cerrado,129.9
24a1acf3-862c-3433-81d6-dd94dbc2c384,  -6.823200, -43.387000,2026-05-29 16:30:00,GOES-19,FLORIANO,PIAUÍ,Brasil,2203909,22,33,18,0.0,0.96,Caatinga,82.5
12d1a025-ef0a-3e1f-9fcf-b7c447018e36,  -8.835100, -46.702400,2026-05-29 16:30:00,GOES-19,BALSAS,MARANHÃO,Brasil,2101400,21,33,36,0.0,0.95,Cerrado,138.2
3bbee6a3-9812-3323-b19f-f86c2a8656d0, -10.819200, -46.900900,2026-05-29 16:30:00,GOES-19,PONTE ALTA DO TOCANTINS,TOCANTINS,Brasil,1717909,17,33,6,0.0,0.78,Cerrado,97.8
625adee0-6f54-3aba-a494-382f47b4e06b, -10.837900, -46.921000,2026-05-29 16:30:00,GOES-19,PONTE ALTA DO TOCANTINS,TOCANTINS,Brasil,1717909,17,33,6,0.0,0.99,Cerrado,197.2
5ed5c820-3e4e-334f-95ab-fbb88c09ec91, -10.818800, -46.923300,2026-05-29 16:40:00,GOES-19,PONTE ALTA DO TOCANTINS,TOCANTINS,Brasil,1717909,17,33,6,0.0,0.97,Cerrado,178.6
d8027a07-3e52-3d83-9c20-b706aa61febc,  -8.853700, -46.722800,2026-05-29 16:40:00,GOES-19,BALSAS,MARANHÃO,Brasil,2101400,21,33,37,0.0,0.81,Cerrado,104.4
e196bde1-df4e-3f06-9446-4b6aa328411e, -10.838200, -46.898500,2026-05-29 16:40:00,GOES-19,PONTE ALTA DO TOCANTINS,TOCANTINS,Brasil,1717909,17,33,6,0.0,0.76,Cerrado,128.0
f50b36fd-a4f5-3800-8cc8-8a2a79372566,  -8.835100, -46.702400,2026-05-29 16:40:00,GOES-19,BALSAS,MARANHÃO,Brasil,2101400,21,33,36,0.0,0.95,Cerrado,162.5
f466f04f-c48c-3375-9f4a-8599d2911b1a, -10.818500, -46.945800,2026-05-29 16:40:00,GOES-19,PONTE ALTA DO TOCANTINS,TOCANTINS,Brasil,1717909,17,33,6,0.0,1.0,Cerrado,164.5
573b8ee9-8cd9-3d8c-a947-7550d576ad9d,  -6.683300, -47.992200,2026-05-29 16:40:00,GOES-19,DARCINÓPOLIS,TOCANTINS,Brasil,1706506,17,33,13,0.0,0.76,Cerrado,79.1
824ac036-d4b7-31b6-8e24-3eb4e9488b12,  -8.834800, -46.724700,2026-05-29 16:50:00,GOES-19,BALSAS,MARANHÃO,Brasil,2101400,21,33,37,0.0,1.0,Cerrado,157.4
be0af705-1562-3aa1-af59-8e7ca3d6ca53, -10.818800, -46.923300,2026-05-29 16:50:00,GOES-19,PONTE ALTA DO TOCANTINS,TOCANTINS,Brasil,1717909,17,33,6,0.0,0.97,Cerrado,132.3
91d36436-8a88-3264-96a0-5305e9301734,  -8.853700, -46.722800,2026-05-29 16:50:00,GOES-19,BALSAS,MARANHÃO,Brasil,2101400,21,33,37,0.0,0.81,Cerrado,119.4
6376bea6-c820-307a-bd50-568c068e8ea8, -10.838200, -46.898500,2026-05-29 16:50:00,GOES-19,PONTE ALTA DO TOCANTINS,TOCANTINS,Brasil,1717909,17,33,6,0.0,0.76,Cerrado,137.5
9cf25c63-c993-3f2a-9fc4-eeb2bc2e21ad,  -8.835100, -46.702400,2026-05-29 16:50:00,GOES-19,BALSAS,MARANHÃO,Brasil,2101400,21,33,36,0.0,0.95,Cerrado,170.2
9232bf82-416a-369d-9120-fbb2d2fdcb9d,  -9.553400, -48.020800,2026-05-29 16:50:00,GOES-19,TOCANTÍNIA,TOCANTINS,Brasil,1721109,17,33,15,0.0,0.76,Cerrado,59.0
395e19e7-5b98-378f-aa2a-a7b8525ea605, -24.670810, -51.196110,2026-05-29 16:52:00,NOAA-21,CÂNDIDO DE ABREU,PARANÁ,Brasil,4104402,41,33,3,0.0,0.03,Mata Atlântica,7.4
8299efc8-6387-32bd-afd6-5e5fe0169a71, -30.186700, -50.215400,2026-05-29 16:52:00,NOAA-21,CIDREIRA,RIO GRANDE DO SUL,Brasil,4305454,43,33,-999,0.0,-999.0,Pampa,4.2
5d5f4fe5-fde0-344d-88dc-1263306a2644, -29.685900, -51.827080,2026-05-29 16:52:00,NOAA-21,TAQUARI,RIO GRANDE DO SUL,Brasil,4321303,43,33,2,1.09,0.13,Pampa,15.1
85c3a4c9-a666-3a51-8533-f30edc81542b, -21.198620, -48.262310,2026-05-29 16:54:00,NOAA-21,JABOTICABAL,SÃO PAULO,Brasil,3524303,35,33,9,0.0,1.0,Cerrado,11.2
1a715de1-55ae-32ac-b5ac-107e2e1f0379, -21.667420, -56.312810,2026-05-29 16:54:00,NOAA-21,BELA VISTA,MATO GROSSO DO SUL,Brasil,5002100,50,33,4,17.33,0.05,Cerrado,7.0
da82c290-1680-3e32-8f31-fc1b02a97d67, -20.627340, -51.698730,2026-05-29 16:54:00,NOAA-21,TRÊS LAGOAS,MATO GROSSO DO SUL,Brasil,5008305,50,33,3,0.0,0.95,Cerrado,3.2
88ce3589-68a5-3994-8dc2-52ca828f646d, -21.021720, -47.049750,2026-05-29 16:54:00,NOAA-21,ITAMOGI,MINAS GERAIS,Brasil,3132909,31,33,9,0.0,0.79,Cerrado,7.8
6b005195-a38b-39c7-b98a-9447405620f0, -21.201360, -48.258030,2026-05-29 16:54:00,NOAA-21,JABOTICABAL,SÃO PAULO,Brasil,3524303,35,33,9,0.0,1.0,Cerrado,32.5
cbed057e-73a2-327f-af1c-fb847bf449ff, -20.318380, -52.157830,2026-05-29 16:54:00,NOAA-21,TRÊS LAGOAS,MATO GROSSO DO SUL,Brasil,5008305,50,33,10,0.0,0.8,Cerrado,2.5
65166ce5-4fcd-30b3-8f80-03ea12a58d12, -21.804600, -49.126120,2026-05-29 16:54:00,NOAA-21,IACANGA,SÃO PAULO,Brasil,3519105,35,33,5,0.0,0.6,Mata Atlântica,4.7
eef69df9-8281-38cd-ad11-29f18ea2a47d, -21.358930, -51.031540,2026-05-29 16:54:00,NOAA-21,VALPARAÍSO,SÃO PAULO,Brasil,3556305,35,33,2,0.0,1.0,Mata Atlântica,18.5
6e4ea6e5-b8ac-349d-8de3-041debde5e08, -21.362420, -51.031000,2026-05-29 16:54:00,NOAA-21,VALPARAÍSO,SÃO PAULO,Brasil,3556305,35,33,3,0.0,1.0,Mata Atlântica,27.4
69e29c88-025e-3b28-893b-6ac7b6a45526, -21.198050, -48.258610,2026-05-29 16:54:00,NOAA-21,JABOTICABAL,SÃO PAULO,Brasil,3524303,35,33,9,0.0,1.0,Cerrado,11.2
1f9a9752-9d4d-334b-8a6d-e16c20a4b6a6, -18.624890, -47.562130,2026-05-29 16:54:00,NOAA-21,MONTE CARMELO,MINAS GERAIS,Brasil,3143104,31,33,17,0.0,1.0,Cerrado,1.0
910ae054-2a47-3839-9906-291ab30f0b48, -24.030750, -51.576080,2026-05-29 16:54:00,NOAA-21,CRUZMALTINA,PARANÁ,Brasil,4106852,41,33,3,0.1,0.08,Mata Atlântica,4.1
2ddf808c-41fc-333b-aee2-291e8a7a82c4, -19.684170, -54.351360,2026-05-29 16:54:00,NOAA-21,BANDEIRANTES,MATO GROSSO DO SUL,Brasil,5001508,50,33,7,0.0,1.0,Cerrado,6.3
a6324dc7-8043-3c89-bbd2-4defc1165716, -21.496320, -47.044930,2026-05-29 16:54:00,NOAA-21,MOCOCA,SÃO PAULO,Brasil,3530508,35,33,9,0.0,1.0,Cerrado,2.8
9abdb498-e251-3300-a9c3-fca66d0ab90c, -23.151580, -52.293570,2026-05-29 16:54:00,NOAA-21,ALTO PARANÁ,PARANÁ,Brasil,4100608,41,33,8,0.0,0.28,Mata Atlântica,5.7
e36b3a8b-6487-3104-9d23-998ad39039c3, -20.624350, -51.703520,2026-05-29 16:54:00,NOAA-21,TRÊS LAGOAS,MATO GROSSO DO SUL,Brasil,5008305,50,33,3,0.0,1.0,Cerrado,3.2
c4d71902-8e32-33ad-8b1d-a3a0bfa9a235, -23.276350, -52.180090,2026-05-29 16:54:00,NOAA-21,PRESIDENTE CASTELO BRANCO,PARANÁ,Brasil,4120408,41,33,9,0.0,0.29,Mata Atlântica,5.1
64b32018-6148-322b-ba74-14116b2995fe, -23.276960, -52.185040,2026-05-29 16:54:00,NOAA-21,PRESIDENTE CASTELO BRANCO,PARANÁ,Brasil,4120408,41,33,9,0.0,0.17,Mata Atlântica,5.1
3db0ba7e-b31b-3507-bbb6-2a998335a919, -18.943140, -42.021380,2026-05-29 16:54:00,NOAA-21,ALPERCATA,MINAS GERAIS,Brasil,3101805,31,33,6,0.0,1.0,Mata Atlântica,9.7
74f06e38-e56c-3ae1-88d7-4926e03a7ac2, -21.496930, -47.048750,2026-05-29 16:54:00,NOAA-21,MOCOCA,SÃO PAULO,Brasil,3530508,35,33,9,0.0,1.0,Cerrado,4.3
f6b03799-3e9a-32eb-a8ce-0b30577036b3, -20.626040, -51.710740,2026-05-29 16:54:00,NOAA-21,TRÊS LAGOAS,MATO GROSSO DO SUL,Brasil,5008305,50,33,3,0.0,0.97,Cerrado,4.5
c2bb969a-a0ef-3abc-8395-91c03c2c1ace, -21.801820, -49.130430,2026-05-29 16:54:00,NOAA-21,IACANGA,SÃO PAULO,Brasil,3519105,35,33,5,0.0,0.36,Mata Atlântica,4.7
8445dbe5-324f-3fa8-9218-5d7a96095249, -19.708890, -57.725580,2026-05-29 16:54:00,NOAA-21,CORUMBÁ,MATO GROSSO DO SUL,Brasil,5003207,50,33,10,0.2,1.0,Pantanal,3.9
38b3ba2d-9ca4-399a-a747-714a52ab545b, -19.824920, -56.389480,2026-05-29 16:54:00,NOAA-21,AQUIDAUANA,MATO GROSSO DO SUL,Brasil,5001102,50,33,9,0.0,1.0,Pantanal,4.0
b0221a52-575f-35c2-9e61-a2792bc59986, -19.838340, -56.382680,2026-05-29 16:54:00,NOAA-21,AQUIDAUANA,MATO GROSSO DO SUL,Brasil,5001102,50,33,9,0.0,0.95,Pantanal,5.1
c6d9c141-28de-3b64-96fa-2472e0093d3a, -21.809030, -49.133050,2026-05-29 16:54:00,NOAA-21,IACANGA,SÃO PAULO,Brasil,3519105,35,33,5,0.0,0.36,Mata Atlântica,8.6
f1e22843-d8ce-3dc1-81ce-4453dabc0de4, -20.229960, -41.780480,2026-05-29 16:54:00,NOAA-21,DURANDÉ,MINAS GERAIS,Brasil,3123528,31,33,3,1.49,0.83,Mata Atlântica,5.8
870eeadf-1ae4-39e5-95ea-98915a46d0ae, -23.154710, -52.288040,2026-05-29 16:54:00,NOAA-21,ALTO PARANÁ,PARANÁ,Brasil,4100608,41,33,8,0.0,0.28,Mata Atlântica,8.8
7be6f52b-cb7d-376a-9835-045320a496f2, -19.593380, -40.142520,2026-05-29 16:54:00,NOAA-21,ARACRUZ,ESPÍRITO SANTO,Brasil,3200607,32,33,5,1.31,0.81,Mata Atlântica,3.7
c9ab5085-1f5b-31a5-908d-2b7adb5dd262, -18.486950, -46.887040,2026-05-29 16:54:00,NOAA-21,PATOS DE MINAS,MINAS GERAIS,Brasil,3148004,31,33,6,0.3,0.93,Cerrado,7.8
ecc5b9b9-9a00-3cbb-acb8-f3567be61cd9, -19.713980, -57.725030,2026-05-29 16:54:00,NOAA-21,CORUMBÁ,MATO GROSSO DO SUL,Brasil,5003207,50,33,10,0.2,1.0,Pantanal,3.9
32ebaaa7-f3f6-3fa6-a606-24e3ec35c85d, -20.189400, -49.562050,2026-05-29 16:54:00,NOAA-21,PAULO DE FARIA,SÃO PAULO,Brasil,3536604,35,33,10,0.0,0.97,Mata Atlântica,3.5
29e907e7-ad25-3833-a663-d0e0c8edad21, -22.665270, -47.613800,2026-05-29 16:54:00,NOAA-21,PIRACICABA,SÃO PAULO,Brasil,3538709,35,33,5,0.0,-999.0,Mata Atlântica,1.8
bd77eb01-55a0-32af-be87-ea83fd87075d, -23.397160, -47.270870,2026-05-29 16:54:00,NOAA-21,ITU,SÃO PAULO,Brasil,3523909,35,33,3,0.0,0.34,Mata Atlântica,2.2
1b767364-b415-34aa-8d26-56f75c7beb72, -19.843000, -56.382110,2026-05-29 16:54:00,NOAA-21,AQUIDAUANA,MATO GROSSO DO SUL,Brasil,5001102,50,33,9,0.0,0.91,Pantanal,12.9
41781b3f-7ff0-3672-aa49-763ff786a014, -21.805150, -49.129870,2026-05-29 16:54:00,NOAA-21,IACANGA,SÃO PAULO,Brasil,3519105,35,33,5,0.0,0.36,Mata Atlântica,4.7
b112456d-8d82-38fe-a254-191233ae80a1, -23.275810, -52.182450,2026-05-29 16:54:00,NOAA-21,PRESIDENTE CASTELO BRANCO,PARANÁ,Brasil,4120408,41,33,9,0.0,0.23,Mata Atlântica,13.7
eb560139-e8cd-3452-9cc9-7478e6645c8a, -11.059460, -49.701610,2026-05-29 16:56:00,NOAA-21,SANTA RITA DO TOCANTINS,TOCANTINS,Brasil,1718899,17,33,25,0.0,0.85,Cerrado,5.6
3861f864-6995-3bee-9010-310f20416e44, -10.834350, -46.924710,2026-05-29 16:56:00,NOAA-21,PONTE ALTA DO TOCANTINS,TOCANTINS,Brasil,1717909,17,33,6,0.0,0.98,Cerrado,25.8
3f1eb88a-c987-3ff6-97aa-e0ff3718deed, -12.714830, -54.197110,2026-05-29 16:56:00,NOAA-21,PARANATINGA,MATO GROSSO,Brasil,5106307,51,33,14,0.0,0.37,Amazônia,8.8
81462101-f8cd-35e3-b620-445a5e21ae75, -10.752410, -49.936050,2026-05-29 16:56:00,NOAA-21,LAGOA DA CONFUSÃO,TOCANTINS,Brasil,1711902,17,33,20,0.0,0.9,Cerrado,15.8
7d438d98-d35e-3660-9a2b-f11fe0f24d9e,  -9.993570, -46.398410,2026-05-29 16:56:00,NOAA-21,ALTO PARNAÍBA,MARANHÃO,Brasil,2100501,21,33,9,0.0,1.0,Cerrado,5.1
1368110d-58b8-3f4d-9162-1b629d13b9e9, -11.735180, -54.240910,2026-05-29 16:56:00,NOAA-21,UNIÃO DO SUL,MATO GROSSO,Brasil,5108303,51,33,13,0.0,0.29,Amazônia,9.1
0756fbfc-42fb-34e0-8747-bcb82cb97a5a, -10.582350, -50.087960,2026-05-29 16:56:00,NOAA-21,PIUM,TOCANTINS,Brasil,1717503,17,33,21,0.0,1.0,Cerrado,5.8
f12cc6d2-496c-33f7-b3c2-34a68bc18114, -11.602510, -47.442830,2026-05-29 16:56:00,NOAA-21,NATIVIDADE,TOCANTINS,Brasil,1714203,17,33,6,0.0,0.41,Cerrado,2.6
2ad6599c-4236-3f5d-8cf8-340d9401302b, -12.718510, -54.196550,2026-05-29 16:56:00,NOAA-21,PARANATINGA,MATO GROSSO,Brasil,5106307,51,33,14,0.0,0.37,Amazônia,8.8
2cd3d7b4-4f23-3c47-a1dd-854be251e948, -12.516030, -48.285030,2026-05-29 16:56:00,NOAA-21,SÃO SALVADOR DO TOCANTINS,TOCANTINS,Brasil,1720259,17,33,6,0.0,0.78,Cerrado,13.2
83d0d4c1-3ec7-3429-81e8-fd8c266132bf, -11.912500, -43.833580,2026-05-29 16:56:00,NOAA-21,WANDERLEY,BAHIA,Brasil,2933455,29,33,2,0.0,0.94,Cerrado,19.0
d3556425-7b7f-3b22-b16a-2067ced19139, -10.481150, -48.906090,2026-05-29 16:56:00,NOAA-21,PUGMIL,TOCANTINS,Brasil,1718451,17,33,19,0.0,0.73,Cerrado,3.3
1f9b31a5-ca81-3da2-8195-e83917f8ebac, -12.375980, -43.284020,2026-05-29 16:56:00,NOAA-21,MUQUÉM DO SÃO FRANCISCO,BAHIA,Brasil,2922250,29,33,6,0.0,1.0,Cerrado,8.6
fb0973b5-ed32-33b1-b573-827189667287, -12.764990, -49.320540,2026-05-29 16:56:00,NOAA-21,TALISMÃ,TOCANTINS,Brasil,1720978,17,33,6,0.0,0.99,Cerrado,3.4
65f87bd0-4c58-37f6-b71e-37b017a5b274, -12.184300, -47.167800,2026-05-29 16:56:00,NOAA-21,CONCEIÇÃO DO TOCANTINS,TOCANTINS,Brasil,1705607,17,33,6,0.0,0.95,Cerrado,3.7
3f041b13-0653-3c36-9cc7-92ca90036c46, -10.564000, -50.101830,2026-05-29 16:56:00,NOAA-21,PIUM,TOCANTINS,Brasil,1717503,17,33,21,0.0,0.99,Cerrado,5.4
a160a3e9-c983-30cd-a172-db333825e8e5, -11.863470, -49.732080,2026-05-29 16:56:00,NOAA-21,FORMOSO DO ARAGUAIA,TOCANTINS,Brasil,1708205,17,33,6,0.0,1.0,Cerrado,6.6
54c1c358-97ee-3485-bc06-dc6f4fb4e501, -11.115530, -47.310290,2026-05-29 16:56:00,NOAA-21,ALMAS,TOCANTINS,Brasil,1700400,17,33,6,0.0,0.69,Cerrado,5.3
4a7f039f-00e9-3c8c-8024-44f5baaaf231, -11.965910, -47.368430,2026-05-29 16:56:00,NOAA-21,CONCEIÇÃO DO TOCANTINS,TOCANTINS,Brasil,1705607,17,33,6,0.0,0.76,Cerrado,13.0
96fc5742-98b6-39e5-b918-b4bc4bb28bc7, -10.568460, -50.086520,2026-05-29 16:56:00,NOAA-21,PIUM,TOCANTINS,Brasil,1717503,17,33,21,0.0,0.99,Cerrado,4.6
0ac015e3-0a06-3621-9f46-35dc2b9551e7, -10.638280, -49.725500,2026-05-29 16:56:00,NOAA-21,LAGOA DA CONFUSÃO,TOCANTINS,Brasil,1711902,17,33,26,0.0,0.85,Cerrado,11.3
e42ff41b-a46b-3a92-8d66-7c5f6b8bf735, -13.110650, -51.726110,2026-05-29 16:56:00,NOAA-21,RIBEIRÃO CASCALHEIRA,MATO GROSSO,Brasil,5107180,51,33,10,0.0,0.94,Cerrado,6.1
240074fc-8550-30d7-bba8-77af9d23c7f1, -11.944420, -43.407420,2026-05-29 16:56:00,NOAA-21,MUQUÉM DO SÃO FRANCISCO,BAHIA,Brasil,2922250,29,33,5,0.1,1.0,Cerrado,4.7
e46c2671-fe2b-33a9-803f-a8dd9ed477dd, -10.725670, -49.030360,2026-05-29 16:56:00,NOAA-21,CRISTALÂNDIA,TOCANTINS,Brasil,1706100,17,33,25,0.0,0.66,Cerrado,2.7
d36dc6d3-9be1-3849-a1b1-a7b889a712a9, -15.210610, -43.773780,2026-05-29 16:56:00,NOAA-21,JAÍBA,MINAS GERAIS,Brasil,3135050,31,33,25,0.0,1.0,Cerrado,10.8
47034d73-0e2f-3b6c-93a2-7852fd25ae44, -10.082140, -48.476960,2026-05-29 16:56:00,NOAA-21,PORTO NACIONAL,TOCANTINS,Brasil,1718204,17,33,15,0.0,0.87,Cerrado,21.0
b68dd8d6-37c7-319c-afc2-eba84e357909, -11.620960, -45.189820,2026-05-29 16:56:00,NOAA-21,RIACHÃO DAS NEVES,BAHIA,Brasil,2926202,29,33,5,0.0,1.0,Cerrado,9.2
b94c964a-cc58-3a03-8de0-784f926f36dc,  -9.998900, -46.381570,2026-05-29 16:56:00,NOAA-21,ALTO PARNAÍBA,MARANHÃO,Brasil,2100501,21,33,7,0.0,0.99,Cerrado,29.9
98f518cb-c438-3975-9abe-6facc6f1aa21, -11.778370, -45.447900,2026-05-29 16:56:00,NOAA-21,BARREIRAS,BAHIA,Brasil,2903201,29,33,5,0.0,0.98,Cerrado,3.7
aea98221-e0a6-393d-9f46-4f9c57069d96, -14.931860, -47.039440,2026-05-29 16:56:00,NOAA-21,VILA BOA,GOIÁS,Brasil,5222203,52,33,5,0.1,1.0,Cerrado,3.9
60acfcda-cbc2-3cd9-8f33-e00bbbaf1471, -12.421120, -47.885300,2026-05-29 16:56:00,NOAA-21,PARANÃ,TOCANTINS,Brasil,1716208,17,33,6,0.0,0.98,Cerrado,12.1
2a937ad9-9256-35c6-8f99-6def44d1b249, -10.564560, -50.105380,2026-05-29 16:56:00,NOAA-21,PIUM,TOCANTINS,Brasil,1717503,17,33,21,0.0,0.99,Cerrado,5.4
0d8e829a-056a-3d25-a5a5-74ef4fff52b2, -11.595940, -47.448450,2026-05-29 16:56:00,NOAA-21,NATIVIDADE,TOCANTINS,Brasil,1714203,17,33,6,0.0,0.61,Cerrado,9.6
0de06778-d0e6-3c2d-85cf-90de6787422a, -11.595240, -47.444130,2026-05-29 16:56:00,NOAA-21,NATIVIDADE,TOCANTINS,Brasil,1714203,17,33,6,0.0,0.46,Cerrado,9.6
85f7b4cc-30e7-39be-b37b-631a1376a292, -10.208130, -46.477560,2026-05-29 16:56:00,NOAA-21,MATEIROS,TOCANTINS,Brasil,1712702,17,33,25,0.0,1.0,Cerrado,9.0
c555a63e-ec53-3944-90a3-71a5348d562e, -10.758580, -46.728560,2026-05-29 16:56:00,NOAA-21,MATEIROS,TOCANTINS,Brasil,1712702,17,33,6,0.0,0.96,Cerrado,11.5
49f63cce-ca4b-303c-93dd-511ed8e9acf9, -10.642210, -49.728580,2026-05-29 16:56:00,NOAA-21,LAGOA DA CONFUSÃO,TOCANTINS,Brasil,1711902,17,33,27,0.0,0.94,Cerrado,10.1
e968383e-471c-3c0c-816a-d91073efb6d3, -11.698810, -44.162280,2026-05-29 16:56:00,NOAA-21,WANDERLEY,BAHIA,Brasil,2933455,29,33,3,0.0,1.0,Cerrado,5.2
7e4f9e33-b192-3dfc-a902-29a7100419b2, -10.835060, -46.905490,2026-05-29 16:56:00,NOAA-21,PONTE ALTA DO TOCANTINS,TOCANTINS,Brasil,1717909,17,33,6,0.0,0.89,Cerrado,51.0
8b5610dc-ab5c-3d46-bffb-b5a2ea4fe9e7, -11.148490, -49.575490,2026-05-29 16:56:00,NOAA-21,SANTA RITA DO TOCANTINS,TOCANTINS,Brasil,1718899,17,33,16,0.0,0.93,Cerrado,12.6
860c71c2-05cf-3223-9938-6cb81d5d7f25, -10.832810, -46.915350,2026-05-29 16:56:00,NOAA-21,PONTE ALTA DO TOCANTINS,TOCANTINS,Brasil,1717909,17,33,6,0.0,0.99,Cerrado,30.3
d27bd992-d4f9-3a32-8b79-42f21270e900, -11.924580, -54.100990,2026-05-29 16:56:00,NOAA-21,FELIZ NATAL,MATO GROSSO,Brasil,5103700,51,33,11,0.0,0.92,Amazônia,7.5
8da020b2-ec5b-30b4-87d1-6c48c51e519b, -13.560470, -47.570920,2026-05-29 16:56:00,NOAA-21,CAVALCANTE,GOIÁS,Brasil,5205307,52,33,6,0.0,0.84,Cerrado,5.9
4e019f6d-a579-3089-8a3f-7a3daa59efd4, -11.469840, -46.702140,2026-05-29 16:56:00,NOAA-21,DIANÓPOLIS,TOCANTINS,Brasil,1707009,17,33,3,0.0,0.73,Cerrado,5.6
f351b251-04a9-3276-a58a-17153d656723,  -9.983460, -46.410830,2026-05-29 16:56:00,NOAA-21,ALTO PARNAÍBA,MARANHÃO,Brasil,2100501,21,33,10,0.0,0.97,Cerrado,7.3
11258bab-0198-32fc-93b3-4bd21523a925, -10.668710, -48.358200,2026-05-29 16:56:00,NOAA-21,PORTO NACIONAL,TOCANTINS,Brasil,1718204,17,33,6,0.0,0.81,Cerrado,15.4
15e1eb71-47e6-3a6a-a291-f144e7fbf935, -10.669200, -48.358700,2026-05-29 16:56:00,NOAA-21,PORTO NACIONAL,TOCANTINS,Brasil,1718204,17,33,6,0.0,0.79,Cerrado,17.4
c2cde52f-67af-3a66-bb6d-4a5acfc34929, -11.566080, -54.576940,2026-05-29 16:56:00,NOAA-21,UNIÃO DO SUL,MATO GROSSO,Brasil,5108303,51,33,13,0.0,0.28,Amazônia,3.9
97609e32-e5ff-3b08-9c39-d72df0427267,  -9.968920, -46.810380,2026-05-29 16:56:00,NOAA-21,LIZARDA,TOCANTINS,Brasil,1712405,17,33,9,0.0,0.92,Cerrado,6.6
8f4c068e-d60a-3ae2-9196-7e95686f84c5, -11.466040, -46.702770,2026-05-29 16:56:00,NOAA-21,DIANÓPOLIS,TOCANTINS,Brasil,1707009,17,33,3,0.0,0.65,Cerrado,5.6
4175b622-9d73-34c0-af70-770b943002c0, -12.005240, -45.354990,2026-05-29 16:56:00,NOAA-21,BARREIRAS,BAHIA,Brasil,2903201,29,33,2,0.0,0.83,Cerrado,9.9
b4947e81-2731-3e8a-9e20-6ff16023bce7, -13.113460, -51.721950,2026-05-29 16:56:00,NOAA-21,RIBEIRÃO CASCALHEIRA,MATO GROSSO,Brasil,5107180,51,33,10,0.0,0.8,Cerrado,6.1
3ba89476-ae42-3f0b-be13-1ac3ee690f5f, -10.671050, -49.701960,2026-05-29 16:56:00,NOAA-21,LAGOA DA CONFUSÃO,TOCANTINS,Brasil,1711902,17,33,29,0.0,0.92,Cerrado,12.3
338bb7bd-b624-3b09-9e20-e8d1ae31594f, -15.786930, -58.660090,2026-05-29 16:56:00,NOAA-21,PORTO ESPERIDIÃO,MATO GROSSO,Brasil,5106828,51,33,9,0.0,1.0,Pantanal,7.1
63d91fa6-93ee-3aeb-a963-1f89110ed12f, -11.608000, -54.187160,2026-05-29 16:56:00,NOAA-21,UNIÃO DO SUL,MATO GROSSO,Brasil,5108303,51,33,13,0.0,0.29,Amazônia,8.1
248864da-66c9-3e4b-b3c9-39341264e038, -10.819680, -49.245170,2026-05-29 16:56:00,NOAA-21,SANTA RITA DO TOCANTINS,TOCANTINS,Brasil,1718899,17,33,19,0.0,0.7,Cerrado,7.9
1f32b5d6-dc99-3d96-a413-6d07b381bcd2, -12.761630, -49.321090,2026-05-29 16:56:00,NOAA-21,TALISMÃ,TOCANTINS,Brasil,1720978,17,33,6,0.0,0.99,Cerrado,2.8
9ffadab4-6bf0-30b5-890f-b1e932655e9f, -11.591610, -47.444770,2026-05-29 16:56:00,NOAA-21,NATIVIDADE,TOCANTINS,Brasil,1714203,17,33,6,0.0,0.54,Cerrado,10.6
0b9d4362-a54b-393a-88ad-2f5aa67b4030, -10.989060, -44.499100,2026-05-29 16:56:00,NOAA-21,SANTA RITA DE CÁSSIA,BAHIA,Brasil,2928406,29,33,16,0.0,1.0,Cerrado,4.3
a560aa23-b53b-3e60-b4c0-f403bf1a64ff, -11.084090, -55.053320,2026-05-29 16:56:00,NOAA-21,ITAÚBA,MATO GROSSO,Brasil,5104559,51,33,11,0.0,0.28,Amazônia,5.3
5f88e59b-afe3-35de-aa7e-7bc5fc3aaddb, -11.590900, -47.440430,2026-05-29 16:56:00,NOAA-21,NATIVIDADE,TOCANTINS,Brasil,1714203,17,33,6,0.0,0.46,Cerrado,7.0
7f3e2881-ef99-3466-84c3-ca8f55dc088f, -11.206900, -54.154100,2026-05-29 16:56:00,NOAA-21,MARCELÂNDIA,MATO GROSSO,Brasil,5105580,51,33,14,0.0,0.26,Amazônia,10.0
c43bb484-dd09-31ca-b178-30d93321c0af, -10.730290, -49.037300,2026-05-29 16:56:00,NOAA-21,CRISTALÂNDIA,TOCANTINS,Brasil,1706100,17,33,27,0.0,0.66,Cerrado,17.6
0f9e2a04-5fc0-3934-bad2-fe667db36aad, -10.816230, -46.932560,2026-05-29 16:56:00,NOAA-21,PONTE ALTA DO TOCANTINS,TOCANTINS,Brasil,1717909,17,33,6,0.0,0.98,Cerrado,7.5
7cda409a-95a8-395b-88e7-2cc826634900, -10.080200, -48.464960,2026-05-29 16:56:00,NOAA-21,PORTO NACIONAL,TOCANTINS,Brasil,1718204,17,33,15,0.0,0.73,Cerrado,3.7
94a83bfb-8441-3ba2-9d40-65ce0fdf9d22, -11.333100, -46.792280,2026-05-29 16:56:00,NOAA-21,RIO DA CONCEIÇÃO,TOCANTINS,Brasil,1718659,17,33,5,0.0,0.82,Cerrado,8.5
9cee9ee7-e7bb-39db-9483-96cc99e8a133, -10.748520, -49.933010,2026-05-29 16:56:00,NOAA-21,LAGOA DA CONFUSÃO,TOCANTINS,Brasil,1711902,17,33,20,0.0,0.87,Cerrado,16.7
62207518-52ed-397b-9d74-609118adcc6c, -10.727460, -49.041610,2026-05-29 16:56:00,NOAA-21,CRISTALÂNDIA,TOCANTINS,Brasil,1706100,17,33,28,0.0,0.66,Cerrado,16.6
ff6cbff0-8135-3aef-8e7f-6f7f23a93143, -11.119210, -47.309620,2026-05-29 16:56:00,NOAA-21,ALMAS,TOCANTINS,Brasil,1700400,17,33,6,0.0,0.69,Cerrado,5.3
544b8275-856e-3484-b4a1-5ffb9c256a7b, -11.645120, -50.853650,2026-05-29 16:56:00,NOAA-21,SÃO FÉLIX DO ARAGUAIA,MATO GROSSO,Brasil,5107859,51,33,20,0.0,1.0,Cerrado,3.4
81030b68-464c-37db-aeff-36eb8f93c82a, -11.201670, -48.240250,2026-05-29 16:56:00,NOAA-21,IPUEIRAS,TOCANTINS,Brasil,1709807,17,33,6,0.0,0.99,Cerrado,3.5
0b67b61e-02dc-3f41-8945-3478b1a26d47, -10.675030, -48.398030,2026-05-29 16:56:00,NOAA-21,PORTO NACIONAL,TOCANTINS,Brasil,1718204,17,33,6,0.0,-999.0,Cerrado,9.3
91af2023-ee79-304d-961e-d180d762d667, -10.726860, -49.037860,2026-05-29 16:56:00,NOAA-21,CRISTALÂNDIA,TOCANTINS,Brasil,1706100,17,33,27,0.0,0.66,Cerrado,17.6
0d7e3415-cb26-39bc-9171-bfac0d53e66d, -10.949510, -49.892440,2026-05-29 16:56:00,NOAA-21,LAGOA DA CONFUSÃO,TOCANTINS,Brasil,1711902,17,33,21,0.0,0.89,Cerrado,5.9
386a5202-0d20-3fcf-98fd-64d5df736c36, -11.127590, -54.304170,2026-05-29 16:56:00,NOAA-21,MARCELÂNDIA,MATO GROSSO,Brasil,5105580,51,33,14,0.0,0.23,Amazônia,6.6
daa9d5fb-4e0d-3b14-9447-e1a81d98d33d, -11.163150, -46.798350,2026-05-29 16:56:00,NOAA-21,ALMAS,TOCANTINS,Brasil,1700400,17,33,0,0.0,1.0,Cerrado,10.1
913c54e7-db85-3923-ae99-a83077de7b48, -11.990000, -49.696530,2026-05-29 16:56:00,NOAA-21,FORMOSO DO ARAGUAIA,TOCANTINS,Brasil,1708205,17,33,6,0.0,0.7,Cerrado,7.8
c851ae1f-cf61-308a-a02b-0ae91b13e628, -11.594540, -47.439790,2026-05-29 16:56:00,NOAA-21,NATIVIDADE,TOCANTINS,Brasil,1714203,17,33,6,0.0,0.32,Cerrado,13.3
647ffe25-d428-3da1-acde-31a4a656b907, -10.827570, -46.930630,2026-05-29 16:56:00,NOAA-21,PONTE ALTA DO TOCANTINS,TOCANTINS,Brasil,1717909,17,33,6,0.0,0.83,Cerrado,18.4
62300cfb-a90f-3179-8e65-3ea09e4816f0, -11.949090, -43.406650,2026-05-29 16:56:00,NOAA-21,MUQUÉM DO SÃO FRANCISCO,BAHIA,Brasil,2922250,29,33,5,0.1,1.0,Cerrado,10.7
7b5aae11-6dc6-36d7-a9a6-ed131b934183, -11.811230, -38.770000,2026-05-29 16:56:00,NOAA-21,ÁGUA FRIA,BAHIA,Brasil,2900405,29,33,5,0.2,1.0,Caatinga,11.8
31e82bef-1a0a-3c86-8c83-fc5a04694b58, -10.642770, -49.732200,2026-05-29 16:56:00,NOAA-21,LAGOA DA CONFUSÃO,TOCANTINS,Brasil,1711902,17,33,27,0.0,1.0,Cerrado,10.1
e3e0e848-348c-3173-b7f8-9019129efbff, -11.468280, -46.692730,2026-05-29 16:56:00,NOAA-21,DIANÓPOLIS,TOCANTINS,Brasil,1707009,17,33,3,0.0,0.8,Cerrado,9.8
2a57c53c-8a28-3ab6-8e85-bfd75c3779b8, -10.987740, -51.225290,2026-05-29 16:56:00,NOAA-21,LUCIARA,MATO GROSSO,Brasil,5105309,51,33,20,0.0,1.0,Cerrado,4.9
cc3781d9-f008-35a3-a255-3806815e1d80, -11.247020, -49.663140,2026-05-29 16:56:00,NOAA-21,DUERÉ,TOCANTINS,Brasil,1707306,17,33,7,0.0,0.83,Cerrado,2.6
00fe0685-1de9-3f02-acb5-8023b4f0f1b9, -13.106760, -51.723000,2026-05-29 16:56:00,NOAA-21,RIBEIRÃO CASCALHEIRA,MATO GROSSO,Brasil,5107180,51,33,10,0.0,0.96,Cerrado,6.7
ace39ca0-2f2c-33af-9803-950b22f91422, -10.223980, -47.016270,2026-05-29 16:56:00,NOAA-21,NOVO ACORDO,TOCANTINS,Brasil,1715101,17,33,32,0.0,1.0,Cerrado,7.1
84e1a2ee-a2b5-32d6-9d9c-b45701566647, -10.632130, -49.730210,2026-05-29 16:56:00,NOAA-21,LAGOA DA CONFUSÃO,TOCANTINS,Brasil,1711902,17,33,25,0.0,0.77,Cerrado,14.8
3180e40e-c393-3619-ac56-2bcf4da0da40, -11.598870, -47.443490,2026-05-29 16:56:00,NOAA-21,NATIVIDADE,TOCANTINS,Brasil,1714203,17,33,6,0.0,0.43,Cerrado,9.6
9996f9af-6cb0-3db8-bf67-1a20e2b34437, -10.562900, -50.094710,2026-05-29 16:56:00,NOAA-21,PIUM,TOCANTINS,Brasil,1717503,17,33,21,0.0,0.99,Cerrado,7.7
36707f48-0c75-3262-a0c6-794e30597708, -11.808950, -38.323880,2026-05-29 16:56:00,NOAA-21,INHAMBUPE,BAHIA,Brasil,2913705,29,33,5,0.06,1.0,Mata Atlântica,5.5
9dce8876-f7d2-3e70-8a64-1acc5d51ee39, -10.503710, -38.317970,2026-05-29 16:56:00,NOAA-21,CÍCERO DANTAS,BAHIA,Brasil,2907806,29,33,5,0.0,0.92,Caatinga,10.2
0f645da7-baa1-3498-b0a7-9626f0ba11e3, -10.953970, -49.899070,2026-05-29 16:56:00,NOAA-21,LAGOA DA CONFUSÃO,TOCANTINS,Brasil,1711902,17,33,21,0.0,0.88,Cerrado,5.2
8e45396c-3c5a-3a9e-aff4-7f49d806e958, -10.598310, -49.909130,2026-05-29 16:56:00,NOAA-21,LAGOA DA CONFUSÃO,TOCANTINS,Brasil,1711902,17,33,27,0.0,0.8,Cerrado,4.8
1023975c-c32e-3609-b960-032eff7fe2ac, -14.154820, -47.769120,2026-05-29 16:56:00,NOAA-21,ALTO PARAÍSO DE GOIÁS,GOIÁS,Brasil,5200605,52,33,4,0.0,0.84,Cerrado,9.5
6a69ac73-9470-32c2-b5d6-d41414963ee1, -10.928300, -48.479600,2026-05-29 16:56:00,NOAA-21,BREJINHO DE NAZARÉ,TOCANTINS,Brasil,1703701,17,33,9,0.0,0.57,Cerrado,4.9
b4edc181-d549-3413-80bc-174352491586, -10.953410, -49.895480,2026-05-29 16:56:00,NOAA-21,LAGOA DA CONFUSÃO,TOCANTINS,Brasil,1711902,17,33,21,0.0,0.88,Cerrado,5.9
ce228a75-562f-33a2-97c8-adcac371814a, -11.592310, -47.449100,2026-05-29 16:56:00,NOAA-21,NATIVIDADE,TOCANTINS,Brasil,1714203,17,33,6,0.0,0.64,Cerrado,10.6
8ee90b4d-a04c-3dc5-b84d-4d3a61765890, -10.646690, -49.735270,2026-05-29 16:56:00,NOAA-21,LAGOA DA CONFUSÃO,TOCANTINS,Brasil,1711902,17,33,28,0.0,0.98,Cerrado,4.6
79ca929f-c8dc-3d42-986b-feaa559e5d22, -10.646130, -49.731660,2026-05-29 16:56:00,NOAA-21,LAGOA DA CONFUSÃO,TOCANTINS,Brasil,1711902,17,33,28,0.0,1.0,Cerrado,11.7
8b305fec-fb88-39dd-92fb-d01ed023406e, -12.372240, -43.289920,2026-05-29 16:56:00,NOAA-21,MUQUÉM DO SÃO FRANCISCO,BAHIA,Brasil,2922250,29,33,6,0.0,1.0,Cerrado,8.6
e897dde4-0938-32f9-86d8-d921e80ec8ba, -16.165760, -58.489380,2026-05-29 16:56:00,NOAA-21,CÁCERES,MATO GROSSO,Brasil,5102504,51,33,10,0.0,0.36,Pantanal,5.4
32f188ed-acdb-3c31-9af7-a57dc116e112, -11.328540, -46.788240,2026-05-29 16:56:00,NOAA-21,RIO DA CONCEIÇÃO,TOCANTINS,Brasil,1718659,17,33,5,0.0,0.8,Cerrado,5.2
22db7ee5-3083-3f99-9cf8-649fa85a71aa, -11.948180, -43.401640,2026-05-29 16:56:00,NOAA-21,MUQUÉM DO SÃO FRANCISCO,BAHIA,Brasil,2922250,29,33,5,0.1,1.0,Cerrado,15.6
aec26418-af3f-3cbd-aa47-1cbdd04ab186, -10.589020, -50.086890,2026-05-29 16:56:00,NOAA-21,PIUM,TOCANTINS,Brasil,1717503,17,33,21,0.0,1.0,Cerrado,5.7
f5ff94ab-77fe-33e0-8494-09b45625e34f, -10.645570, -49.728040,2026-05-29 16:56:00,NOAA-21,LAGOA DA CONFUSÃO,TOCANTINS,Brasil,1711902,17,33,28,0.0,1.0,Cerrado,11.7
eb971dd6-6908-3aa2-a397-824fef7e6afe, -12.296520, -52.475440,2026-05-29 16:56:00,NOAA-21,QUERÊNCIA,MATO GROSSO,Brasil,5107065,51,33,14,0.0,0.25,Amazônia,8.5
8f6860c0-56cd-3f6b-bc3b-aa1c03b54345, -10.957310, -49.898530,2026-05-29 16:56:00,NOAA-21,LAGOA DA CONFUSÃO,TOCANTINS,Brasil,1711902,17,33,21,0.0,0.87,Cerrado,3.7
4c86bda9-2829-31ae-a3fa-9f5c896ff3b8, -11.986660, -49.697070,2026-05-29 16:56:00,NOAA-21,FORMOSO DO ARAGUAIA,TOCANTINS,Brasil,1708205,17,33,6,0.0,0.8,Cerrado,7.8
0416113c-6a47-3cdc-8ea6-8a7c5108333e, -11.166170, -46.793050,2026-05-29 16:56:00,NOAA-21,ALMAS,TOCANTINS,Brasil,1700400,17,33,0,0.0,1.0,Cerrado,10.1
8a5888dc-0cf0-30b3-9c3e-2625b87bb1be, -10.911930, -54.121550,2026-05-29 16:56:00,NOAA-21,MARCELÂNDIA,MATO GROSSO,Brasil,5105580,51,33,14,0.0,0.26,Amazônia,8.0
114cfc63-44ed-36a7-874f-2c5357314e8a, -10.815400, -46.904170,2026-05-29 16:56:00,NOAA-21,PONTE ALTA DO TOCANTINS,TOCANTINS,Brasil,1717909,17,33,6,0.0,0.77,Cerrado,18.3
8785c347-0957-3357-9f42-b0e35f29c857, -14.932560, -47.043600,2026-05-29 16:56:00,NOAA-21,VILA BOA,GOIÁS,Brasil,5222203,52,33,5,0.1,1.0,Cerrado,3.9
76d0518e-f0f6-3815-8171-6715622556e0, -10.975700, -44.604330,2026-05-29 16:56:00,NOAA-21,SANTA RITA DE CÁSSIA,BAHIA,Brasil,2928406,29,33,5,0.0,0.96,Cerrado,8.8
990c7aec-0106-315c-bc81-e6efc69e418e, -16.161010, -58.493030,2026-05-29 16:56:00,NOAA-21,CÁCERES,MATO GROSSO,Brasil,5102504,51,33,10,0.0,0.72,Pantanal,6.6
cd5905b6-2875-3681-b116-b4c0bf8b11e5, -11.778010, -45.421290,2026-05-29 16:56:00,NOAA-21,BARREIRAS,BAHIA,Brasil,2903201,29,33,5,0.0,0.98,Cerrado,9.1
cb038481-a133-3c52-aa82-a9de515038ee, -12.717890, -54.192120,2026-05-29 16:56:00,NOAA-21,PARANATINGA,MATO GROSSO,Brasil,5106307,51,33,14,0.0,0.37,Amazônia,8.8
5c1d75c0-dbc8-3850-8c59-68956682b71d, -11.913330, -43.838240,2026-05-29 16:56:00,NOAA-21,WANDERLEY,BAHIA,Brasil,2933455,29,33,2,0.0,0.94,Cerrado,12.7
9cba17cb-011a-3256-a486-dbcf7a923e71, -11.907980, -43.834400,2026-05-29 16:56:00,NOAA-21,WANDERLEY,BAHIA,Brasil,2933455,29,33,2,0.0,0.96,Cerrado,19.0
ca849562-0708-3946-98fc-06240d89b07a,  -9.398500, -40.633310,2026-05-29 16:56:00,NOAA-21,PETROLINA,PERNAMBUCO,Brasil,2611101,26,33,25,0.0,1.0,Caatinga,4.6
3f232abe-9ed6-3a3e-a42c-b7c348b8715e, -10.983170, -45.097940,2026-05-29 16:56:00,NOAA-21,FORMOSA DO RIO PRETO,BAHIA,Brasil,2911105,29,33,33,0.0,1.0,Cerrado,13.5
519f2ebe-eeb9-3fa3-9fe3-451925f86bd3, -11.205840, -48.243670,2026-05-29 16:56:00,NOAA-21,IPUEIRAS,TOCANTINS,Brasil,1709807,17,33,6,0.0,1.0,Cerrado,3.5
5aae03d9-d806-32a9-a339-7a71e843a359, -12.371330, -43.284900,2026-05-29 16:56:00,NOAA-21,MUQUÉM DO SÃO FRANCISCO,BAHIA,Brasil,2922250,29,33,6,0.0,1.0,Cerrado,8.6
9acb0ede-8a41-3cad-a9b6-19c8d8258309, -12.767770, -49.316360,2026-05-29 16:56:00,NOAA-21,TALISMÃ,TOCANTINS,Brasil,1720978,17,33,6,0.0,1.0,Cerrado,3.9
103734a2-d30a-3071-aee3-e999abd941cc, -10.759400, -46.733430,2026-05-29 16:56:00,NOAA-21,MATEIROS,TOCANTINS,Brasil,1712702,17,33,6,0.0,0.97,Cerrado,11.5
b135f5e1-effc-3502-a117-639e7485e41a, -11.857360, -47.119990,2026-05-29 16:56:00,NOAA-21,DIANÓPOLIS,TOCANTINS,Brasil,1707009,17,33,6,0.0,1.0,Cerrado,5.6
08104319-13f9-3b68-9757-c7cb722e8ca7, -16.173800, -58.469550,2026-05-29 16:56:00,NOAA-21,CÁCERES,MATO GROSSO,Brasil,5102504,51,33,11,0.0,0.33,Pantanal,7.8
5c436430-12ec-3572-b21f-eea06a4f1c2e, -10.675710, -48.398460,2026-05-29 16:56:00,NOAA-21,PORTO NACIONAL,TOCANTINS,Brasil,1718204,17,33,6,0.0,-999.0,Cerrado,9.6
8524d1c1-fa6b-3360-8dbf-f65d0e7e8bda, -11.849990, -47.121230,2026-05-29 16:56:00,NOAA-21,DIANÓPOLIS,TOCANTINS,Brasil,1707009,17,33,6,0.0,1.0,Cerrado,3.4
dd2507c0-9b2f-3ccd-85e2-b1b53233417e, -15.804110, -58.673980,2026-05-29 16:56:00,NOAA-21,PORTO ESPERIDIÃO,MATO GROSSO,Brasil,5106828,51,33,8,0.0,1.0,Pantanal,5.5
8f4bc12d-7402-3164-810a-4243de862c5e, -16.803490, -54.105680,2026-05-29 16:56:00,NOAA-21,PEDRA PRETA,MATO GROSSO,Brasil,5106372,51,33,6,0.39,1.0,Cerrado,4.2
573c42d5-c057-3598-a62c-12759ba925c3, -11.210510, -54.153550,2026-05-29 16:56:00,NOAA-21,MARCELÂNDIA,MATO GROSSO,Brasil,5105580,51,33,14,0.0,0.26,Amazônia,10.0
9bbe3366-3013-34c8-bfef-a7723a9fd283, -12.420470, -47.881260,2026-05-29 16:56:00,NOAA-21,PARANÃ,TOCANTINS,Brasil,1716208,17,33,6,0.0,0.98,Cerrado,7.2
03d681bb-378d-327f-8ab1-543f7f3c45bb, -10.963570, -48.319250,2026-05-29 16:56:00,NOAA-21,PORTO NACIONAL,TOCANTINS,Brasil,1718204,17,33,6,0.0,0.55,Cerrado,7.3
53cd638c-a318-3b47-93f9-4cb43b1380f1, -11.650650, -48.797910,2026-05-29 16:56:00,NOAA-21,GURUPI,TOCANTINS,Brasil,1709500,17,33,6,0.0,0.71,Cerrado,3.4
f109b1aa-c8f9-3e0d-86d8-4de9e12afa50, -11.587270, -47.441050,2026-05-29 16:56:00,NOAA-21,NATIVIDADE,TOCANTINS,Brasil,1714203,17,33,6,0.0,0.58,Cerrado,7.0
267db715-e996-3f49-a7c4-338978c816f0, -10.745170, -49.933550,2026-05-29 16:56:00,NOAA-21,LAGOA DA CONFUSÃO,TOCANTINS,Brasil,1711902,17,33,20,0.0,0.77,Cerrado,16.7
0983713d-1176-3de7-8186-e053ea542a58, -14.481530, -47.693180,2026-05-29 16:56:00,NOAA-21,SÃO JOÃO D'ALIANÇA,GOIÁS,Brasil,5220009,52,33,6,0.0,0.97,Cerrado,4.6
1dd394e6-e71e-3cf5-8ef8-71d39a234476, -11.159360, -46.798960,2026-05-29 16:56:00,NOAA-21,ALMAS,TOCANTINS,Brasil,1700400,17,33,0,0.0,1.0,Cerrado,6.3
4c7ed610-f7fc-39ab-b280-8f901777e813, -11.604360, -54.187660,2026-05-29 16:56:00,NOAA-21,UNIÃO DO SUL,MATO GROSSO,Brasil,5108303,51,33,13,0.0,0.29,Amazônia,6.1
b3b69b6a-c7bb-32aa-a4e7-a7f864fedf6e, -10.670480, -49.698340,2026-05-29 16:56:00,NOAA-21,LAGOA DA CONFUSÃO,TOCANTINS,Brasil,1711902,17,33,29,0.0,0.91,Cerrado,11.1
45cca6c2-4cb3-37e3-979e-caafef8eaa81, -12.293110, -52.475950,2026-05-29 16:56:00,NOAA-21,QUERÊNCIA,MATO GROSSO,Brasil,5107065,51,33,14,0.0,0.25,Amazônia,11.1
7ec00555-f9f6-3701-b2a8-bfe2303af569, -11.415580, -57.804920,2026-05-29 16:56:00,NOAA-21,JUARA,MATO GROSSO,Brasil,5105101,51,33,12,0.0,0.65,Amazônia,5.1
d0bb449e-f43f-3d0b-ac6f-103e955db9e7, -12.376890, -43.289040,2026-05-29 16:56:00,NOAA-21,MUQUÉM DO SÃO FRANCISCO,BAHIA,Brasil,2922250,29,33,6,0.0,1.0,Cerrado,8.6
5a29c4e1-91f1-3803-9e30-e0b627b7fa7a, -11.598170, -47.439160,2026-05-29 16:56:00,NOAA-21,NATIVIDADE,TOCANTINS,Brasil,1714203,17,33,6,0.0,0.32,Cerrado,13.3
904fdd96-afac-36d1-afe4-cb2c2d74b26e, -11.792750, -46.681650,2026-05-29 16:56:00,NOAA-21,NOVO JARDIM,TOCANTINS,Brasil,1715259,17,33,6,0.0,0.64,Cerrado,5.2
2a2f8b31-15f5-3caa-8e9d-c8ec14a26eb2, -12.764420, -49.316920,2026-05-29 16:56:00,NOAA-21,TALISMÃ,TOCANTINS,Brasil,1720978,17,33,6,0.0,1.0,Cerrado,3.9
bce0aa1a-cf7c-3ca5-9a32-4c354ec13099, -16.222810, -46.808160,2026-05-29 16:56:00,NOAA-21,UNAÍ,MINAS GERAIS,Brasil,3170404,31,33,8,0.0,1.0,Cerrado,3.6
123c9af8-d812-393f-b377-d2b99c4634aa,  -9.930670, -44.350790,2026-05-29 16:56:00,NOAA-21,CURIMATÁ,PIAUÍ,Brasil,2203206,22,33,6,0.0,0.83,Cerrado,16.7
822c95e6-b878-3da9-8150-8f96674d1ad9, -10.950070, -49.896020,2026-05-29 16:56:00,NOAA-21,LAGOA DA CONFUSÃO,TOCANTINS,Brasil,1711902,17,33,21,0.0,0.91,Cerrado,5.9
8abaf935-ed6e-39eb-b8a2-e8004cd72f6b, -13.189210, -49.973880,2026-05-29 16:56:00,NOAA-21,SÃO MIGUEL DO ARAGUAIA,GOIÁS,Brasil,5220207,52,33,6,0.0,1.0,Cerrado,2.2
39ac681b-cc6c-3469-96e7-47b296f549c7, -10.569000, -50.111970,2026-05-29 16:56:00,NOAA-21,PIUM,TOCANTINS,Brasil,1717503,17,33,21,0.0,0.97,Cerrado,6.1
ad4e9981-7630-364f-9c2c-542324881b58, -11.544390, -46.846170,2026-05-29 16:56:00,NOAA-21,DIANÓPOLIS,TOCANTINS,Brasil,1707009,17,33,6,0.0,0.67,Cerrado,8.4
a2535cad-c74d-3efa-b960-0967e866628a, -11.128210, -54.308480,2026-05-29 16:56:00,NOAA-21,MARCELÂNDIA,MATO GROSSO,Brasil,5105580,51,33,14,0.0,0.23,Amazônia,6.6
85768635-399f-3bed-a07a-3c8b7f82f1d2, -11.333200, -53.958080,2026-05-29 16:56:00,NOAA-21,UNIÃO DO SUL,MATO GROSSO,Brasil,5108303,51,33,30,0.0,0.29,Amazônia,7.2
e6e74ed4-1363-3d62-86be-484871a79ee0, -10.820010, -46.931890,2026-05-29 16:56:00,NOAA-21,PONTE ALTA DO TOCANTINS,TOCANTINS,Brasil,1717909,17,33,6,0.0,0.9,Cerrado,5.6
54599d23-b7e0-3971-9029-38f226928e4d, -10.384200, -49.800560,2026-05-29 16:56:00,NOAA-21,PIUM,TOCANTINS,Brasil,1717503,17,33,28,0.0,1.0,Cerrado,4.5
6c12a0a2-cf5f-3af5-9f98-b6522c05e4e3, -11.205190, -48.239670,2026-05-29 16:56:00,NOAA-21,IPUEIRAS,TOCANTINS,Brasil,1709807,17,33,6,0.0,1.0,Cerrado,3.5
a0292aaf-3eed-337d-86f5-d822200f1d02, -11.607390, -54.182860,2026-05-29 16:56:00,NOAA-21,UNIÃO DO SUL,MATO GROSSO,Brasil,5108303,51,33,13,0.0,0.3,Amazônia,5.9
6ec99399-c7b9-3ab6-b424-8aa2924d5abd, -10.817790, -46.941920,2026-05-29 16:56:00,NOAA-21,PONTE ALTA DO TOCANTINS,TOCANTINS,Brasil,1717909,17,33,6,0.0,1.0,Cerrado,13.9
2a710267-1d6a-32f8-9a0d-3356a58c0026, -15.782140, -58.663800,2026-05-29 16:56:00,NOAA-21,PORTO ESPERIDIÃO,MATO GROSSO,Brasil,5106828,51,33,9,0.0,1.0,Pantanal,8.4
4b9dc6b9-578c-34d0-a227-1b4666e58b50, -10.638850, -49.729120,2026-05-29 16:56:00,NOAA-21,LAGOA DA CONFUSÃO,TOCANTINS,Brasil,1711902,17,33,26,0.0,0.86,Cerrado,10.1
f66ccd54-a0f6-3e38-bc2f-5f33fa22f810, -16.166110, -58.492450,2026-05-29 16:56:00,NOAA-21,CÁCERES,MATO GROSSO,Brasil,5102504,51,33,10,0.0,0.55,Pantanal,5.4
3db11bd0-f254-34c4-8cd1-090acbfec4b0, -12.720940, -54.187140,2026-05-29 16:56:00,NOAA-21,PARANATINGA,MATO GROSSO,Brasil,5106307,51,33,14,0.02,0.37,Amazônia,11.4
34da5894-6867-353f-b81d-f040e4974707, -10.875630, -53.737620,2026-05-29 16:56:00,NOAA-21,MARCELÂNDIA,MATO GROSSO,Brasil,5105580,51,33,22,0.0,0.32,Amazônia,14.6
0a269f33-5a33-37ec-8c48-8a03f649881c,  -9.990480, -46.404230,2026-05-29 16:56:00,NOAA-21,ALTO PARNAÍBA,MARANHÃO,Brasil,2100501,21,33,9,0.0,1.0,Cerrado,18.1
c998ce38-6b80-330c-a310-a6912034fd3f, -10.639410, -49.732740,2026-05-29 16:56:00,NOAA-21,LAGOA DA CONFUSÃO,TOCANTINS,Brasil,1711902,17,33,26,0.0,0.77,Cerrado,10.1
237053d0-53fb-3e06-9366-e3a97b67aac3, -11.733710, -46.983130,2026-05-29 16:56:00,NOAA-21,DIANÓPOLIS,TOCANTINS,Brasil,1707009,17,33,6,0.0,0.51,Cerrado,11.5
a966a8c2-f126-3547-8ed3-d91206ea6623, -10.828340, -46.935310,2026-05-29 16:56:00,NOAA-21,PONTE ALTA DO TOCANTINS,TOCANTINS,Brasil,1717909,17,33,6,0.0,0.92,Cerrado,18.4
acfe05fd-ee74-3a82-901c-6715fd15982e, -10.832040, -46.910710,2026-05-29 16:56:00,NOAA-21,PONTE ALTA DO TOCANTINS,TOCANTINS,Brasil,1717909,17,33,6,0.0,0.99,Cerrado,30.3
e2d0ecca-7320-3c43-995b-1285cf45d800, -16.174160, -58.472660,2026-05-29 16:56:00,NOAA-21,CÁCERES,MATO GROSSO,Brasil,5102504,51,33,11,0.0,0.31,Pantanal,7.8
2f74afd4-96e9-3ea0-ab62-f8bd074d20fa, -10.812390, -46.909500,2026-05-29 16:56:00,NOAA-21,PONTE ALTA DO TOCANTINS,TOCANTINS,Brasil,1717909,17,33,6,0.0,0.77,Cerrado,12.5
846101c2-5edc-361e-aede-45592a7174c8, -10.383630, -49.796960,2026-05-29 16:56:00,NOAA-21,PIUM,TOCANTINS,Brasil,1717503,17,33,28,0.0,0.97,Cerrado,3.4
283e2c45-ddc5-32da-a24f-3d128552d351, -11.700440, -44.163900,2026-05-29 16:56:00,NOAA-21,WANDERLEY,BAHIA,Brasil,2933455,29,33,3,0.0,1.0,Cerrado,5.2
d51bc9c4-38f3-3d6d-86e6-b82f12ba99b0, -10.831350, -46.930020,2026-05-29 16:56:00,NOAA-21,PONTE ALTA DO TOCANTINS,TOCANTINS,Brasil,1717909,17,33,6,0.0,0.91,Cerrado,18.4
50947e6d-fa4f-3bf4-8ba9-24df478523da, -10.262020, -47.012720,2026-05-29 16:56:00,NOAA-21,NOVO ACORDO,TOCANTINS,Brasil,1715101,17,33,31,0.0,1.0,Cerrado,10.8
f8fd68ad-612f-34df-8744-5d04e40e84cb, -11.202330, -48.244260,2026-05-29 16:56:00,NOAA-21,IPUEIRAS,TOCANTINS,Brasil,1709807,17,33,6,0.0,0.95,Cerrado,3.5
b1a8041a-f3c6-3fb1-89ba-c30e240f28c4, -10.635490, -49.729660,2026-05-29 16:56:00,NOAA-21,LAGOA DA CONFUSÃO,TOCANTINS,Brasil,1711902,17,33,25,0.0,0.78,Cerrado,14.8
cb24167c-d473-3f8b-a713-6cc721112b79, -10.991040, -51.224780,2026-05-29 16:56:00,NOAA-21,LUCIARA,MATO GROSSO,Brasil,5105309,51,33,20,0.0,1.0,Cerrado,3.6
fc195bbb-2820-34b9-a2a4-70fa11644615, -11.333860, -46.796830,2026-05-29 16:56:00,NOAA-21,RIO DA CONCEIÇÃO,TOCANTINS,Brasil,1718659,17,33,5,0.0,0.91,Cerrado,18.3
f18d41ad-2852-3eb0-8e3e-668ced310d97, -10.852040, -53.749160,2026-05-29 16:56:00,NOAA-21,MARCELÂNDIA,MATO GROSSO,Brasil,5105580,51,33,24,0.0,0.32,Amazônia,9.2
986091de-fff0-39cf-9519-b0e1f7daf1b9, -10.765710, -49.734910,2026-05-29 16:56:00,NOAA-21,LAGOA DA CONFUSÃO,TOCANTINS,Brasil,1711902,17,33,29,0.0,1.0,Cerrado,5.0
393382be-c8ba-368c-b65b-749be637f1c1, -11.339210, -53.948790,2026-05-29 16:56:00,NOAA-21,UNIÃO DO SUL,MATO GROSSO,Brasil,5108303,51,33,30,0.0,0.29,Amazônia,5.6
f68db88d-b8da-3197-9bdb-670541c2934b, -11.329300, -46.792810,2026-05-29 16:56:00,NOAA-21,RIO DA CONCEIÇÃO,TOCANTINS,Brasil,1718659,17,33,5,0.0,0.83,Cerrado,5.2
da8a9568-9f63-3279-81af-1979511cf20c, -10.830570, -46.925310,2026-05-29 16:56:00,NOAA-21,PONTE ALTA DO TOCANTINS,TOCANTINS,Brasil,1717909,17,33,6,0.0,0.93,Cerrado,10.0
62233875-0a8a-39db-b2d5-ab79292afcc7, -10.144800, -42.076790,2026-05-29 16:56:00,NOAA-21,SENTO SÉ,BAHIA,Brasil,2930204,29,33,39,0.0,1.0,Caatinga,6.1
68ef98c4-df04-3c20-b586-07bf53b0cc48, -11.651260, -48.801720,2026-05-29 16:56:00,NOAA-21,GURUPI,TOCANTINS,Brasil,1709500,17,33,6,0.0,0.76,Cerrado,3.4
4128d60a-fce2-3264-abd8-fef6be82ac31, -11.947270, -43.396610,2026-05-29 16:56:00,NOAA-21,MUQUÉM DO SÃO FRANCISCO,BAHIA,Brasil,2922250,29,33,5,0.1,1.0,Cerrado,15.6
19de88d0-1840-3d2f-bfe5-e59657f52700, -10.817010, -46.937220,2026-05-29 16:56:00,NOAA-21,PONTE ALTA DO TOCANTINS,TOCANTINS,Brasil,1717909,17,33,6,0.0,0.99,Cerrado,7.5
70a24d30-b66f-3e02-9b2c-81b56eb8616d, -11.447700, -55.109260,2026-05-29 16:56:00,NOAA-21,CLÁUDIA,MATO GROSSO,Brasil,5103056,51,33,13,0.0,0.38,Amazônia,5.6
9df4c2f1-9bef-3227-b1a6-d32729f47346, -10.570100, -50.119080,2026-05-29 16:56:00,NOAA-21,PIUM,TOCANTINS,Brasil,1717503,17,33,21,0.0,0.88,Cerrado,10.2
1c421bb7-7210-3352-9449-ad74916c806e, -11.864580, -49.739260,2026-05-29 16:56:00,NOAA-21,FORMOSO DO ARAGUAIA,TOCANTINS,Brasil,1708205,17,33,6,0.0,1.0,Cerrado,9.3
b1ed0915-cb00-39fb-825f-25e618c18d82, -10.226810, -48.139180,2026-05-29 16:56:00,NOAA-21,PALMAS,TOCANTINS,Brasil,1721000,17,33,7,0.0,0.55,Cerrado,3.1
1e39e46a-4074-3a00-9e8e-580c77d62c50, -10.585680, -50.087430,2026-05-29 16:56:00,NOAA-21,PIUM,TOCANTINS,Brasil,1717503,17,33,21,0.0,1.0,Cerrado,5.7
4a7d2c53-5b2b-32d4-997b-16d880badade, -11.854000, -46.721640,2026-05-29 16:56:00,NOAA-21,NOVO JARDIM,TOCANTINS,Brasil,1715259,17,33,5,0.0,0.66,Cerrado,9.7
0a6d388b-402b-3d69-9945-f03247ed5717, -11.336200, -53.953430,2026-05-29 16:56:00,NOAA-21,UNIÃO DO SUL,MATO GROSSO,Brasil,5108303,51,33,30,0.0,0.29,Amazônia,5.6
2e182271-0f70-35d7-9eda-04d582ae7d18, -10.815460, -46.927900,2026-05-29 16:56:00,NOAA-21,PONTE ALTA DO TOCANTINS,TOCANTINS,Brasil,1717909,17,33,6,0.0,0.99,Cerrado,8.7
bdb18cf7-e4e0-3376-aa9c-92731b9240ae, -12.091180, -48.197960,2026-05-29 16:56:00,NOAA-21,PEIXE,TOCANTINS,Brasil,1716604,17,33,6,0.0,0.73,Cerrado,8.1
bfed3004-f693-3ca1-96b0-8144f77cc762, -11.908810, -43.839060,2026-05-29 16:56:00,NOAA-21,WANDERLEY,BAHIA,Brasil,2933455,29,33,2,0.0,0.97,Cerrado,12.7
bd1737cb-6df0-3199-9b07-4e4381804fa0, -12.918250, -54.238450,2026-05-29 16:56:00,NOAA-21,PARANATINGA,MATO GROSSO,Brasil,5106307,51,33,12,0.2,0.42,Amazônia,7.9
85a4a85a-ec6b-3f7b-8256-bbd125056275, -10.077970, -48.473550,2026-05-29 16:56:00,NOAA-21,PORTO NACIONAL,TOCANTINS,Brasil,1718204,17,33,15,0.0,0.87,Cerrado,11.0
b25397d8-00f8-33ec-bd6f-630c8bca06d9, -10.230370, -48.138500,2026-05-29 16:56:00,NOAA-21,PALMAS,TOCANTINS,Brasil,1721000,17,33,7,0.0,0.43,Cerrado,3.1
87e850ba-c506-3f74-ae75-a532bfa041fc, -15.804450, -58.677070,2026-05-29 16:56:00,NOAA-21,PORTO ESPERIDIÃO,MATO GROSSO,Brasil,5106828,51,33,8,0.0,1.0,Pantanal,5.5
0d968b51-95b2-3d93-8e5f-05e6a4f2e4e9, -10.755580, -46.734070,2026-05-29 16:56:00,NOAA-21,MATEIROS,TOCANTINS,Brasil,1712702,17,33,6,0.0,0.98,Cerrado,11.5
b1ca3b8d-b796-31ba-81b6-d4bc8418e59f, -10.833580, -46.920000,2026-05-29 16:56:00,NOAA-21,PONTE ALTA DO TOCANTINS,TOCANTINS,Brasil,1717909,17,33,6,0.0,0.99,Cerrado,25.8
4602611a-ea65-362b-a21b-337ff845831f, -11.864030, -49.735670,2026-05-29 16:56:00,NOAA-21,FORMOSO DO ARAGUAIA,TOCANTINS,Brasil,1708205,17,33,6,0.0,1.0,Cerrado,9.3
2508b6e0-59ea-3a1a-b19a-d446c221e326, -14.479950, -47.693040,2026-05-29 16:56:00,NOAA-21,SÃO JOÃO D'ALIANÇA,GOIÁS,Brasil,5220009,52,33,6,0.0,0.96,Cerrado,2.5
f4d59aa6-f5c9-363f-8c13-31350ec365a0, -10.988270, -51.228790,2026-05-29 16:56:00,NOAA-21,LUCIARA,MATO GROSSO,Brasil,5105309,51,33,20,0.0,1.0,Cerrado,5.1
91ee2c27-a786-3f70-a6fa-0bedba160131, -11.016440, -43.494320,2026-05-29 16:56:00,NOAA-21,BARRA,BAHIA,Brasil,2902708,29,33,6,0.0,1.0,Cerrado,8.9
8c7f59ba-82bf-32ef-8684-34048bbe3abd, -15.640400, -56.215640,2026-05-29 16:56:00,NOAA-21,VÁRZEA GRANDE,MATO GROSSO,Brasil,5108402,51,33,8,0.0,0.86,Cerrado,3.6
6569ea99-4c6b-3141-acff-eb91b88f9940, -10.993820, -51.220760,2026-05-29 16:56:00,NOAA-21,LUCIARA,MATO GROSSO,Brasil,5105309,51,33,20,0.0,1.0,Cerrado,3.6
597fd462-d1f5-35b4-9789-56e98ee0fe52, -14.483440, -47.692440,2026-05-29 16:56:00,NOAA-21,SÃO JOÃO D'ALIANÇA,GOIÁS,Brasil,5220009,52,33,6,0.0,0.99,Cerrado,2.5
66c78d22-ca6c-3173-bfeb-253b1684f3fb, -10.964050, -51.225380,2026-05-29 16:56:00,NOAA-21,LUCIARA,MATO GROSSO,Brasil,5105309,51,33,23,0.0,0.9,Cerrado,5.9
5356e07a-527c-398a-8200-ceb5f0ba580c, -12.898420, -52.524270,2026-05-29 16:56:00,NOAA-21,CANARANA,MATO GROSSO,Brasil,5102702,51,33,29,0.0,0.37,Amazônia,9.4
54e1ec28-b0d6-3306-b8a1-d78fd9d1c08f, -15.785040, -58.665270,2026-05-29 16:56:00,NOAA-21,PORTO ESPERIDIÃO,MATO GROSSO,Brasil,5106828,51,33,9,0.0,1.0,Pantanal,5.6
69cfff26-47a3-32d1-a2eb-3d8d5080ae80, -11.079640, -55.049160,2026-05-29 16:56:00,NOAA-21,ITAÚBA,MATO GROSSO,Brasil,5104559,51,33,11,0.0,0.26,Amazônia,5.3
b24eb08f-93c3-3ad7-b655-8354623fe2d0, -12.087040, -48.194590,2026-05-29 16:56:00,NOAA-21,PEIXE,TOCANTINS,Brasil,1716604,17,33,6,0.0,0.72,Cerrado,8.1
b81878b8-20f2-367e-9fe2-53c5e8d20cc4, -10.085010, -48.472350,2026-05-29 16:56:00,NOAA-21,PORTO NACIONAL,TOCANTINS,Brasil,1718204,17,33,15,0.0,0.74,Cerrado,14.5
5047ef2e-95a9-3683-aa10-99de2e93f805, -12.598860, -49.021760,2026-05-29 16:56:00,NOAA-21,TALISMÃ,TOCANTINS,Brasil,1720978,17,33,6,0.0,1.0,Cerrado,7.2
e85dcbb3-4eb6-310d-b808-85ddb443bbf3, -11.338620, -53.944640,2026-05-29 16:56:00,NOAA-21,UNIÃO DO SUL,MATO GROSSO,Brasil,5108303,51,33,30,0.0,0.29,Amazônia,14.9
c4f26414-98de-35e3-acd9-f9346713d975, -10.819090, -49.241460,2026-05-29 16:56:00,NOAA-21,SANTA RITA DO TOCANTINS,TOCANTINS,Brasil,1718899,17,33,20,0.0,0.7,Cerrado,7.9
f3c30d71-747a-34e9-9910-dc9028a029de, -10.809370, -46.914700,2026-05-29 16:56:00,NOAA-21,PONTE ALTA DO TOCANTINS,TOCANTINS,Brasil,1717909,17,33,6,0.0,0.82,Cerrado,21.0
57493649-4af2-31e5-8af0-63d6e7f30345, -10.080840, -48.468960,2026-05-29 16:56:00,NOAA-21,PORTO NACIONAL,TOCANTINS,Brasil,1718204,17,33,15,0.0,0.77,Cerrado,11.0
678284e1-5208-3be3-a1b6-b80ec2205aa6, -12.721570, -54.191560,2026-05-29 16:56:00,NOAA-21,PARANATINGA,MATO GROSSO,Brasil,5106307,51,33,14,0.0,0.37,Amazônia,20.5
fbed938c-3c07-3db5-882c-c49da30cdc16, -10.083720, -48.464370,2026-05-29 16:56:00,NOAA-21,PORTO NACIONAL,TOCANTINS,Brasil,1718204,17,33,15,0.0,0.68,Cerrado,4.7
3716a33c-63b6-3181-821f-b6733a608c14, -11.324760, -46.788930,2026-05-29 16:56:00,NOAA-21,RIO DA CONCEIÇÃO,TOCANTINS,Brasil,1718659,17,33,5,0.0,0.79,Cerrado,5.2
e6f17c33-0f9a-3716-832f-fe179e83df25, -10.081490, -48.472960,2026-05-29 16:56:00,NOAA-21,PORTO NACIONAL,TOCANTINS,Brasil,1718204,17,33,15,0.0,0.81,Cerrado,11.0
d59bf4d7-d082-309f-9d3a-c018b2f241c1, -11.948880, -46.753380,2026-05-29 16:56:00,NOAA-21,NOVO JARDIM,TOCANTINS,Brasil,1715259,17,33,0,0.0,0.8,Cerrado,8.9
d220a9cb-6147-357e-86be-2c7399053e01, -10.835830, -46.910110,2026-05-29 16:56:00,NOAA-21,PONTE ALTA DO TOCANTINS,TOCANTINS,Brasil,1717909,17,33,6,0.0,0.97,Cerrado,30.3
c4db7c1a-d4c0-33dc-a4ae-73d7134717ef,  -9.998040, -46.376340,2026-05-29 16:56:00,NOAA-21,ALTO PARNAÍBA,MARANHÃO,Brasil,2100501,21,33,7,0.0,0.89,Cerrado,13.5
18c5396a-2e77-3469-8926-6c3547aec5b9, -13.116810, -51.721440,2026-05-29 16:56:00,NOAA-21,RIBEIRÃO CASCALHEIRA,MATO GROSSO,Brasil,5107180,51,33,10,0.0,0.79,Cerrado,5.0
26dab143-9c42-36f2-b56e-c131c413ec5d, -10.836590, -46.914750,2026-05-29 16:56:00,NOAA-21,PONTE ALTA DO TOCANTINS,TOCANTINS,Brasil,1717909,17,33,6,0.0,0.97,Cerrado,30.3
937ed719-ca6b-32b9-b6ba-02d9d88fb2fb,  -9.989620, -46.399050,2026-05-29 16:56:00,NOAA-21,ALTO PARNAÍBA,MARANHÃO,Brasil,2100501,21,33,9,0.0,1.0,Cerrado,13.9
43ff5ef7-d6aa-3bc6-b99b-f0f55c016255, -10.741830, -49.934080,2026-05-29 16:56:00,NOAA-21,LAGOA DA CONFUSÃO,TOCANTINS,Brasil,1711902,17,33,20,0.0,0.7,Cerrado,3.5
21b804d5-aae3-3d2e-aa14-5c22d702da64, -11.611030, -54.182370,2026-05-29 16:56:00,NOAA-21,UNIÃO DO SUL,MATO GROSSO,Brasil,5108303,51,33,13,0.0,0.3,Amazônia,5.9
c1d69cec-a252-3fa0-bb35-e2b447bf781d, -12.168660, -40.728280,2026-05-29 16:56:00,NOAA-21,RUY BARBOSA,BAHIA,Brasil,2927200,29,33,4,0.2,1.0,Caatinga,4.3
69924430-e5c5-3196-a275-5744a7fc570d, -10.730880, -49.041050,2026-05-29 16:56:00,NOAA-21,CRISTALÂNDIA,TOCANTINS,Brasil,1706100,17,33,27,0.0,0.66,Cerrado,16.6
658b57c6-5eed-30df-a29c-6017d937b5e5, -10.092690, -48.475160,2026-05-29 16:56:00,NOAA-21,PORTO NACIONAL,TOCANTINS,Brasil,1718204,17,33,15,0.0,0.71,Cerrado,4.8
4bfd2c5a-928d-3159-ad03-724520036b58, -13.268240, -43.383960,2026-05-29 16:56:00,NOAA-21,BOM JESUS DA LAPA,BAHIA,Brasil,2903904,29,33,24,0.0,1.0,Caatinga,13.8
67fc6b1c-c2da-3511-8b89-56843e704441, -11.671060, -47.379810,2026-05-29 16:56:00,NOAA-21,ALMAS,TOCANTINS,Brasil,1700400,17,33,6,0.0,0.72,Cerrado,3.8
f7122b1b-ee9b-31e8-8dda-09571b3729f5, -10.832130, -46.934730,2026-05-29 16:56:00,NOAA-21,PONTE ALTA DO TOCANTINS,TOCANTINS,Brasil,1717909,17,33,6,0.0,0.96,Cerrado,18.4
bd446f6a-455e-38b1-828a-26274e6ef278, -11.548150, -46.845570,2026-05-29 16:56:00,NOAA-21,DIANÓPOLIS,TOCANTINS,Brasil,1707009,17,33,6,0.0,0.66,Cerrado,8.4
965c6cf3-6816-3271-8162-d7d2e32dd82f, -12.566270, -49.375520,2026-05-29 16:56:00,NOAA-21,ARAGUAÇU,TOCANTINS,Brasil,1702000,17,33,6,0.0,0.82,Cerrado,12.0
e2473ba9-94e7-3144-9bf2-a0184cc6f84b, -13.110110, -51.722480,2026-05-29 16:56:00,NOAA-21,RIBEIRÃO CASCALHEIRA,MATO GROSSO,Brasil,5107180,51,33,10,0.0,0.89,Cerrado,6.1
afc0e199-bfe6-36b5-932c-ff3ab012f7fc, -10.086300, -48.480380,2026-05-29 16:56:00,NOAA-21,PORTO NACIONAL,TOCANTINS,Brasil,1718204,17,33,15,0.0,0.9,Cerrado,21.5
3cf77b37-a34f-3c7c-9089-e8260e6e4dc1, -10.083080, -48.460360,2026-05-29 16:56:00,NOAA-21,PORTO NACIONAL,TOCANTINS,Brasil,1718204,17,33,15,0.0,0.67,Cerrado,4.7
10c76278-f36d-320a-a427-9aa87b6de211, -12.099820, -40.286990,2026-05-29 16:56:00,NOAA-21,MACAJUBA,BAHIA,Brasil,2919603,29,33,1,0.81,0.82,Caatinga,17.6
e09007d6-6e1c-3b9b-b9d0-837daefcf9a2, -11.080300, -55.053850,2026-05-29 16:56:00,NOAA-21,ITAÚBA,MATO GROSSO,Brasil,5104559,51,33,11,0.0,0.4,Amazônia,5.3
a2aa807c-830d-353f-a4b5-dfcc7632ea98, -10.571790, -50.085990,2026-05-29 16:56:00,NOAA-21,PIUM,TOCANTINS,Brasil,1717503,17,33,21,0.0,1.0,Cerrado,6.2
659f69f9-7026-334f-b4b9-f19e2afa77cb,  -8.087560, -47.174290,2026-05-29 16:58:00,NOAA-21,GOIATINS,TOCANTINS,Brasil,1709005,17,33,17,0.0,0.75,Cerrado,4.9
ef2ee5e4-869a-3578-bebd-30cc43371ddb,  -8.850020, -46.713750,2026-05-29 16:58:00,NOAA-21,BALSAS,MARANHÃO,Brasil,2101400,21,33,37,0.0,0.83,Cerrado,24.0
af38ba62-9438-349b-aeef-adefbdc5bd3a,  -8.547800, -51.493090,2026-05-29 16:58:00,NOAA-21,CUMARU DO NORTE,PARÁ,Brasil,1502764,15,33,14,0.0,0.81,Amazônia,4.2
c986acd4-ad9d-395a-b85e-a0864c17c6d1,  -6.387500, -51.613430,2026-05-29 16:58:00,NOAA-21,SÃO FÉLIX DO XINGU,PARÁ,Brasil,1507300,15,33,12,0.0,1.0,Amazônia,12.4
6a457387-34e5-3577-bce1-ebd30f931923,  -8.704170, -47.460940,2026-05-29 16:58:00,NOAA-21,ITACAJÁ,TOCANTINS,Brasil,1710508,17,33,37,0.0,0.73,Cerrado,4.6
83e05677-d815-34a6-919c-49523ba7f269,  -7.167700, -46.983280,2026-05-29 16:58:00,NOAA-21,CAROLINA,MARANHÃO,Brasil,2102804,21,33,13,0.0,0.87,Cerrado,11.8
32da6a67-5a27-3a18-b466-1fa44357ac0c,  -6.391330, -51.616390,2026-05-29 16:58:00,NOAA-21,SÃO FÉLIX DO XINGU,PARÁ,Brasil,1507300,15,33,12,0.0,1.0,Amazônia,12.4
e8b6d316-c302-3ea4-9c90-e92eab294df9, -10.819040, -56.603340,2026-05-29 16:58:00,NOAA-21,TABAPORÃ,MATO GROSSO,Brasil,5107941,51,33,10,0.0,0.32,Amazônia,7.6
505c7571-8c05-3452-a88f-d8ae46fe1520,  -9.698810, -47.249660,2026-05-29 16:58:00,NOAA-21,RIO SONO,TOCANTINS,Brasil,1718758,17,33,29,0.0,1.0,Cerrado,30.3
1d205365-0a36-3cbf-915e-45b7e1070ebf,  -8.837370, -46.710700,2026-05-29 16:58:00,NOAA-21,BALSAS,MARANHÃO,Brasil,2101400,21,33,37,0.0,0.84,Cerrado,84.2
b6db4680-a37f-316c-b7bd-b18b6d156093,  -8.017520, -55.515360,2026-05-29 16:58:00,NOAA-21,NOVO PROGRESSO,PARÁ,Brasil,1505031,15,33,11,0.0,0.17,Amazônia,19.1
2f7eb2eb-4d01-3f72-8eb4-36f93295aa9e,  -7.156950, -47.313500,2026-05-29 16:58:00,NOAA-21,CAROLINA,MARANHÃO,Brasil,2102804,21,33,11,0.0,0.72,Cerrado,7.7
a34bf2fe-6640-3755-ab51-82915fd62f2e,  -7.417830, -49.512170,2026-05-29 16:58:00,NOAA-21,FLORESTA DO ARAGUAIA,PARÁ,Brasil,1503044,15,33,10,0.0,1.0,Amazônia,1.9
169b6456-6fe1-3486-88ef-8a80d2d93a5f,  -7.192210, -47.551790,2026-05-29 16:58:00,NOAA-21,CAROLINA,MARANHÃO,Brasil,2102804,21,33,11,0.0,0.63,Cerrado,8.3
d1b1d1fa-f2ae-3d3a-b2bc-50cdabbf30d4,  -8.434200, -51.550570,2026-05-29 16:58:00,NOAA-21,CUMARU DO NORTE,PARÁ,Brasil,1502764,15,33,16,0.0,0.94,Amazônia,5.3
fa656f12-66ec-3653-9062-1970e38b2edf,  -9.350440, -47.089860,2026-05-29 16:58:00,NOAA-21,LIZARDA,TOCANTINS,Brasil,1712405,17,33,26,0.0,0.92,Cerrado,8.6
90d905e7-edcc-3ccb-8f26-a7875d288f98,  -3.903570, -59.681040,2026-05-29 16:58:00,NOAA-21,AUTAZES,AMAZONAS,Brasil,1300300,13,33,2,0.0,0.05,Amazônia,6.1
68be13cb-232a-3a77-b9ec-ad8b7ea34271,  -4.671500, -55.925860,2026-05-29 16:58:00,NOAA-21,TRAIRÃO,PARÁ,Brasil,1508050,15,33,4,0.0,0.01,Amazônia,5.9
1774157e-e018-34e2-b035-2de00ff77512,  -9.546860, -48.043540,2026-05-29 16:58:00,NOAA-21,TOCANTÍNIA,TOCANTINS,Brasil,1721109,17,33,15,0.0,0.76,Cerrado,5.7
327421bc-0d17-35b2-8888-cbddbdcdae2f,  -6.260660, -48.557790,2026-05-29 16:58:00,NOAA-21,SÃO GERALDO DO ARAGUAIA,PARÁ,Brasil,1507458,15,33,13,0.0,1.0,Amazônia,11.5
7a14e906-1988-3856-8ad8-5a0edf453564,  -7.030250, -43.467400,2026-05-29 16:58:00,NOAA-21,JERUMENHA,PIAUÍ,Brasil,2205300,22,33,26,0.0,1.0,Cerrado,6.5
01644315-f016-3c73-bf28-018238e05ebf,  -6.933440, -42.743550,2026-05-29 16:58:00,NOAA-21,NAZARÉ DO PIAUÍ,PIAUÍ,Brasil,2206704,22,33,20,0.0,0.99,Caatinga,6.0
6e3940a8-06cd-3c6e-babd-d829c63855b5,  -9.518900, -48.245160,2026-05-29 16:58:00,NOAA-21,TOCANTÍNIA,TOCANTINS,Brasil,1721109,17,33,7,0.0,0.8,Cerrado,15.0
3d78e4e9-86ed-3545-a026-a56fad8c18c2,  -3.805200, -50.310410,2026-05-29 16:58:00,NOAA-21,PACAJÁ,PARÁ,Brasil,1505486,15,33,8,0.3,0.48,Amazônia,8.2
3bb692fd-3fa2-3f89-a15a-c25ac3f862e8,  -7.029190, -43.467260,2026-05-29 16:58:00,NOAA-21,JERUMENHA,PIAUÍ,Brasil,2205300,22,33,26,0.0,1.0,Cerrado,7.4
b9e6edff-29b2-3428-8d02-bdf46b6a299f,  -8.398280, -54.733910,2026-05-29 16:58:00,NOAA-21,ALTAMIRA,PARÁ,Brasil,1500602,15,33,11,0.0,0.84,Amazônia,17.4
9bc6210a-28b2-3c42-b218-65841d5de33e,  -9.221050, -47.513330,2026-05-29 16:58:00,NOAA-21,CENTENÁRIO,TOCANTINS,Brasil,1704105,17,33,31,0.0,0.94,Cerrado,5.2
81f09261-f1c6-341b-9c71-c0af99381260,  -7.958960, -40.007590,2026-05-29 16:58:00,NOAA-21,OURICURI,PERNAMBUCO,Brasil,2609907,26,33,34,0.0,1.0,Caatinga,8.8
23fef396-487e-3d1d-b07f-11e7a58965af,  -9.582210, -47.660410,2026-05-29 16:58:00,NOAA-21,RIO SONO,TOCANTINS,Brasil,1718758,17,33,31,0.0,0.97,Cerrado,8.4
1e95c330-15ca-3728-982a-3e184847d9bc,  -8.684530, -47.459470,2026-05-29 16:58:00,NOAA-21,ITACAJÁ,TOCANTINS,Brasil,1710508,17,33,37,0.0,0.74,Cerrado,6.0
bf11f1f3-42f8-3684-9512-3d460696b3cd,  -8.381860, -47.579980,2026-05-29 16:58:00,NOAA-21,GOIATINS,TOCANTINS,Brasil,1709005,17,33,15,0.0,0.44,Cerrado,8.0
27512f2f-d420-33ff-ad21-16c3f9af61b7,  -6.826600, -43.397540,2026-05-29 16:58:00,NOAA-21,BARÃO DE GRAJAÚ,MARANHÃO,Brasil,2101509,21,33,17,0.0,0.99,Caatinga,17.2
2486f672-2c77-3491-a281-cb26bc685e7f,  -9.096410, -46.914860,2026-05-29 16:58:00,NOAA-21,BALSAS,MARANHÃO,Brasil,2101400,21,33,36,0.0,0.91,Cerrado,6.5
9c391e58-8e30-3ff8-8f91-4c43a5c2e757,  -6.681440, -47.993390,2026-05-29 16:58:00,NOAA-21,DARCINÓPOLIS,TOCANTINS,Brasil,1706506,17,33,13,0.0,0.74,Cerrado,25.1
565ed23c-0230-3fac-9c55-d1006e87df2b,  -9.695040, -47.250300,2026-05-29 16:58:00,NOAA-21,RIO SONO,TOCANTINS,Brasil,1718758,17,33,29,0.0,1.0,Cerrado,4.8
86afb926-78e1-3351-82dd-f7a76677db89,  -5.950460, -43.485930,2026-05-29 16:58:00,NOAA-21,LAGOA DO MATO,MARANHÃO,Brasil,2105922,21,33,14,0.0,0.9,Cerrado,12.0
3376f0a3-db87-3d37-a8a8-16786d26ef21,  -9.538150, -48.250560,2026-05-29 16:58:00,NOAA-21,TOCANTÍNIA,TOCANTINS,Brasil,1721109,17,33,7,0.0,0.78,Cerrado,18.2
ec337ee8-ffdc-3bdf-a0b7-58302ff5dee0,  -7.358200, -45.517240,2026-05-29 16:58:00,NOAA-21,SAMBAÍBA,MARANHÃO,Brasil,2109700,21,33,25,0.0,0.94,Cerrado,5.4
e0aade79-c7b4-3bb5-8ad3-e0b675604a8c,  -6.264330, -48.557240,2026-05-29 16:58:00,NOAA-21,SÃO GERALDO DO ARAGUAIA,PARÁ,Brasil,1507458,15,33,13,0.0,1.0,Amazônia,11.5
4f1732f9-778b-3c5f-b1ab-103a034f6ca8, -10.818530, -56.599500,2026-05-29 16:58:00,NOAA-21,TABAPORÃ,MATO GROSSO,Brasil,5107941,51,33,10,0.0,0.32,Amazônia,7.6
8c528eeb-e262-33f9-8a45-ad011ecbe0e9,  -4.155400, -54.981110,2026-05-29 16:58:00,NOAA-21,RURÓPOLIS,PARÁ,Brasil,1506195,15,33,4,0.1,0.4,Amazônia,6.3
f85d3550-5299-3fc1-84e0-2c8671804470,  -7.842610, -55.396430,2026-05-29 16:58:00,NOAA-21,NOVO PROGRESSO,PARÁ,Brasil,1505031,15,33,11,0.0,1.0,Amazônia,7.2
420cebac-1aad-351c-9b84-764573344220,  -9.581410, -47.661610,2026-05-29 16:58:00,NOAA-21,RIO SONO,TOCANTINS,Brasil,1718758,17,33,31,0.0,0.94,Cerrado,21.7
e14c14c8-7751-3a5c-ae25-2c0da5a0bed7,  -7.732390, -43.930430,2026-05-29 16:58:00,NOAA-21,BERTOLÍNIA,PIAUÍ,Brasil,2201705,22,33,26,0.0,0.97,Cerrado,9.2
2ad23b37-22e6-37c3-84d2-7dd0359c6eb7,  -9.666200, -48.106860,2026-05-29 16:58:00,NOAA-21,TOCANTÍNIA,TOCANTINS,Brasil,1721109,17,33,15,0.0,0.74,Cerrado,10.7
fd9f6a9d-8a42-3454-a496-a35bc5b1577d,  -8.274160, -48.248550,2026-05-29 16:58:00,NOAA-21,TUPIRATINS,TOCANTINS,Brasil,1721307,17,33,14,0.0,0.85,Cerrado,8.9
17a98fb8-d948-3589-acda-4461796fc5f5,  -6.827130, -43.400580,2026-05-29 16:58:00,NOAA-21,BARÃO DE GRAJAÚ,MARANHÃO,Brasil,2101509,21,33,16,0.0,1.0,Caatinga,17.2
e5f4243f-7f8b-341a-b192-c86570037c4a,  -9.100290, -46.914220,2026-05-29 16:58:00,NOAA-21,BALSAS,MARANHÃO,Brasil,2101400,21,33,36,0.0,0.89,Cerrado,14.5
cda5f3f5-14f7-3216-ad43-87cf5bf07611,  -7.019960, -45.411990,2026-05-29 16:58:00,NOAA-21,SAMBAÍBA,MARANHÃO,Brasil,2109700,21,33,25,0.0,0.94,Cerrado,4.2
fa4a24fa-6a97-3437-8032-505aa567624a,  -3.906680, -59.678520,2026-05-29 16:58:00,NOAA-21,AUTAZES,AMAZONAS,Brasil,1300300,13,33,2,0.0,0.05,Amazônia,19.7
86d45f93-da2f-34b5-9c87-e3cb8f32242c,  -8.580530, -47.488830,2026-05-29 16:58:00,NOAA-21,ITACAJÁ,TOCANTINS,Brasil,1710508,17,33,21,0.0,0.73,Cerrado,7.3
bb60b5f6-1ca9-3877-996b-778a85d30189,  -8.742770, -50.834050,2026-05-29 16:58:00,NOAA-21,SANTA MARIA DAS BARREIRAS,PARÁ,Brasil,1506583,15,33,17,0.0,0.85,Amazônia,3.1
c69e8fbd-dcaf-327e-8fab-67626b1ecc98,  -8.257750, -47.559060,2026-05-29 16:58:00,NOAA-21,GOIATINS,TOCANTINS,Brasil,1709005,17,33,15,0.0,0.65,Cerrado,5.1
5d0d7877-94de-3daa-a632-dc1583388968,  -6.429460, -50.213850,2026-05-29 16:58:00,NOAA-21,CANAÃ DOS CARAJÁS,PARÁ,Brasil,1502152,15,33,14,0.0,1.0,Amazônia,11.9
9ea699d7-8a23-38ca-a6e2-563145cbd2f1, -10.814360, -56.600100,2026-05-29 16:58:00,NOAA-21,TABAPORÃ,MATO GROSSO,Brasil,5107941,51,33,10,0.0,0.32,Amazônia,7.5
595728b5-c033-3998-bdd2-f3fcbbbe4cdd,  -8.568270, -47.677280,2026-05-29 16:58:00,NOAA-21,ITACAJÁ,TOCANTINS,Brasil,1710508,17,33,16,0.0,0.85,Cerrado,4.9
614c6387-ef9b-3d03-a949-fed01ab808a4,  -8.728110, -48.316810,2026-05-29 16:58:00,NOAA-21,GUARAÍ,TOCANTINS,Brasil,1709302,17,33,16,0.0,0.5,Cerrado,11.5
b713d34b-7f38-3275-b745-a8f3bb37b24c,  -7.139680, -47.607330,2026-05-29 16:58:00,NOAA-21,CAROLINA,MARANHÃO,Brasil,2102804,21,33,11,0.0,0.85,Cerrado,13.6
135fcf96-058c-3e2b-9d8d-5106d41b61d5,  -8.240140, -46.360480,2026-05-29 16:58:00,NOAA-21,BALSAS,MARANHÃO,Brasil,2101400,21,33,17,0.0,0.97,Cerrado,2.0
0bb11d9f-daac-3860-8b3d-825d7e479a4a, -10.595560, -53.471230,2026-05-29 16:58:00,NOAA-21,MARCELÂNDIA,MATO GROSSO,Brasil,5105580,51,33,13,0.0,0.35,Amazônia,10.8
2997be8d-1930-3933-b6ae-8b874b1f97a1,  -7.859740, -45.433650,2026-05-29 16:58:00,NOAA-21,RIBEIRO GONÇALVES,PIAUÍ,Brasil,2208908,22,33,35,0.0,0.96,Cerrado,4.8
b3be6964-cec1-34dc-b1ab-ad97391cfe9d,  -5.746510, -43.496220,2026-05-29 16:58:00,NOAA-21,PARNARAMA,MARANHÃO,Brasil,2107803,21,33,14,0.0,0.86,Cerrado,3.2
339e43c2-4b4a-3554-9946-c9844081629d,  -8.394670, -47.587270,2026-05-29 16:58:00,NOAA-21,GOIATINS,TOCANTINS,Brasil,1709005,17,33,15,0.0,0.71,Cerrado,1.9
ed0e3152-398b-3fdb-939b-f3e3f4519d80,  -7.846330, -55.395900,2026-05-29 16:58:00,NOAA-21,NOVO PROGRESSO,PARÁ,Brasil,1505031,15,33,11,0.0,0.93,Amazônia,7.2
1810ff11-7dd3-36ad-a91a-628af097462b,  -8.551450, -51.491950,2026-05-29 16:58:00,NOAA-21,CUMARU DO NORTE,PARÁ,Brasil,1502764,15,33,14,0.0,0.94,Amazônia,9.8
3f835ae9-ab60-3cc7-9460-838824dc0fbf,  -8.392880, -54.721920,2026-05-29 16:58:00,NOAA-21,ALTAMIRA,PARÁ,Brasil,1500602,15,33,11,0.0,1.0,Amazônia,6.1
cc9aeb86-46dd-3fbb-92a9-a53f2a1a71dd,  -5.751640, -43.495250,2026-05-29 16:58:00,NOAA-21,PARNARAMA,MARANHÃO,Brasil,2107803,21,33,14,0.0,0.86,Cerrado,3.2
776d99be-8b9e-3949-9e4c-61216fcfb486, -10.502220, -57.606450,2026-05-29 16:58:00,NOAA-21,JUARA,MATO GROSSO,Brasil,5105101,51,33,10,0.0,0.26,Amazônia,5.3
a14bfe53-204b-3dc9-91b7-6f362a38a306,  -8.541840, -51.565060,2026-05-29 16:58:00,NOAA-21,CUMARU DO NORTE,PARÁ,Brasil,1502764,15,33,16,0.0,1.0,Amazônia,4.4
c34a9629-d1e6-32c0-9cc8-70772a2478d2,  -7.127300, -47.407580,2026-05-29 16:58:00,NOAA-21,CAROLINA,MARANHÃO,Brasil,2102804,21,33,11,0.0,0.74,Cerrado,16.0
774a3086-91ce-3ca8-8403-4f28efc147be, -10.131600, -52.401580,2026-05-29 16:58:00,NOAA-21,SANTA CRUZ DO XINGU,MATO GROSSO,Brasil,5107743,51,33,12,0.0,0.96,Amazônia,5.2
7e549d9c-05f9-3ed9-9293-23a0460b7f9c,  -7.571720, -49.820260,2026-05-29 16:58:00,NOAA-21,FLORESTA DO ARAGUAIA,PARÁ,Brasil,1503044,15,33,14,0.0,1.0,Amazônia,3.7
196b98c1-a14d-3af7-91bb-617fe3c64e2e,  -8.547270, -51.489620,2026-05-29 16:58:00,NOAA-21,CUMARU DO NORTE,PARÁ,Brasil,1502764,15,33,14,0.0,1.0,Amazônia,4.2
bb248b50-997e-3584-addf-1427a1e2f6bf,  -6.832200, -43.399630,2026-05-29 16:58:00,NOAA-21,BARÃO DE GRAJAÚ,MARANHÃO,Brasil,2101509,21,33,17,0.0,1.0,Caatinga,4.4
598d47fd-4f8c-3d70-a8ce-d5801be6a3fd,  -6.995050, -42.878230,2026-05-29 16:58:00,NOAA-21,FLORIANO,PIAUÍ,Brasil,2203909,22,33,26,0.0,0.99,Caatinga,19.1
5cc0a39e-0734-3725-9040-53fa9596d4ad,  -8.746540, -50.242100,2026-05-29 16:58:00,NOAA-21,SANTA MARIA DAS BARREIRAS,PARÁ,Brasil,1506583,15,33,17,0.0,1.0,Amazônia,6.0
08ef83af-bd52-3b58-9cb0-b9693b4d4fac,  -6.246220, -45.596740,2026-05-29 16:58:00,NOAA-21,FERNANDO FALCÃO,MARANHÃO,Brasil,2104081,21,33,11,0.0,1.0,Cerrado,5.0
291e38fd-a6d0-3af8-a5da-52b7c443965b,  -8.035250, -50.677210,2026-05-29 16:58:00,NOAA-21,CUMARU DO NORTE,PARÁ,Brasil,1502764,15,33,10,0.0,1.0,Amazônia,8.6
46e40ccc-47a8-33db-8030-e580259e1b31,  -6.938170, -42.739320,2026-05-29 16:58:00,NOAA-21,NAZARÉ DO PIAUÍ,PIAUÍ,Brasil,2206704,22,33,20,0.0,0.99,Caatinga,6.0
0e4764e5-bb1e-338e-ae53-2546418605bd,  -7.135850, -47.607960,2026-05-29 16:58:00,NOAA-21,CAROLINA,MARANHÃO,Brasil,2102804,21,33,11,0.0,0.88,Cerrado,11.6
0c39f4f2-0ce9-30bc-ac2b-fcba049e38c1,  -3.908210, -59.680350,2026-05-29 16:58:00,NOAA-21,AUTAZES,AMAZONAS,Brasil,1300300,13,33,2,0.0,0.05,Amazônia,12.4
9f370f17-11c4-303c-9526-627f4e56603a,  -8.389280, -54.722450,2026-05-29 16:58:00,NOAA-21,ALTAMIRA,PARÁ,Brasil,1500602,15,33,11,0.0,1.0,Amazônia,6.1
a2cc00a1-f740-3d78-9834-cb18c4f0981d,  -9.579220, -47.665420,2026-05-29 16:58:00,NOAA-21,RIO SONO,TOCANTINS,Brasil,1718758,17,33,31,0.0,0.8,Cerrado,8.4
fc18b413-3259-32e9-98b1-e8e6fe7dff63,  -8.504590, -45.887030,2026-05-29 16:58:00,NOAA-21,TASSO FRAGOSO,MARANHÃO,Brasil,2112001,21,33,35,0.0,0.54,Cerrado,3.8
9233aacf-caf3-3073-a3fa-7ab6dab5b097,  -9.582910, -47.664830,2026-05-29 16:58:00,NOAA-21,RIO SONO,TOCANTINS,Brasil,1718758,17,33,31,0.0,0.93,Cerrado,8.4
1bb60017-fe8d-3cf8-9f3b-cea7d128578e,  -8.543300, -51.508000,2026-05-29 16:58:00,NOAA-21,CUMARU DO NORTE,PARÁ,Brasil,1502764,15,33,15,0.0,0.75,Amazônia,5.4
5883121a-b3a7-3077-a336-e04140f70e49,  -8.257020, -47.554490,2026-05-29 16:58:00,NOAA-21,GOIATINS,TOCANTINS,Brasil,1709005,17,33,15,0.0,0.65,Cerrado,5.1
34399fdd-996b-3216-b860-dbef00ff4778, -10.142370, -52.129800,2026-05-29 16:58:00,NOAA-21,SANTA CRUZ DO XINGU,MATO GROSSO,Brasil,5107743,51,33,11,0.0,0.35,Amazônia,9.2
bcd73928-98ee-3f78-9fea-855a59762ef3,  -9.541840, -48.035640,2026-05-29 16:58:00,NOAA-21,TOCANTÍNIA,TOCANTINS,Brasil,1721109,17,33,15,0.0,0.76,Cerrado,9.2
3f08db16-8c5d-36c6-bd1f-ca2e106c0424,  -9.544760, -48.030800,2026-05-29 16:58:00,NOAA-21,TOCANTÍNIA,TOCANTINS,Brasil,1721109,17,33,15,0.0,0.76,Cerrado,9.2
faebf678-00b4-3f2d-a15f-46372eb9c1c1,  -9.251420, -60.336630,2026-05-29 16:58:00,NOAA-21,COLNIZA,MATO GROSSO,Brasil,5103254,51,33,11,0.0,1.0,Amazônia,11.5
ee1a0203-1e2d-3031-a6f2-29c9d4ea8e1f,  -8.842150, -46.715150,2026-05-29 16:58:00,NOAA-21,BALSAS,MARANHÃO,Brasil,2101400,21,33,37,0.0,0.86,Cerrado,84.7
b6a2492c-c6cb-3654-834e-69791e782029,  -9.666890, -48.111080,2026-05-29 16:58:00,NOAA-21,TOCANTÍNIA,TOCANTINS,Brasil,1721109,17,33,15,0.0,0.74,Cerrado,10.7
9eb9f84b-13a1-3ccc-911d-20f4cc384566,  -8.569000, -47.681790,2026-05-29 16:58:00,NOAA-21,ITACAJÁ,TOCANTINS,Brasil,1710508,17,33,16,0.0,0.82,Cerrado,4.9
97e7b177-e4df-3810-856e-46c22bd16835, -10.138300, -52.400560,2026-05-29 16:58:00,NOAA-21,SANTA CRUZ DO XINGU,MATO GROSSO,Brasil,5107743,51,33,12,0.0,0.8,Amazônia,4.6
e425131c-8f67-3928-a359-c3aad24a979f,  -9.712360, -47.237700,2026-05-29 16:58:00,NOAA-21,RIO SONO,TOCANTINS,Brasil,1718758,17,33,27,0.0,0.94,Cerrado,5.0
95b7f156-f419-39ff-b4ab-4806036ed37a,  -4.897300, -62.341530,2026-05-29 16:58:00,NOAA-21,BERURI,AMAZONAS,Brasil,1300631,13,33,3,0.0,0.12,Amazônia,2.7
083486ea-7a5c-367c-8c29-1bf47d4c9c42,  -9.510390, -48.238010,2026-05-29 16:58:00,NOAA-21,TOCANTÍNIA,TOCANTINS,Brasil,1721109,17,33,7,0.0,0.8,Cerrado,5.5
a8cc6b3f-1d01-321e-96d9-fec040370d32,  -9.541140, -48.031380,2026-05-29 16:58:00,NOAA-21,TOCANTÍNIA,TOCANTINS,Brasil,1721109,17,33,15,0.0,0.76,Cerrado,9.2
88dd54a8-d3a2-3a4e-af26-c9a193e0e124,  -6.640680, -48.028010,2026-05-29 16:58:00,NOAA-21,DARCINÓPOLIS,TOCANTINS,Brasil,1706506,17,33,13,0.0,0.54,Cerrado,5.0
78af80f0-befa-3686-be77-a23ee9cb8b42,  -9.437450, -48.017310,2026-05-29 16:58:00,NOAA-21,TOCANTÍNIA,TOCANTINS,Brasil,1721109,17,33,16,0.0,0.85,Cerrado,10.2
7736af2b-6dd8-3b2a-bfb5-30f4ef9377d7,  -6.177230, -52.509900,2026-05-29 16:58:00,NOAA-21,SÃO FÉLIX DO XINGU,PARÁ,Brasil,1507300,15,33,6,0.0,0.35,Amazônia,4.3
41778adf-abb5-3658-ab54-8c7a9818bf32,  -7.168820, -46.990200,2026-05-29 16:58:00,NOAA-21,CAROLINA,MARANHÃO,Brasil,2102804,21,33,13,0.0,0.85,Cerrado,35.2
71008748-40c0-3197-a241-c33e912ce81a,  -8.038590, -50.676690,2026-05-29 16:58:00,NOAA-21,CUMARU DO NORTE,PARÁ,Brasil,1502764,15,33,11,0.0,1.0,Amazônia,8.6
f0b969bf-53e0-338a-a23d-b1a54d434469,  -8.067640, -45.536960,2026-05-29 16:58:00,NOAA-21,RIBEIRO GONÇALVES,PIAUÍ,Brasil,2208908,22,33,37,0.0,0.95,Cerrado,2.1
e97f315c-cb29-3de4-a96d-20e495b719a1,  -8.390910, -47.587910,2026-05-29 16:58:00,NOAA-21,GOIATINS,TOCANTINS,Brasil,1709005,17,33,15,0.0,0.75,Cerrado,6.5
1ffa7bc8-62d8-3127-969a-ece16a738980,  -5.948480, -43.488190,2026-05-29 16:58:00,NOAA-21,LAGOA DO MATO,MARANHÃO,Brasil,2105922,21,33,14,0.0,0.9,Cerrado,8.5
bd8b29f0-238b-3f3b-bf81-1dd1849b0e37,  -7.131170, -47.406910,2026-05-29 16:58:00,NOAA-21,CAROLINA,MARANHÃO,Brasil,2102804,21,33,11,0.0,0.73,Cerrado,9.0
d234910d-5a1d-324b-90c9-e8b2d9fea94f,  -9.455460, -48.217240,2026-05-29 16:58:00,NOAA-21,TOCANTÍNIA,TOCANTINS,Brasil,1721109,17,33,9,0.0,0.86,Cerrado,4.8
b6ebffa3-19d2-3907-b74f-cd6147a3470d,  -4.973370, -49.442350,2026-05-29 16:58:00,NOAA-21,ITUPIRANGA,PARÁ,Brasil,1503705,15,33,8,0.0,1.0,Amazônia,2.6
211f5d2a-a639-33b4-88ae-80e23d2157f7, -10.107130, -52.167850,2026-05-29 16:58:00,NOAA-21,SANTA CRUZ DO XINGU,MATO GROSSO,Brasil,5107743,51,33,11,0.0,0.36,Amazônia,2.5
c1e86455-37fe-3274-871c-5325f391d87a,  -9.698060, -47.245050,2026-05-29 16:58:00,NOAA-21,RIO SONO,TOCANTINS,Brasil,1718758,17,33,28,0.0,1.0,Cerrado,30.3
410d1587-521c-399b-b55a-cefe6aca1f18,  -9.250920, -60.333940,2026-05-29 16:58:00,NOAA-21,COLNIZA,MATO GROSSO,Brasil,5103254,51,33,11,0.0,1.0,Amazônia,13.5
5318443b-8a35-3f70-b3f0-da752f80b585,  -6.996180, -42.884750,2026-05-29 16:58:00,NOAA-21,FLORIANO,PIAUÍ,Brasil,2203909,22,33,26,0.0,0.99,Caatinga,12.7
c3e2bed6-62d8-37d1-9070-1194dd1352dd,  -9.155550, -46.856640,2026-05-29 16:58:00,NOAA-21,LIZARDA,TOCANTINS,Brasil,1712405,17,33,34,0.0,1.0,Cerrado,12.0
a0846cbf-711a-3577-bded-24fcf6f7185d,  -3.843280, -57.901770,2026-05-29 16:58:00,NOAA-21,MAUÉS,AMAZONAS,Brasil,1302900,13,33,3,0.0,0.05,Amazônia,5.6
71b13987-8615-30a3-be6c-678bb9c0c134,  -7.430170, -43.257130,2026-05-29 16:58:00,NOAA-21,ITAUEIRA,PIAUÍ,Brasil,2205102,22,33,32,0.0,1.0,Cerrado,4.9
e6bd74c9-e827-3a2f-8937-97f0a13c0da4,  -7.834000, -50.237390,2026-05-29 16:58:00,NOAA-21,PAU D'ARCO,PARÁ,Brasil,1505551,15,33,14,0.0,0.3,Amazônia,5.2
25a39784-3664-305d-8a18-bffee1406716,  -7.145260, -47.315320,2026-05-29 16:58:00,NOAA-21,CAROLINA,MARANHÃO,Brasil,2102804,21,33,11,0.0,0.72,Cerrado,12.5
128b0c02-973f-3157-aeb8-fa5b9fca9be1,  -6.677680, -47.993990,2026-05-29 16:58:00,NOAA-21,DARCINÓPOLIS,TOCANTINS,Brasil,1706506,17,33,13,0.0,0.72,Cerrado,6.5
5d6bc330-b584-3f65-a765-e02bdf1d9d60,  -7.763630, -45.291800,2026-05-29 16:58:00,NOAA-21,RIBEIRO GONÇALVES,PIAUÍ,Brasil,2208908,22,33,28,0.0,0.94,Cerrado,5.9
7e3fe774-0057-313f-967f-871b358328a4,  -6.932850, -42.740170,2026-05-29 16:58:00,NOAA-21,NAZARÉ DO PIAUÍ,PIAUÍ,Brasil,2206704,22,33,20,0.0,0.99,Caatinga,6.0
272e7c83-93f4-39e1-9ad4-a2f31f39af1a,  -8.393480, -54.726090,2026-05-29 16:58:00,NOAA-21,ALTAMIRA,PARÁ,Brasil,1500602,15,33,11,0.0,1.0,Amazônia,27.0
d40d55b5-820d-3acf-b28e-e2dfc692583d,  -6.390810, -51.612930,2026-05-29 16:58:00,NOAA-21,SÃO FÉLIX DO XINGU,PARÁ,Brasil,1507300,15,33,12,0.0,1.0,Amazônia,12.4
fb7646b4-0aae-3dbc-8f8f-ba39a32df8a1,  -8.715300, -47.914790,2026-05-29 16:58:00,NOAA-21,ITACAJÁ,TOCANTINS,Brasil,1710508,17,33,25,0.0,0.8,Cerrado,6.8
09e464fb-8675-3906-a896-8847b2133e48,  -9.672900, -48.170210,2026-05-29 16:58:00,NOAA-21,TOCANTÍNIA,TOCANTINS,Brasil,1721109,17,33,13,0.0,0.74,Cerrado,7.6
20a7e1e8-f1f4-3a55-bdd5-241c685931d9,  -6.826070, -43.394510,2026-05-29 16:58:00,NOAA-21,BARÃO DE GRAJAÚ,MARANHÃO,Brasil,2101509,21,33,17,0.0,0.98,Caatinga,12.5
ddd01f2e-b9f4-3dfc-98f2-c15b5af7f96b,  -8.545140, -51.564550,2026-05-29 16:58:00,NOAA-21,CUMARU DO NORTE,PARÁ,Brasil,1502764,15,33,16,0.0,1.0,Amazônia,4.4
2e82921d-034e-3889-a610-5e09505c8502,  -6.158310, -45.721070,2026-05-29 16:58:00,NOAA-21,GRAJAÚ,MARANHÃO,Brasil,2104800,21,33,11,0.0,0.89,Cerrado,21.3
cfe445c0-0658-3a29-9cbc-3247ce8b01a1,  -3.944280, -55.530760,2026-05-29 16:58:00,NOAA-21,AVEIRO,PARÁ,Brasil,1501006,15,33,3,0.32,0.03,Amazônia,3.6
6fdeec40-8ec0-3743-9b0a-f9bb06d4cc4a,  -7.435300, -43.256550,2026-05-29 16:58:00,NOAA-21,ITAUEIRA,PIAUÍ,Brasil,2205102,22,33,33,0.0,1.0,Cerrado,2.3
c656d447-20c3-3957-b915-322af4e8c4b2,  -9.860250, -48.247200,2026-05-29 16:58:00,NOAA-21,LAJEADO,TOCANTINS,Brasil,1712009,17,33,15,0.0,0.74,Cerrado,5.8
60ad76ce-0f03-317e-a54a-8eb0e65e545a,  -6.243800, -48.453480,2026-05-29 16:58:00,NOAA-21,SÃO GERALDO DO ARAGUAIA,PARÁ,Brasil,1507458,15,33,11,0.0,1.0,Amazônia,12.0
dd7ddebe-9b15-3513-abea-cb21b4681399,  -8.686830, -47.473280,2026-05-29 16:58:00,NOAA-21,ITACAJÁ,TOCANTINS,Brasil,1710508,17,33,36,0.0,0.74,Cerrado,3.2
2ea18a75-6f5a-3de2-ae89-7d304fe74472,  -6.100420, -43.875590,2026-05-29 16:58:00,NOAA-21,PASSAGEM FRANCA,MARANHÃO,Brasil,2107902,21,33,10,0.0,0.75,Cerrado,6.6
8740f268-af48-3ecb-9084-25f39f11b4da,  -6.644950, -47.910170,2026-05-29 16:58:00,NOAA-21,DARCINÓPOLIS,TOCANTINS,Brasil,1706506,17,33,13,0.0,0.31,Cerrado,4.4
85daf936-7e1b-3af4-9a6c-45a9481325f5,  -9.548380, -48.030220,2026-05-29 16:58:00,NOAA-21,TOCANTÍNIA,TOCANTINS,Brasil,1721109,17,33,15,0.0,0.76,Cerrado,8.7
777f98c4-b9c2-3128-ac27-0860f5b74318,  -6.995610, -42.881500,2026-05-29 16:58:00,NOAA-21,FLORIANO,PIAUÍ,Brasil,2203909,22,33,26,0.0,0.99,Caatinga,19.1
05b0a278-dbcf-3aa7-aa7e-2424fb40a454,  -7.029700, -43.470150,2026-05-29 16:58:00,NOAA-21,JERUMENHA,PIAUÍ,Brasil,2205300,22,33,26,0.0,1.0,Cerrado,7.3
75bb910a-e7fd-32a1-93a1-c6c895fd7d7f,  -6.998950, -43.864260,2026-05-29 16:58:00,NOAA-21,MARCOS PARENTE,PIAUÍ,Brasil,2206001,22,33,25,0.0,0.9,Cerrado,9.2
2354c8f5-810d-3a00-80bf-719b640c6091,  -8.579760, -47.484210,2026-05-29 16:58:00,NOAA-21,ITACAJÁ,TOCANTINS,Brasil,1710508,17,33,21,0.0,0.74,Cerrado,8.6
73d7dd14-cadd-3ccb-b187-753bf5aa2d75,  -8.838210, -46.715820,2026-05-29 16:58:00,NOAA-21,BALSAS,MARANHÃO,Brasil,2101400,21,33,37,0.0,0.9,Cerrado,15.8
ede16d2b-1308-3463-8744-e934cb9b1b2a,  -6.428890, -50.210170,2026-05-29 16:58:00,NOAA-21,CANAÃ DOS CARAJÁS,PARÁ,Brasil,1502152,15,33,14,0.0,1.0,Amazônia,11.9
3d36c785-dcd5-357b-b672-39cc2b22ea41,  -9.251020, -60.333420,2026-05-29 16:58:00,NOAA-21,COLNIZA,MATO GROSSO,Brasil,5103254,51,33,11,0.0,1.0,Amazônia,12.8
7ed68e81-d54e-3861-a430-6d8ae10a4e7e,  -9.701820, -47.244390,2026-05-29 16:58:00,NOAA-21,RIO SONO,TOCANTINS,Brasil,1718758,17,33,28,0.0,1.0,Cerrado,30.3
15c5b40c-7957-36ce-a758-af96310453e9, -10.502810, -57.610940,2026-05-29 16:58:00,NOAA-21,JUARA,MATO GROSSO,Brasil,5105101,51,33,10,0.0,0.26,Amazônia,13.8
2a84c018-3e5c-3242-b31a-5f8a53ca2d70,  -9.526740, -48.248200,2026-05-29 16:58:00,NOAA-21,TOCANTÍNIA,TOCANTINS,Brasil,1721109,17,33,7,0.0,0.79,Cerrado,3.3
692b14ac-34fc-358b-bfb2-0b80fbc09680,  -6.822060, -43.401530,2026-05-29 16:58:00,NOAA-21,BARÃO DE GRAJAÚ,MARANHÃO,Brasil,2101509,21,33,16,0.0,1.0,Caatinga,17.2
9c2e9de7-8e0a-3c11-9c7d-8de89b95a158,  -3.984470, -57.903820,2026-05-29 16:58:00,NOAA-21,MAUÉS,AMAZONAS,Brasil,1302900,13,33,4,0.0,0.04,Amazônia,4.8
27dc7e9c-cb15-3cfe-b6b2-59583018f78d,  -9.456140, -48.221410,2026-05-29 16:58:00,NOAA-21,TOCANTÍNIA,TOCANTINS,Brasil,1721109,17,33,9,0.0,0.86,Cerrado,4.8
ba3fb3c3-9d19-3c56-b03e-74faa24d0dfa,  -6.914740, -46.989850,2026-05-29 16:58:00,NOAA-21,ESTREITO,MARANHÃO,Brasil,2104057,21,33,13,0.0,0.71,Cerrado,1.6
d8de4dea-9ba3-3191-b24b-2985000a6a3e,  -9.539350, -47.488490,2026-05-29 16:58:00,NOAA-21,RIO SONO,TOCANTINS,Brasil,1718758,17,33,31,0.0,0.92,Cerrado,5.1
738e72fb-c60a-3c4a-a94a-ac7a7ba572e2,  -7.517990, -59.050030,2026-05-29 16:58:00,NOAA-21,APUÍ,AMAZONAS,Brasil,1300144,13,33,10,0.0,0.15,Amazônia,0.1
70720a36-d3d3-343e-b539-619285062705,  -5.337480, -42.681770,2026-05-29 16:58:00,NOAA-21,DEMERVAL LOBÃO,PIAUÍ,Brasil,2203305,22,33,5,0.0,0.38,Caatinga,4.9
3dbebd2e-0d20-3d15-a8e8-bd3674679e06,  -9.509720, -48.233830,2026-05-29 16:58:00,NOAA-21,TOCANTÍNIA,TOCANTINS,Brasil,1721109,17,33,8,0.0,0.81,Cerrado,5.5
6d9c409c-22ec-3d5e-b838-5d844587bee1, -10.596670, -53.479020,2026-05-29 16:58:00,NOAA-21,MARCELÂNDIA,MATO GROSSO,Brasil,5105580,51,33,13,0.0,0.35,Amazônia,7.1
c2412653-3ff4-3115-819b-92bd654a62a7,  -6.821530, -43.398470,2026-05-29 16:58:00,NOAA-21,BARÃO DE GRAJAÚ,MARANHÃO,Brasil,2101509,21,33,16,0.0,0.99,Caatinga,17.2
935f504a-3a06-3751-9d90-f97cfd66d3f3,  -9.669320, -48.170810,2026-05-29 16:58:00,NOAA-21,TOCANTÍNIA,TOCANTINS,Brasil,1721109,17,33,13,0.0,0.73,Cerrado,4.6
0caf49a7-d49e-3473-b42f-d61a05b9c1f0,  -7.506070, -55.005420,2026-05-29 16:58:00,NOAA-21,ALTAMIRA,PARÁ,Brasil,1500602,15,33,12,0.0,0.12,Amazônia,30.3
2276736e-91bc-3030-b2fc-6a3685b9b956,  -8.846920, -46.719530,2026-05-29 16:58:00,NOAA-21,BALSAS,MARANHÃO,Brasil,2101400,21,33,37,0.0,0.83,Cerrado,84.7
007431c8-4d70-3e0d-8800-7775627bd637,  -8.684250, -48.306130,2026-05-29 16:58:00,NOAA-21,GUARAÍ,TOCANTINS,Brasil,1709302,17,33,18,0.0,0.43,Cerrado,8.0
413aceee-7a7c-327d-a988-59fec1d1f914,  -9.181360, -48.628070,2026-05-29 16:58:00,NOAA-21,FORTALEZA DO TABOCÃO,TOCANTINS,Brasil,1708254,17,33,31,0.0,0.78,Cerrado,3.3
84080510-6752-3dc1-8873-f706fbdf2912,  -8.089120, -47.176140,2026-05-29 16:58:00,NOAA-21,GOIATINS,TOCANTINS,Brasil,1709005,17,33,17,0.0,0.75,Cerrado,16.1
cc805ba2-3985-3504-a9bb-034632f77ff2, -10.499020, -57.609620,2026-05-29 16:58:00,NOAA-21,JUARA,MATO GROSSO,Brasil,5105101,51,33,10,0.0,0.26,Amazônia,21.5
a4d5472a-5b09-3013-a26a-21499078945a,  -7.453850, -47.701840,2026-05-29 16:58:00,NOAA-21,FILADÉLFIA,TOCANTINS,Brasil,1707702,17,33,13,0.0,0.72,Cerrado,7.1
ae65b78e-b668-3937-aca1-2ad0d87a2792,  -6.324500, -51.356490,2026-05-29 16:58:00,NOAA-21,SÃO FÉLIX DO XINGU,PARÁ,Brasil,1507300,15,33,7,0.0,1.0,Amazônia,3.5
94d65f80-41ea-37e2-b371-3f9f03689d9a,  -6.820990, -43.395400,2026-05-29 16:58:00,NOAA-21,BARÃO DE GRAJAÚ,MARANHÃO,Brasil,2101509,21,33,16,0.0,0.98,Caatinga,12.5
f749bff7-56b1-3368-9edb-be93b51b97e1,  -8.845250, -46.709350,2026-05-29 16:58:00,NOAA-21,BALSAS,MARANHÃO,Brasil,2101400,21,33,37,0.0,0.83,Cerrado,224.6
02b8d47b-e9d4-35b0-9b2b-f5c6a75ea938,  -8.257520, -47.556160,2026-05-29 16:58:00,NOAA-21,GOIATINS,TOCANTINS,Brasil,1709005,17,33,15,0.0,0.65,Cerrado,9.6
5b0e08bc-47d0-3cc2-9b3c-4f789e62027a,  -6.682150, -47.997830,2026-05-29 16:58:00,NOAA-21,DARCINÓPOLIS,TOCANTINS,Brasil,1706506,17,33,13,0.0,0.64,Cerrado,25.1
fbed02b4-9068-3003-b3d1-1eeff984a441,  -9.544060, -48.026550,2026-05-29 16:58:00,NOAA-21,TOCANTÍNIA,TOCANTINS,Brasil,1721109,17,33,15,0.0,0.76,Cerrado,18.7
33a474dd-c3ea-3e65-8689-83e187d2ceb8,  -8.387760, -46.890150,2026-05-29 16:58:00,NOAA-21,CAMPOS LINDOS,TOCANTINS,Brasil,1703842,17,33,18,0.0,0.83,Cerrado,6.9
0ba0d286-ec22-3be0-aed3-bde67ef74d9a,  -8.834270, -46.716480,2026-05-29 16:58:00,NOAA-21,BALSAS,MARANHÃO,Brasil,2101400,21,33,37,0.0,0.95,Cerrado,15.8
e8186696-c2fe-354d-9a45-074cdccddbc1,  -8.387150, -47.588560,2026-05-29 16:58:00,NOAA-21,GOIATINS,TOCANTINS,Brasil,1709005,17,33,15,0.0,0.82,Cerrado,6.5
4cbda6f1-1702-338a-9384-7eb5b579df10,  -4.418940, -54.994190,2026-05-29 16:58:00,NOAA-21,RURÓPOLIS,PARÁ,Brasil,1506195,15,33,4,0.0,0.15,Amazônia,4.2
a99c0540-b60b-3be8-98c8-5176eb9257c5,  -7.092960, -50.369990,2026-05-29 16:58:00,NOAA-21,ÁGUA AZUL DO NORTE,PARÁ,Brasil,1500347,15,33,14,0.0,0.38,Amazônia,4.2
5f6a1eb0-0b11-3e5c-af74-353b011ab07d,  -8.528650, -47.692990,2026-05-29 16:58:00,NOAA-21,ITACAJÁ,TOCANTINS,Brasil,1710508,17,33,15,0.0,0.71,Cerrado,6.3
0dc3b2a4-f185-36ed-a87f-5a571d0b03f6,  -7.146580, -47.177310,2026-05-29 16:58:00,NOAA-21,CAROLINA,MARANHÃO,Brasil,2102804,21,33,13,0.0,0.86,Cerrado,4.5
5fc33f94-1bcb-3be8-bef8-0b230ce50741,  -8.732880, -49.681370,2026-05-29 16:58:00,NOAA-21,CONCEIÇÃO DO ARAGUAIA,PARÁ,Brasil,1502707,15,33,13,0.0,0.33,Amazônia,2.5
cc9badc6-3cfc-3310-bbb9-810ebfcc94b0,  -8.529380, -47.697480,2026-05-29 16:58:00,NOAA-21,ITACAJÁ,TOCANTINS,Brasil,1710508,17,33,15,0.0,0.71,Cerrado,6.3
98f67e44-cff8-3044-858e-c43bdfab0acb,  -6.680730, -47.988890,2026-05-29 16:58:00,NOAA-21,DARCINÓPOLIS,TOCANTINS,Brasil,1706506,17,33,13,0.0,0.8,Cerrado,23.0
4234cf79-19c5-3135-bde3-2bf2466cd1d8,  -6.256320, -48.554210,2026-05-29 16:58:00,NOAA-21,SÃO GERALDO DO ARAGUAIA,PARÁ,Brasil,1507458,15,33,13,0.0,1.0,Amazônia,4.4
ff908fd8-bd20-317a-9c43-e2ae04a58f85,  -8.008060, -55.502750,2026-05-29 16:58:00,NOAA-21,NOVO PROGRESSO,PARÁ,Brasil,1505031,15,33,11,0.0,0.17,Amazônia,8.2
6dc26f33-eefb-3c09-bcc5-7c16a351cacb, -10.499630, -57.614120,2026-05-29 16:58:00,NOAA-21,JUARA,MATO GROSSO,Brasil,5105101,51,33,10,0.0,0.26,Amazônia,21.5
08bab1f6-9846-38c0-adca-78495aae29b0,  -7.168260, -46.986780,2026-05-29 16:58:00,NOAA-21,CAROLINA,MARANHÃO,Brasil,2102804,21,33,13,0.0,0.86,Cerrado,35.2
8226c84f-9ff5-3ff4-bfb3-051ea64deb8c,  -8.091430, -47.173630,2026-05-29 16:58:00,NOAA-21,GOIATINS,TOCANTINS,Brasil,1709005,17,33,17,0.0,0.75,Cerrado,4.9
8ae0ef85-53cd-3154-b1b1-584eb8285e45, -10.673410, -53.865330,2026-05-29 16:58:00,NOAA-21,MARCELÂNDIA,MATO GROSSO,Brasil,5105580,51,33,25,0.0,0.68,Amazônia,7.1
bf5da884-33d5-3d73-9f7c-a1c54aff3d2e,  -7.030740, -43.470290,2026-05-29 16:58:00,NOAA-21,JERUMENHA,PIAUÍ,Brasil,2205300,22,33,26,0.0,1.0,Cerrado,5.9
ec7af274-90f9-317e-9f10-a7e22de63b78, -10.819200, -46.900900,2026-05-29 17:00:00,GOES-19,PONTE ALTA DO TOCANTINS,TOCANTINS,Brasil,1717909,17,33,6,0.0,0.78,Cerrado,137.3
3790c72c-1079-3113-8be9-61e8f56203d6,  -8.853700, -46.722800,2026-05-29 17:00:00,GOES-19,BALSAS,MARANHÃO,Brasil,2101400,21,33,37,0.0,0.81,Cerrado,91.9
1769bca2-5208-389d-a313-cd5ab854195f, -10.818800, -46.923300,2026-05-29 17:00:00,GOES-19,PONTE ALTA DO TOCANTINS,TOCANTINS,Brasil,1717909,17,33,6,0.0,0.97,Cerrado,244.9
2e0a344a-071a-35ed-a63e-eb7b68b4a219, -10.838200, -46.898500,2026-05-29 17:00:00,GOES-19,PONTE ALTA DO TOCANTINS,TOCANTINS,Brasil,1717909,17,33,6,0.0,0.76,Cerrado,207.7
6c6a7faf-cb43-3875-8832-f8cefe1a278d,  -8.834800, -46.724700,2026-05-29 17:00:00,GOES-19,BALSAS,MARANHÃO,Brasil,2101400,21,33,37,0.0,1.0,Cerrado,118.3
75c7daee-551e-353f-8afa-6537d4bdd0c9,  -8.835100, -46.702400,2026-05-29 17:00:00,GOES-19,BALSAS,MARANHÃO,Brasil,2101400,21,33,36,0.0,0.95,Cerrado,189.6
25669c8b-8c8b-34ca-a816-525e1af2bfe1,  -3.201530, -58.846460,2026-05-29 17:00:00,NOAA-21,ITACOATIARA,AMAZONAS,Brasil,1301902,13,33,3,0.0,0.22,Amazônia,4.8
f74cd970-8303-3319-a72f-1708a46567ec,  -3.952750, -63.206380,2026-05-29 17:00:00,NOAA-21,COARI,AMAZONAS,Brasil,1301209,13,33,1,0.5,0.03,Amazônia,5.9
1f20f164-27b3-37cf-9ff0-de9debe8b5dc,  -3.069050, -56.952950,2026-05-29 17:00:00,NOAA-21,PARINTINS,AMAZONAS,Brasil,1303403,13,33,2,1.5,0.04,Amazônia,10.6
9646fbd1-77dc-31cb-b4ab-805dbb0f839d,  -3.556940, -60.442340,2026-05-29 17:00:00,NOAA-21,MANAQUIRI,AMAZONAS,Brasil,1302553,13,33,3,0.0,0.07,Amazônia,9.6
462b90f2-93c5-3e39-8778-f194c70d9c1d,  -3.156540, -59.087510,2026-05-29 17:00:00,NOAA-21,ITACOATIARA,AMAZONAS,Brasil,1301902,13,33,3,0.0,0.06,Amazônia,12.9
05a20391-05ed-3bfc-ba6c-398e6321fe19,  -3.546680, -60.208970,2026-05-29 17:00:00,NOAA-21,CAREIRO,AMAZONAS,Brasil,1301100,13,33,3,0.0,0.71,Amazônia,21.6
017ddbce-46ff-3ee5-aafb-7b5c58056ef2,  -3.711320, -59.590010,2026-05-29 17:00:00,NOAA-21,AUTAZES,AMAZONAS,Brasil,1300300,13,33,2,0.0,0.65,Amazônia,12.2
34dd3f93-add0-3860-8274-b62bd6f335eb,  -3.546350, -60.206920,2026-05-29 17:00:00,NOAA-21,CAREIRO,AMAZONAS,Brasil,1301100,13,33,3,0.0,0.56,Amazônia,29.1
bce802d4-cabd-3c3a-843b-d47b90c8b056,  -3.569310, -59.418550,2026-05-29 17:00:00,NOAA-21,AUTAZES,AMAZONAS,Brasil,1300300,13,33,3,0.0,0.1,Amazônia,14.5
40983474-8a50-305e-a173-a69c3531e242,  -3.068270, -56.954560,2026-05-29 17:00:00,NOAA-21,PARINTINS,AMAZONAS,Brasil,1303403,13,33,2,1.5,0.03,Amazônia,11.6
582f7ad5-d429-302c-8a13-f9ad0ea955c0,  -3.413230, -59.341290,2026-05-29 17:00:00,NOAA-21,CAREIRO DA VÁRZEA,AMAZONAS,Brasil,1301159,13,33,3,0.0,0.7,Amazônia,4.3
4dfcf728-5ba9-3e77-8c64-76229eb3eb49,  -3.293450, -61.265450,2026-05-29 17:00:00,NOAA-21,CAAPIRANGA,AMAZONAS,Brasil,1300839,13,33,2,0.0,0.06,Amazônia,2.0
624a9ab4-c266-3b19-9000-1e8cf5bed6e7,  -3.488920, -60.316140,2026-05-29 17:00:00,NOAA-21,MANAQUIRI,AMAZONAS,Brasil,1302553,13,33,3,0.1,0.08,Amazônia,6.0
41590164-54f0-3969-b088-48b480a65485,  -3.415520, -59.340150,2026-05-29 17:00:00,NOAA-21,CAREIRO DA VÁRZEA,AMAZONAS,Brasil,1301159,13,33,3,0.0,0.75,Amazônia,4.2
38ccca1b-2a88-3bd4-9304-2cd08f874de9,  -7.157100, -47.321200,2026-05-29 17:00:00,GOES-19,CAROLINA,MARANHÃO,Brasil,2102804,21,33,11,0.0,0.71,Cerrado,75.8
0bb431a9-81c8-3f01-a30b-769bd2ba4e7f, -10.764800, -46.728500,2026-05-29 17:00:00,GOES-19,MATEIROS,TOCANTINS,Brasil,1712702,17,33,6,0.0,0.96,Cerrado,109.8
32abccdb-46f7-340a-ad32-8959332e07f7,  -7.138300, -47.322700,2026-05-29 17:00:00,GOES-19,CAROLINA,MARANHÃO,Brasil,2102804,21,33,11,0.0,0.72,Cerrado,74.0
03c828f1-ff8b-3bf5-b2f5-3070ad130d20, -10.799800, -46.925700,2026-05-29 17:00:00,GOES-19,PONTE ALTA DO TOCANTINS,TOCANTINS,Brasil,1717909,17,33,6,0.0,0.95,Cerrado,98.5
76c0b60b-ce78-3753-bf22-542cba3b65bc, -10.745800, -46.730900,2026-05-29 17:00:00,GOES-19,MATEIROS,TOCANTINS,Brasil,1712702,17,33,6,0.0,1.0,Cerrado,106.2
00632638-9026-385c-b130-e95a9aad62db,  -8.853700, -46.722800,2026-05-29 17:10:00,GOES-19,BALSAS,MARANHÃO,Brasil,2101400,21,33,37,0.0,0.81,Cerrado,118.1
28edb0dd-d3f7-3fa9-af1f-6a6ee297a1b4,  -8.835100, -46.702400,2026-05-29 17:10:00,GOES-19,BALSAS,MARANHÃO,Brasil,2101400,21,33,36,0.0,0.95,Cerrado,126.7
07acd849-eac8-393a-9449-243056c2ed3f, -10.818800, -46.923300,2026-05-29 17:10:00,GOES-19,PONTE ALTA DO TOCANTINS,TOCANTINS,Brasil,1717909,17,33,6,0.0,0.97,Cerrado,154.5
f4561c89-9f05-30e8-8efb-dac47fb2bd95, -10.745800, -46.730900,2026-05-29 17:10:00,GOES-19,MATEIROS,TOCANTINS,Brasil,1712702,17,33,6,0.0,1.0,Cerrado,100.0
d823f7a8-2e61-3fc9-8c7d-f946fc8b803c, -10.837900, -46.921000,2026-05-29 17:20:00,GOES-19,PONTE ALTA DO TOCANTINS,TOCANTINS,Brasil,1717909,17,33,6,0.0,0.99,Cerrado,102.5
241fc5a8-169f-3104-a862-477a9b74ce7d, -10.818800, -46.923300,2026-05-29 17:20:00,GOES-19,PONTE ALTA DO TOCANTINS,TOCANTINS,Brasil,1717909,17,33,6,0.0,0.97,Cerrado,162.5
278829b3-6c82-300c-b633-9f19ac7089ab, -10.799400, -46.948100,2026-05-29 17:20:00,GOES-19,PONTE ALTA DO TOCANTINS,TOCANTINS,Brasil,1717909,17,33,6,0.0,1.0,Cerrado,114.0
fb3d8029-ebab-3d09-b1e2-e8634c4cb02f, -29.683440, -51.824880,2026-05-29 17:26:00,NPP-375,TAQUARI,RIO GRANDE DO SUL,Brasil,4321303,43,33,2,1.12,0.12,Pampa,12.7
1337c140-61c9-3df9-a2e0-5e19b442a350, -29.687460, -51.828210,2026-05-29 17:26:00,NPP-375,TAQUARI,RIO GRANDE DO SUL,Brasil,4321303,43,33,2,1.07,0.14,Pampa,7.5
6f2d9491-1ca8-3e62-8c80-3a778b24e6eb, -29.659890, -51.317100,2026-05-29 17:26:00,NPP-375,CAPELA DE SANTANA,RIO GRANDE DO SUL,Brasil,4304689,43,33,2,0.1,0.89,Pampa,3.0
1b22e29b-27c6-3747-8c29-e035b1478289, -29.684100, -51.828930,2026-05-29 17:26:00,NPP-375,TAQUARI,RIO GRANDE DO SUL,Brasil,4321303,43,33,2,1.11,0.12,Pampa,12.7
326bba8e-b3ca-3f65-977b-191b7d849128, -27.478050, -50.875270,2026-05-29 17:26:00,NPP-375,VARGEM,SANTA CATARINA,Brasil,4219150,42,33,3,0.0,0.01,Mata Atlântica,4.6
0d0e81de-7e1c-33fa-81e2-2e795d6d13cc, -23.153330, -52.289170,2026-05-29 17:28:00,NPP-375,ALTO PARANÁ,PARANÁ,Brasil,4100608,41,33,8,0.0,0.28,Mata Atlântica,9.2
21a2b575-7761-3af7-b0c5-e87510e96954, -20.189140, -49.563480,2026-05-29 17:28:00,NPP-375,PAULO DE FARIA,SÃO PAULO,Brasil,3536604,35,33,10,0.0,0.97,Mata Atlântica,9.2
191ef396-9a2a-31f5-a4bd-d5cfd79fa1ea, -19.686910, -54.350430,2026-05-29 17:28:00,NPP-375,BANDEIRANTES,MATO GROSSO DO SUL,Brasil,5001508,50,33,7,0.0,1.0,Cerrado,3.6
cbc721e6-2e1a-3ff1-87b1-5cff9b395e8e, -20.248470, -50.913480,2026-05-29 17:28:00,NPP-375,TRÊS FRONTEIRAS,SÃO PAULO,Brasil,3554904,35,33,10,0.0,1.0,Mata Atlântica,4.9
1867755d-3029-339a-9643-b87771be15f5, -20.625740, -51.702160,2026-05-29 17:28:00,NPP-375,TRÊS LAGOAS,MATO GROSSO DO SUL,Brasil,5008305,50,33,3,0.0,0.98,Cerrado,4.9
63f94df3-3bfe-36fc-b035-ab779b33c761, -21.801340, -49.130740,2026-05-29 17:28:00,NPP-375,IACANGA,SÃO PAULO,Brasil,3519105,35,33,5,0.0,0.36,Mata Atlântica,3.7
5e588453-4d2b-38fc-8743-112e602cae22, -17.884290, -55.711200,2026-05-29 17:28:00,NPP-375,CORUMBÁ,MATO GROSSO DO SUL,Brasil,5003207,50,33,6,0.0,1.0,Pantanal,2.7
d97ee699-2114-3b48-aee6-7cfbe1ef2bc5, -21.668490, -56.312680,2026-05-29 17:28:00,NPP-375,BELA VISTA,MATO GROSSO DO SUL,Brasil,5002100,50,33,4,17.39,0.05,Cerrado,3.5
4a3e748d-c6ef-3197-9c76-b1115bcb8014, -23.143600, -52.295250,2026-05-29 17:28:00,NPP-375,ALTO PARANÁ,PARANÁ,Brasil,4100608,41,33,8,0.0,0.28,Mata Atlântica,12.7
3eece471-b954-3f57-8424-7a5845d529da, -21.805490, -49.129870,2026-05-29 17:28:00,NPP-375,IACANGA,SÃO PAULO,Brasil,3519105,35,33,5,0.0,0.36,Mata Atlântica,3.7
9fd9e815-7880-33cc-89e5-7cb29d5be3a8, -21.804740, -49.125880,2026-05-29 17:28:00,NPP-375,IACANGA,SÃO PAULO,Brasil,3519105,35,33,5,0.0,0.61,Mata Atlântica,3.7
b7d17cf6-4b8d-3b1e-b1fe-58780946ce49, -21.359730, -51.031590,2026-05-29 17:28:00,NPP-375,VALPARAÍSO,SÃO PAULO,Brasil,3556305,35,33,3,0.0,1.0,Mata Atlântica,13.0
0e0fdb79-d00a-361d-949c-3708c5aafae7, -23.147070, -52.294580,2026-05-29 17:28:00,NPP-375,ALTO PARANÁ,PARANÁ,Brasil,4100608,41,33,8,0.0,0.28,Mata Atlântica,12.7
15df6ab2-46fb-3df5-be61-2764136708ca, -19.709580, -57.725090,2026-05-29 17:28:00,NPP-375,CORUMBÁ,MATO GROSSO DO SUL,Brasil,5003207,50,33,10,0.2,1.0,Pantanal,2.8
549e4e75-b770-33d7-adab-963c0056f3a5, -22.586350, -47.927460,2026-05-29 17:28:00,NPP-375,SÃO PEDRO,SÃO PAULO,Brasil,3550407,35,33,4,0.0,0.95,Cerrado,4.4
f2328177-bbad-3f22-ba8d-e90eccd39f03, -19.824290, -56.390820,2026-05-29 17:28:00,NPP-375,AQUIDAUANA,MATO GROSSO DO SUL,Brasil,5001102,50,33,9,0.0,1.0,Pantanal,2.1
acbfd879-8a7e-3d9a-8d58-0a870617c1e5, -21.011750, -48.027800,2026-05-29 17:28:00,NPP-375,PONTAL,SÃO PAULO,Brasil,3540200,35,33,9,0.0,1.0,Cerrado,12.3
bca09bde-39cb-3005-acb0-a9b4e2a17e4c, -21.809630, -49.128970,2026-05-29 17:28:00,NPP-375,IACANGA,SÃO PAULO,Brasil,3519105,35,33,5,0.0,0.41,Mata Atlântica,9.1
f249d95b-f32d-3696-bd7c-b8cae01a16a9, -17.713910, -53.280470,2026-05-29 17:28:00,NPP-375,ALTO TAQUARI,MATO GROSSO,Brasil,5100607,51,33,6,0.0,0.48,Cerrado,8.3
fe54281a-c715-3f9f-97a6-056806c2d8e0, -21.667940, -56.308850,2026-05-29 17:28:00,NPP-375,BELA VISTA,MATO GROSSO DO SUL,Brasil,5002100,50,33,4,17.03,0.05,Cerrado,4.2
3365fc3a-fc8b-353e-a2e9-040c488189cb, -20.319100, -52.155320,2026-05-29 17:28:00,NPP-375,TRÊS LAGOAS,MATO GROSSO DO SUL,Brasil,5008305,50,33,10,0.0,0.83,Cerrado,3.6
643b2cbc-ca47-350b-bf5a-f52837ec43f5, -20.730030, -54.830990,2026-05-29 17:28:00,NPP-375,TERENOS,MATO GROSSO DO SUL,Brasil,5008008,50,33,5,0.0,0.78,Cerrado,5.2
b091f04d-6c39-30f6-8d12-cbc6d06b65b5, -20.652880, -55.410300,2026-05-29 17:28:00,NPP-375,DOIS IRMÃOS DO BURITI,MATO GROSSO DO SUL,Brasil,5003488,50,33,4,0.0,1.0,Cerrado,2.9
51312f53-ac08-382f-b12d-8a261851b2bb, -21.010780, -48.022950,2026-05-29 17:28:00,NPP-375,PONTAL,SÃO PAULO,Brasil,3540200,35,33,9,0.0,1.0,Cerrado,12.3
82952bb4-07e4-30cd-a461-22a67d3f6bb3, -23.149860, -52.289830,2026-05-29 17:28:00,NPP-375,ALTO PARANÁ,PARANÁ,Brasil,4100608,41,33,8,0.0,0.28,Mata Atlântica,9.2
85cc5835-636b-3295-b21c-bd75cd1a221c, -23.811610, -51.969310,2026-05-29 17:28:00,NPP-375,SÃO PEDRO DO IVAÍ,PARANÁ,Brasil,4125803,41,33,3,0.0,0.18,Mata Atlântica,2.9
2476d9fc-60f3-3f6f-a16c-ada4f78eb064, -20.318280, -52.153980,2026-05-29 17:28:00,NPP-375,TRÊS LAGOAS,MATO GROSSO DO SUL,Brasil,5008305,50,33,10,0.0,0.9,Cerrado,8.2
554d2a5c-c241-35c7-9be4-717295f586dd, -20.249380, -50.918480,2026-05-29 17:28:00,NPP-375,SANTA FÉ DO SUL,SÃO PAULO,Brasil,3546603,35,33,10,0.0,1.0,Mata Atlântica,4.9
02998755-a025-3428-8154-a80e80a96979, -21.015290, -48.021970,2026-05-29 17:28:00,NPP-375,PONTAL,SÃO PAULO,Brasil,3540200,35,33,9,0.0,1.0,Cerrado,34.2
3b40ff66-86ae-30b5-be8b-0cb7028505e8, -19.683540, -54.351020,2026-05-29 17:28:00,NPP-375,BANDEIRANTES,MATO GROSSO DO SUL,Brasil,5001508,50,33,7,0.0,1.0,Cerrado,4.1
f472333c-299d-349c-9934-d36ee31a0ca5, -22.587730, -47.926360,2026-05-29 17:28:00,NPP-375,SÃO PEDRO,SÃO PAULO,Brasil,3550407,35,33,4,0.0,0.95,Cerrado,5.3
39f32dc3-7eee-3b0e-b738-6922bd7f2a9a, -20.653440, -55.413990,2026-05-29 17:28:00,NPP-375,DOIS IRMÃOS DO BURITI,MATO GROSSO DO SUL,Brasil,5003488,50,33,4,0.0,1.0,Cerrado,2.9
9f2f16bd-cd35-34a9-8afc-40f7e918ef58, -17.710380, -53.281120,2026-05-29 17:28:00,NPP-375,ALTO TAQUARI,MATO GROSSO,Brasil,5100607,51,33,6,0.0,0.49,Cerrado,4.4
06436a97-6e12-3516-92c0-284a89735f5f, -23.808120, -51.969970,2026-05-29 17:28:00,NPP-375,SÃO PEDRO DO IVAÍ,PARANÁ,Brasil,4125803,41,33,3,0.0,0.19,Mata Atlântica,6.3
7a1f6b4a-418d-31e9-95ad-90846c7f58d9, -21.810390, -49.132940,2026-05-29 17:28:00,NPP-375,IACANGA,SÃO PAULO,Brasil,3519105,35,33,5,0.0,0.35,Mata Atlântica,20.7
98b5dc03-1683-3c4a-b4e8-b433e474ffca, -19.839950, -56.380590,2026-05-29 17:28:00,NPP-375,AQUIDAUANA,MATO GROSSO DO SUL,Brasil,5001102,50,33,9,0.0,0.98,Pantanal,2.2
90a322db-93d4-368c-95c7-0e19ac6aa014, -10.818800, -46.923300,2026-05-29 17:30:00,GOES-19,PONTE ALTA DO TOCANTINS,TOCANTINS,Brasil,1717909,17,33,6,0.0,0.97,Cerrado,93.1
cc8efbf9-9510-3308-9236-69d2629824bf, -11.734130, -54.809860,2026-05-29 17:30:00,NPP-375,CLÁUDIA,MATO GROSSO,Brasil,5103056,51,33,13,0.0,0.31,Amazônia,6.5
e76a3cda-6ec3-3f01-b9b5-13e564b13203, -11.209260, -54.156160,2026-05-29 17:30:00,NPP-375,MARCELÂNDIA,MATO GROSSO,Brasil,5105580,51,33,14,0.0,0.26,Amazônia,5.9
a170b027-e24d-3dfa-9e77-bea6d301a8ab, -10.642310, -49.725450,2026-05-29 17:30:00,NPP-375,LAGOA DA CONFUSÃO,TOCANTINS,Brasil,1711902,17,33,27,0.0,0.94,Cerrado,14.7
69c94530-a579-3083-bbcb-3d6a25b40331, -10.120980, -47.933480,2026-05-29 17:30:00,NPP-375,APARECIDA DO RIO NEGRO,TOCANTINS,Brasil,1701101,17,33,30,0.0,0.66,Cerrado,2.6
5fbed829-da7c-34ea-a585-730cf71ee267, -10.819920, -46.950490,2026-05-29 17:30:00,NPP-375,PONTE ALTA DO TOCANTINS,TOCANTINS,Brasil,1717909,17,33,6,0.0,1.0,Cerrado,53.4
0b075337-5a2f-31d3-9895-38d538bf2cef, -10.705530, -49.917880,2026-05-29 17:30:00,NPP-375,LAGOA DA CONFUSÃO,TOCANTINS,Brasil,1711902,17,33,21,0.0,0.82,Cerrado,48.4
47660bc7-f06a-3694-b09e-659cfd6d1ace, -10.704540, -49.912560,2026-05-29 17:30:00,NPP-375,LAGOA DA CONFUSÃO,TOCANTINS,Brasil,1711902,17,33,21,0.0,0.93,Cerrado,48.4
3f74d52c-2b1d-3892-a35c-722bc53d5355, -10.265430, -47.011060,2026-05-29 17:30:00,NPP-375,NOVO ACORDO,TOCANTINS,Brasil,1715101,17,33,31,0.0,1.0,Cerrado,7.3
ba200643-d69a-3a84-9469-06cbb8052056, -12.922140, -45.953850,2026-05-29 17:30:00,NPP-375,SÃO DESIDÉRIO,BAHIA,Brasil,2928901,29,33,5,0.0,1.0,Cerrado,6.2
839671e4-a577-3624-9e55-49c3767652f5, -10.830410, -46.949020,2026-05-29 17:30:00,NPP-375,PONTE ALTA DO TOCANTINS,TOCANTINS,Brasil,1717909,17,33,6,0.0,0.99,Cerrado,9.9
a11be1dd-8c71-3b76-a5ad-9ad44afbaff2, -12.898000, -52.524720,2026-05-29 17:30:00,NPP-375,CANARANA,MATO GROSSO,Brasil,5102702,51,33,29,0.0,0.37,Amazônia,5.9
2bbf8d86-a1ae-36b2-86f7-25dca53462e1, -12.766280, -49.322670,2026-05-29 17:30:00,NPP-375,TALISMÃ,TOCANTINS,Brasil,1720978,17,33,6,0.0,0.97,Cerrado,5.3
984ed1a1-04d1-3181-95d3-5d8465f6d52e, -10.814890, -46.955910,2026-05-29 17:30:00,NPP-375,PONTE ALTA DO TOCANTINS,TOCANTINS,Brasil,1717909,17,33,6,0.0,1.0,Cerrado,26.0
d526d6b3-550b-337b-97aa-43bc57e62bec, -11.212930, -54.155570,2026-05-29 17:30:00,NPP-375,MARCELÂNDIA,MATO GROSSO,Brasil,5105580,51,33,14,0.0,0.26,Amazônia,5.9
85a87422-d775-3c85-b958-7fac4b4b543b, -11.596740, -47.443290,2026-05-29 17:30:00,NPP-375,NATIVIDADE,TOCANTINS,Brasil,1714203,17,33,6,0.0,0.43,Cerrado,10.6
4e981042-8a91-3530-8430-1c2a579eb42d, -11.129390, -54.305930,2026-05-29 17:30:00,NPP-375,MARCELÂNDIA,MATO GROSSO,Brasil,5105580,51,33,14,0.0,0.23,Amazônia,5.6
9b72a648-5472-3a38-a4e7-bb962569c66a, -11.601980, -55.334210,2026-05-29 17:30:00,NPP-375,SINOP,MATO GROSSO,Brasil,5107909,51,33,12,0.0,0.32,Amazônia,15.1
6292ec87-7b83-30e6-9257-e1125ed5fc61, -11.606130, -54.185640,2026-05-29 17:30:00,NPP-375,UNIÃO DO SUL,MATO GROSSO,Brasil,5108303,51,33,13,0.0,0.29,Amazônia,10.6
b44facdc-cd07-3569-ae6d-7c9e785dc93e, -12.516630, -48.289170,2026-05-29 17:30:00,NPP-375,SÃO SALVADOR DO TOCANTINS,TOCANTINS,Brasil,1720259,17,33,6,0.0,0.78,Cerrado,5.3
8511596a-d88e-3c72-8549-0b18862e8f20, -11.590430, -47.440570,2026-05-29 17:30:00,NPP-375,NATIVIDADE,TOCANTINS,Brasil,1714203,17,33,6,0.0,0.47,Cerrado,12.8
e1ca5f3a-db6c-34b6-a5ca-651d60c461db, -11.968670, -47.369500,2026-05-29 17:30:00,NPP-375,CONCEIÇÃO DO TOCANTINS,TOCANTINS,Brasil,1705607,17,33,6,0.0,0.76,Cerrado,4.6
c47c825f-af11-30a7-b8fb-fad0acc68150, -12.361450, -54.167840,2026-05-29 17:30:00,NPP-375,NOVA UBIRATÃ,MATO GROSSO,Brasil,5106240,51,33,14,0.0,0.36,Amazônia,7.6
e2fd0459-8a39-3784-a508-d6ceb51eaa96, -11.591180, -47.444450,2026-05-29 17:30:00,NPP-375,NATIVIDADE,TOCANTINS,Brasil,1714203,17,33,6,0.0,0.54,Cerrado,10.6
a717df71-3188-3116-83e3-2dff29b18624, -11.737010, -54.805290,2026-05-29 17:30:00,NPP-375,CLÁUDIA,MATO GROSSO,Brasil,5103056,51,33,13,0.0,0.39,Amazônia,10.8
a8fec380-286a-3950-b433-d2d7b82a38ed, -10.382530, -49.799130,2026-05-29 17:30:00,NPP-375,PIUM,TOCANTINS,Brasil,1717503,17,33,28,0.0,0.99,Cerrado,18.5
528694fb-7a03-3231-af67-ee2d93309fc3, -11.986910, -49.698060,2026-05-29 17:30:00,NPP-375,FORMOSO DO ARAGUAIA,TOCANTINS,Brasil,1708205,17,33,6,0.0,0.77,Cerrado,5.2
7ce22ffb-4dd1-347e-8d68-fbc6fdd4fb72, -10.727800, -49.038540,2026-05-29 17:30:00,NPP-375,CRISTALÂNDIA,TOCANTINS,Brasil,1706100,17,33,27,0.0,0.66,Cerrado,2.5
6d165521-eb1f-3c74-ab94-fe05bfacee9d, -12.086150, -48.198360,2026-05-29 17:30:00,NPP-375,PEIXE,TOCANTINS,Brasil,1716604,17,33,6,0.0,0.72,Cerrado,10.9
d0dc411d-193f-36de-9ff7-d8622f9161f4, -11.668640, -47.407420,2026-05-29 17:30:00,NPP-375,ALMAS,TOCANTINS,Brasil,1700400,17,33,6,0.0,0.79,Cerrado,4.1
6383734c-9ede-3362-9f98-959b14c34768, -10.673590, -49.702660,2026-05-29 17:30:00,NPP-375,LAGOA DA CONFUSÃO,TOCANTINS,Brasil,1711902,17,33,29,0.0,0.97,Cerrado,5.0
6b8cb9e7-fbc1-37ee-867e-b687e5d47197, -10.820690, -46.954590,2026-05-29 17:30:00,NPP-375,PONTE ALTA DO TOCANTINS,TOCANTINS,Brasil,1717909,17,33,6,0.0,0.99,Cerrado,26.0
668107ea-6b42-3756-9ddb-aed4b34fa29a, -11.953670, -47.888400,2026-05-29 17:30:00,NPP-375,SÃO VALÉRIO,TOCANTINS,Brasil,1720499,17,33,6,0.0,0.84,Cerrado,5.2
e4e6be5e-78a2-326b-a00f-f7887d1515d5, -11.953170, -46.752920,2026-05-29 17:30:00,NPP-375,NOVO JARDIM,TOCANTINS,Brasil,1715259,17,33,0,0.0,0.82,Cerrado,9.8
c0018d1d-6f8f-3cb5-9876-5c4a605aaa5e, -10.818710, -46.951090,2026-05-29 17:30:00,NPP-375,PONTE ALTA DO TOCANTINS,TOCANTINS,Brasil,1717909,17,33,6,0.0,1.0,Cerrado,49.5
63fd3b87-fc0d-3425-a3af-c0bfc2db0278, -15.467640, -55.836700,2026-05-29 17:30:00,NPP-375,CUIABÁ,MATO GROSSO,Brasil,5103403,51,33,7,0.0,0.23,Cerrado,5.7
525bb1ca-af3b-36a0-a4e1-f0c1c9eebcde, -10.507870, -48.095490,2026-05-29 17:30:00,NPP-375,MONTE DO CARMO,TOCANTINS,Brasil,1713601,17,33,11,0.0,0.58,Cerrado,10.1
9c288115-27af-32ef-8f39-09337cf0bf4e, -11.951640, -46.755440,2026-05-29 17:30:00,NPP-375,DIANÓPOLIS,TOCANTINS,Brasil,1707009,17,33,0,0.0,0.85,Cerrado,15.5
a8bd8c48-8bb3-36bc-a9b5-b0f6184a3350, -11.966940, -47.368600,2026-05-29 17:30:00,NPP-375,CONCEIÇÃO DO TOCANTINS,TOCANTINS,Brasil,1705607,17,33,6,0.0,0.76,Cerrado,6.1
10e282da-b182-368f-89c6-152ec69967d9, -10.819150, -46.946390,2026-05-29 17:30:00,NPP-375,PONTE ALTA DO TOCANTINS,TOCANTINS,Brasil,1717909,17,33,6,0.0,1.0,Cerrado,53.4
a7e39cf5-5b09-31ef-a68d-8a58656168fc, -12.186200, -43.204210,2026-05-29 17:30:00,NPP-375,IBOTIRAMA,BAHIA,Brasil,2913200,29,33,6,0.0,-999.0,Cerrado,9.4
50108c30-b9bc-3dfb-8467-76c3803655d0, -11.470100, -46.697380,2026-05-29 17:30:00,NPP-375,DIANÓPOLIS,TOCANTINS,Brasil,1707009,17,33,3,0.0,0.76,Cerrado,4.8
42919584-df44-3ba0-a577-803d543eb567, -10.266200, -47.015170,2026-05-29 17:30:00,NPP-375,NOVO ACORDO,TOCANTINS,Brasil,1715101,17,33,31,0.0,0.99,Cerrado,7.3
c89f0954-63b2-3c06-9cb9-4266b68eefe4, -12.085520, -48.195050,2026-05-29 17:30:00,NPP-375,PEIXE,TOCANTINS,Brasil,1716604,17,33,6,0.0,0.72,Cerrado,10.9
d0aca643-f1c3-399a-b744-3b1842745beb, -10.818350, -46.942180,2026-05-29 17:30:00,NPP-375,PONTE ALTA DO TOCANTINS,TOCANTINS,Brasil,1717909,17,33,6,0.0,1.0,Cerrado,17.1
686637e9-2cc4-3fae-adaf-607cb278fd24, -12.342820, -53.208290,2026-05-29 17:30:00,NPP-375,GAÚCHA DO NORTE,MATO GROSSO,Brasil,5103858,51,33,31,0.0,0.89,Amazônia,5.5
62722686-5cea-3615-b68a-464b7c5aa332, -11.944230, -43.402610,2026-05-29 17:30:00,NPP-375,MUQUÉM DO SÃO FRANCISCO,BAHIA,Brasil,2922250,29,33,5,0.1,1.0,Cerrado,14.1
3078c1aa-5e0d-3753-ad28-dfe53cbf6e41, -12.190410, -43.203940,2026-05-29 17:30:00,NPP-375,IBOTIRAMA,BAHIA,Brasil,2913200,29,33,6,0.0,1.0,Cerrado,12.7
a4e2e8f7-04e5-3f45-933b-0d3c750a3188, -10.777850, -46.920300,2026-05-29 17:30:00,NPP-375,PONTE ALTA DO TOCANTINS,TOCANTINS,Brasil,1717909,17,33,6,0.0,0.85,Cerrado,2.4
6f07bb98-7b10-3358-b05a-baee7115206e, -10.672610, -49.697150,2026-05-29 17:30:00,NPP-375,LAGOA DA CONFUSÃO,TOCANTINS,Brasil,1711902,17,33,29,0.0,0.95,Cerrado,12.9
3a9dfba2-5a41-34e6-aabb-0052b46ea4a5, -10.288830, -46.924080,2026-05-29 17:30:00,NPP-375,MATEIROS,TOCANTINS,Brasil,1712702,17,33,24,0.0,1.0,Cerrado,6.7
99bf6df9-2727-3c8f-85ea-f69e26b5b993, -11.729060, -46.984580,2026-05-29 17:30:00,NPP-375,DIANÓPOLIS,TOCANTINS,Brasil,1707009,17,33,6,0.0,0.65,Cerrado,8.0
1c3adac6-d16d-3634-a706-ff616430fd30, -11.221890, -53.828590,2026-05-29 17:30:00,NPP-375,MARCELÂNDIA,MATO GROSSO,Brasil,5105580,51,33,28,0.0,0.3,Amazônia,10.8
8a7c36de-ce7f-30b0-b4a9-9d2d86b36d8f, -10.445630, -43.745790,2026-05-29 17:30:00,NPP-375,BURITIRAMA,BAHIA,Brasil,2904753,29,33,36,0.0,0.84,Cerrado,10.0
91b88e52-53fe-386c-986e-d935f8c90719, -10.706380, -49.915190,2026-05-29 17:30:00,NPP-375,LAGOA DA CONFUSÃO,TOCANTINS,Brasil,1711902,17,33,21,0.0,0.89,Cerrado,34.1
08df1b73-909a-3fa9-b203-ea9777cd1936, -10.957170, -49.895080,2026-05-29 17:30:00,NPP-375,LAGOA DA CONFUSÃO,TOCANTINS,Brasil,1711902,17,33,21,0.0,0.88,Cerrado,5.1
e5f0a212-b602-3835-947a-3a3baa4e023b, -10.632540, -49.727230,2026-05-29 17:30:00,NPP-375,LAGOA DA CONFUSÃO,TOCANTINS,Brasil,1711902,17,33,25,0.0,0.77,Cerrado,9.9
d97e0c94-4e40-3688-a1f9-5a528a499b3a, -10.952360, -49.895950,2026-05-29 17:30:00,NPP-375,LAGOA DA CONFUSÃO,TOCANTINS,Brasil,1711902,17,33,21,0.0,0.89,Cerrado,5.1
ad2b4152-dcd3-3243-84fa-28cb704c5edc, -11.952380, -46.748820,2026-05-29 17:30:00,NPP-375,NOVO JARDIM,TOCANTINS,Brasil,1715259,17,33,0,0.0,0.76,Cerrado,9.8
d786ed83-d4be-3356-86e4-3033d6c26b57, -14.234540, -58.862800,2026-05-29 17:30:00,NPP-375,TANGARÁ DA SERRA,MATO GROSSO,Brasil,5107958,51,33,11,0.9,0.76,Cerrado,25.2
895e700f-e4d3-3aa2-a33d-f8fc84f4dee8, -10.728340, -49.041480,2026-05-29 17:30:00,NPP-375,CRISTALÂNDIA,TOCANTINS,Brasil,1706100,17,33,28,0.0,0.66,Cerrado,3.9
62e51fb3-f858-3e57-a849-f6efbb26d702, -10.584920, -50.087880,2026-05-29 17:30:00,NPP-375,PIUM,TOCANTINS,Brasil,1717503,17,33,21,0.0,1.0,Cerrado,5.9
6c1b5ce7-b066-3ed2-b6ec-a9a2aeaea3d6, -11.558080, -48.261980,2026-05-29 17:30:00,NPP-375,SÃO VALÉRIO,TOCANTINS,Brasil,1720499,17,33,27,0.0,0.95,Cerrado,8.1
a7104376-d753-3bdc-9fe4-6aef65bc4cca, -12.249900, -53.591400,2026-05-29 17:30:00,NPP-375,GAÚCHA DO NORTE,MATO GROSSO,Brasil,5103858,51,33,24,0.1,0.61,Amazônia,32.3
b3de2169-8de4-3b0e-8fd9-6d2d7e1ed363, -14.232860, -58.864350,2026-05-29 17:30:00,NPP-375,TANGARÁ DA SERRA,MATO GROSSO,Brasil,5107958,51,33,11,0.9,0.76,Cerrado,20.2
a6e83083-ac33-365b-84d0-89d7ee7b2817, -10.665660, -48.358400,2026-05-29 17:30:00,NPP-375,PORTO NACIONAL,TOCANTINS,Brasil,1718204,17,33,6,0.0,0.97,Cerrado,4.8
65bb9b69-caca-3fda-9e1c-1fb78edd6bfd, -10.638420, -49.731840,2026-05-29 17:30:00,NPP-375,LAGOA DA CONFUSÃO,TOCANTINS,Brasil,1711902,17,33,26,0.0,0.77,Cerrado,10.2
9c4c36f4-8e71-38a3-9ad8-a5614f91d027,  -9.992930, -46.408790,2026-05-29 17:30:00,NPP-375,ALTO PARNAÍBA,MARANHÃO,Brasil,2100501,21,33,10,0.0,1.0,Cerrado,5.4
506871ad-3114-3677-85c0-02313d551974, -11.907470, -43.838700,2026-05-29 17:30:00,NPP-375,WANDERLEY,BAHIA,Brasil,2933455,29,33,2,0.0,0.98,Cerrado,15.7
457bdde8-1e54-3bbb-87ab-96ac556c0f56, -10.673260, -48.398580,2026-05-29 17:30:00,NPP-375,PORTO NACIONAL,TOCANTINS,Brasil,1718204,17,33,6,0.0,-999.0,Cerrado,5.4
68d6a9cf-b5d9-341f-a030-53050591c549, -10.821000, -49.241480,2026-05-29 17:30:00,NPP-375,SANTA RITA DO TOCANTINS,TOCANTINS,Brasil,1718899,17,33,19,0.0,0.7,Cerrado,7.7
b840d9bc-1a21-36b1-b854-5b30c82be840, -11.125760, -54.306550,2026-05-29 17:30:00,NPP-375,MARCELÂNDIA,MATO GROSSO,Brasil,5105580,51,33,14,0.0,0.23,Amazônia,5.6
74402671-e2f6-3935-9c1b-a11839434818, -11.205600, -54.156740,2026-05-29 17:30:00,NPP-375,MARCELÂNDIA,MATO GROSSO,Brasil,5105580,51,33,14,0.0,0.26,Amazônia,3.8
e44844c4-ed2d-3e2f-8f98-3a5d438ae5e6, -12.921220, -45.949310,2026-05-29 17:30:00,NPP-375,SÃO DESIDÉRIO,BAHIA,Brasil,2928901,29,33,6,0.0,1.0,Cerrado,6.2
4c9a707b-5840-31f4-8dc2-e03894efd99a, -10.815420, -46.934330,2026-05-29 17:30:00,NPP-375,PONTE ALTA DO TOCANTINS,TOCANTINS,Brasil,1717909,17,33,6,0.0,0.99,Cerrado,5.0
5f0653fb-74fb-3764-bdb9-e267cd6f8ae6, -11.950820, -46.751340,2026-05-29 17:30:00,NPP-375,NOVO JARDIM,TOCANTINS,Brasil,1715259,17,33,0,0.0,0.78,Cerrado,15.5
b4c6df0e-217e-3046-975c-9030a638f8d9, -10.701560, -49.916070,2026-05-29 17:30:00,NPP-375,LAGOA DA CONFUSÃO,TOCANTINS,Brasil,1711902,17,33,21,0.0,0.83,Cerrado,34.1
22e2a9cc-0cdd-3f59-81ae-e7498f6294ed, -11.734620, -54.239290,2026-05-29 17:30:00,NPP-375,UNIÃO DO SUL,MATO GROSSO,Brasil,5108303,51,33,13,0.0,0.29,Amazônia,8.5
d14743f7-c87d-3330-bf8c-751058bdd3de, -11.566510, -54.578810,2026-05-29 17:30:00,NPP-375,UNIÃO DO SUL,MATO GROSSO,Brasil,5108303,51,33,13,0.0,0.28,Amazônia,7.3
83431245-6ba6-3711-83d8-1c41f70f0013, -16.170970, -58.470980,2026-05-29 17:30:00,NPP-375,CÁCERES,MATO GROSSO,Brasil,5102504,51,33,11,0.0,0.31,Pantanal,18.3
10ea9ce3-5278-3f99-a2a8-34d7a21bbae6, -10.813390, -46.947950,2026-05-29 17:30:00,NPP-375,PONTE ALTA DO TOCANTINS,TOCANTINS,Brasil,1717909,17,33,6,0.0,1.0,Cerrado,53.4
647deb3c-19df-3c91-a65a-0a1ed7610b14, -11.620440, -45.189950,2026-05-29 17:30:00,NPP-375,RIACHÃO DAS NEVES,BAHIA,Brasil,2926202,29,33,5,0.0,1.0,Cerrado,9.1
f366e375-5eb6-331b-a971-31dd17bcbc55, -12.091420, -48.197380,2026-05-29 17:30:00,NPP-375,PEIXE,TOCANTINS,Brasil,1716604,17,33,6,0.0,0.72,Cerrado,28.3
1292f1b5-a61b-3a2c-85df-a2e78b716341, -10.647200, -49.724560,2026-05-29 17:30:00,NPP-375,LAGOA DA CONFUSÃO,TOCANTINS,Brasil,1711902,17,33,28,0.0,1.0,Cerrado,6.5
d6d09213-4a06-34ea-89e6-2b5babd40ddf, -16.174420, -58.470460,2026-05-29 17:30:00,NPP-375,CÁCERES,MATO GROSSO,Brasil,5102504,51,33,11,0.0,0.31,Pantanal,4.1
f7f61c7e-8043-3962-8ff2-4f7b8894bfde, -10.817920, -46.947040,2026-05-29 17:30:00,NPP-375,PONTE ALTA DO TOCANTINS,TOCANTINS,Brasil,1717909,17,33,5,0.0,1.0,Cerrado,49.5
1dff3f38-4650-351c-be44-8a1132f342fa, -11.598520, -55.334770,2026-05-29 17:30:00,NPP-375,SINOP,MATO GROSSO,Brasil,5107909,51,33,12,0.0,0.32,Amazônia,5.2
0f92ee03-24d9-3c5d-add1-9856da9b003d, -10.834780, -46.909230,2026-05-29 17:30:00,NPP-375,PONTE ALTA DO TOCANTINS,TOCANTINS,Brasil,1717909,17,33,6,0.0,0.98,Cerrado,6.2
86dbde03-d24f-3cff-b164-2caaf1e7e5b5, -12.598900, -49.022580,2026-05-29 17:30:00,NPP-375,TALISMÃ,TOCANTINS,Brasil,1720978,17,33,6,0.0,1.0,Cerrado,5.0
23eb1856-be87-3b47-bd60-2cdfac79758b, -12.759310, -49.321150,2026-05-29 17:30:00,NPP-375,TALISMÃ,TOCANTINS,Brasil,1720978,17,33,6,0.0,0.99,Cerrado,6.8
c54d15a6-fcdc-3277-bc63-df485c8435aa, -11.059400, -49.701440,2026-05-29 17:30:00,NPP-375,SANTA RITA DO TOCANTINS,TOCANTINS,Brasil,1718899,17,33,25,0.0,0.85,Cerrado,5.5
3f637bac-917f-35a6-a1c2-68725857296a, -12.557270, -54.617730,2026-05-29 17:30:00,NPP-375,NOVA UBIRATÃ,MATO GROSSO,Brasil,5106240,51,33,13,1.16,0.24,Amazônia,6.5
fe8b6916-dfb2-3d76-8478-446035477e52, -11.742120, -54.792080,2026-05-29 17:30:00,NPP-375,CLÁUDIA,MATO GROSSO,Brasil,5103056,51,33,13,0.0,0.31,Amazônia,11.8
8f97a9ed-4ffe-38d9-9b3e-156578d11223, -10.589690, -50.087020,2026-05-29 17:30:00,NPP-375,PIUM,TOCANTINS,Brasil,1717503,17,33,21,0.0,1.0,Cerrado,5.9
c8c8269d-d463-307e-8b6b-09562fef519c, -13.116200, -51.723880,2026-05-29 17:30:00,NPP-375,RIBEIRÃO CASCALHEIRA,MATO GROSSO,Brasil,5107180,51,33,10,0.0,0.84,Cerrado,8.8
c9a50777-2478-331a-be6e-aa821c3c70ed, -11.908790, -43.845160,2026-05-29 17:30:00,NPP-375,WANDERLEY,BAHIA,Brasil,2933455,29,33,2,0.0,0.97,Cerrado,15.7
866ab106-1998-3d8e-8772-31780460d6d1, -10.214330, -46.476640,2026-05-29 17:30:00,NPP-375,MATEIROS,TOCANTINS,Brasil,1712702,17,33,27,0.0,1.0,Cerrado,6.4
54c8ad99-9697-32ef-8717-edf9103cbc36, -11.337670, -53.942520,2026-05-29 17:30:00,NPP-375,UNIÃO DO SUL,MATO GROSSO,Brasil,5108303,51,33,30,0.0,0.29,Amazônia,5.4
820d58f9-d37a-3fd6-bc1e-39a10100282f, -10.816760, -46.933700,2026-05-29 17:30:00,NPP-375,PONTE ALTA DO TOCANTINS,TOCANTINS,Brasil,1717909,17,33,6,0.0,0.97,Cerrado,5.1
a7706230-5c08-3034-bef7-9feb6f35290a, -16.163390, -58.492070,2026-05-29 17:30:00,NPP-375,CÁCERES,MATO GROSSO,Brasil,5102504,51,33,10,0.0,0.55,Pantanal,5.2
7402f337-1149-30ea-bcfb-b8e42ef5ca0a, -10.384530, -49.801000,2026-05-29 17:30:00,NPP-375,PIUM,TOCANTINS,Brasil,1717503,17,33,28,0.0,1.0,Cerrado,20.1
627f58fb-f240-3aa0-96fd-c413122ae433, -10.814140, -46.951930,2026-05-29 17:30:00,NPP-375,PONTE ALTA DO TOCANTINS,TOCANTINS,Brasil,1717909,17,33,6,0.0,1.0,Cerrado,53.4
ed73885b-eb49-3777-a099-4ddf162024d0, -10.835580, -46.913320,2026-05-29 17:30:00,NPP-375,PONTE ALTA DO TOCANTINS,TOCANTINS,Brasil,1717909,17,33,6,0.0,0.98,Cerrado,6.2
f0a63959-d17d-3f5f-b36e-5de9971d4469, -11.560050, -54.584120,2026-05-29 17:30:00,NPP-375,UNIÃO DO SUL,MATO GROSSO,Brasil,5108303,51,33,13,0.0,0.28,Amazônia,46.3
b97ae059-ba40-3768-a970-1827e7935eb5, -11.465850, -46.706800,2026-05-29 17:30:00,NPP-375,RIO DA CONCEIÇÃO,TOCANTINS,Brasil,1718659,17,33,3,0.0,0.65,Cerrado,1.0
963cfa3b-3925-349b-ad6d-39c3962e4cb7, -13.180380, -52.703820,2026-05-29 17:30:00,NPP-375,CANARANA,MATO GROSSO,Brasil,5102702,51,33,28,0.0,0.5,Amazônia,8.1
a4fd5f55-da06-3edd-8f8c-f78396cfe1bd, -10.293840, -46.918350,2026-05-29 17:30:00,NPP-375,MATEIROS,TOCANTINS,Brasil,1712702,17,33,23,0.0,1.0,Cerrado,15.9
65268f73-4df9-3934-adbc-f62057dd93c0, -15.233930, -48.564940,2026-05-29 17:30:00,NPP-375,PADRE BERNARDO,GOIÁS,Brasil,5215603,52,33,6,0.0,0.72,Cerrado,14.1
0a2f6b84-e711-325f-90e3-ce7cfc9ebd0a, -11.740750, -43.560570,2026-05-29 17:30:00,NPP-375,BARRA,BAHIA,Brasil,2902708,29,33,7,0.0,1.0,Cerrado,6.5
f95a7b1d-ac28-3d92-a785-48ee4de101e2, -12.086780, -48.201730,2026-05-29 17:30:00,NPP-375,PEIXE,TOCANTINS,Brasil,1716604,17,33,6,0.0,0.73,Cerrado,10.4
e8aaaa4e-a362-3a38-b38f-6a9c052ee44f, -10.000580, -46.382640,2026-05-29 17:30:00,NPP-375,ALTO PARNAÍBA,MARANHÃO,Brasil,2100501,21,33,7,0.0,0.97,Cerrado,5.1
68af5080-90ec-3806-b1a1-703f815913f1, -14.235110, -58.866640,2026-05-29 17:30:00,NPP-375,TANGARÁ DA SERRA,MATO GROSSO,Brasil,5107958,51,33,11,0.9,0.76,Cerrado,25.2
621889a9-e77b-31fb-b968-7a120b02f7e0, -11.516460, -56.115840,2026-05-29 17:30:00,NPP-375,TABAPORÃ,MATO GROSSO,Brasil,5107941,51,33,11,0.0,0.6,Amazônia,2.8
b809b53d-ffd0-35b3-b9a4-cba99cdf39eb, -11.601370, -55.330360,2026-05-29 17:30:00,NPP-375,SINOP,MATO GROSSO,Brasil,5107909,51,33,12,0.0,0.32,Amazônia,15.1
dad46e7b-09ff-3061-a049-6febce22aaf7, -11.955190, -47.890370,2026-05-29 17:30:00,NPP-375,SÃO VALÉRIO,TOCANTINS,Brasil,1720499,17,33,6,0.0,0.84,Cerrado,4.4
a28bbf14-4c9a-31f4-9c37-7d2ede34b6a6, -14.233410, -58.868190,2026-05-29 17:30:00,NPP-375,TANGARÁ DA SERRA,MATO GROSSO,Brasil,5107958,51,33,11,0.9,0.75,Cerrado,20.2
7b48fa3f-37a0-30e9-a1cb-2cabc9f4dbd8, -12.342030, -53.203580,2026-05-29 17:30:00,NPP-375,GAÚCHA DO NORTE,MATO GROSSO,Brasil,5103858,51,33,31,0.0,0.9,Amazônia,5.5
8a6f6320-ed24-3359-9001-5c52b26a632f, -14.235670, -58.870480,2026-05-29 17:30:00,NPP-375,TANGARÁ DA SERRA,MATO GROSSO,Brasil,5107958,51,33,11,0.89,0.75,Cerrado,12.2
8578d3d7-dbcb-30e7-a8f4-ed70c0de282a, -14.156130, -47.768110,2026-05-29 17:30:00,NPP-375,ALTO PARAÍSO DE GOIÁS,GOIÁS,Brasil,5200605,52,33,4,0.0,0.84,Cerrado,3.4
51f6410e-b746-3e85-b48b-6771d17ffa9c, -10.643310, -49.730950,2026-05-29 17:30:00,NPP-375,LAGOA DA CONFUSÃO,TOCANTINS,Brasil,1711902,17,33,27,0.0,1.0,Cerrado,10.2
5cebb5f7-1846-3435-8762-27e7fae9612c, -10.962280, -48.321160,2026-05-29 17:30:00,NPP-375,PORTO NACIONAL,TOCANTINS,Brasil,1718204,17,33,6,0.0,0.56,Cerrado,2.5
45b67f75-c953-3ce9-b834-a95a4e71c652, -12.377030, -43.290010,2026-05-29 17:30:00,NPP-375,MUQUÉM DO SÃO FRANCISCO,BAHIA,Brasil,2922250,29,33,6,0.0,1.0,Cerrado,15.6
c19b5a0c-0044-3c6d-99d9-d963416c4b6f, -15.772190, -58.663960,2026-05-29 17:30:00,NPP-375,PORTO ESPERIDIÃO,MATO GROSSO,Brasil,5106828,51,33,10,0.0,1.0,Pantanal,4.2
2c8f7e32-555a-333a-996f-5047c20bb635, -10.979930, -45.102520,2026-05-29 17:30:00,NPP-375,FORMOSA DO RIO PRETO,BAHIA,Brasil,2911105,29,33,33,0.0,1.0,Cerrado,7.0
3c9f9cb2-7ba0-38d1-840d-d77be2ddde7e, -11.744990, -54.787450,2026-05-29 17:30:00,NPP-375,CLÁUDIA,MATO GROSSO,Brasil,5103056,51,33,13,0.0,0.31,Amazônia,7.4
a1055aa0-9f84-336a-8869-27ed8c4bcde2, -12.249140, -53.586920,2026-05-29 17:30:00,NPP-375,GAÚCHA DO NORTE,MATO GROSSO,Brasil,5103858,51,33,25,0.1,0.6,Amazônia,32.3
5adc657c-eeac-33a6-980a-fc6cb0008d38, -10.823720, -46.945770,2026-05-29 17:30:00,NPP-375,PONTE ALTA DO TOCANTINS,TOCANTINS,Brasil,1717909,17,33,6,0.0,0.99,Cerrado,9.9
23ba2992-c480-3a57-8ae0-d2c82bcef65a,  -9.999590, -46.377560,2026-05-29 17:30:00,NPP-375,ALTO PARNAÍBA,MARANHÃO,Brasil,2100501,21,33,7,0.0,0.92,Cerrado,5.9
8c63a7d2-fa55-37bb-b26f-2dfdec26bb4d,  -9.992000, -46.403950,2026-05-29 17:30:00,NPP-375,ALTO PARNAÍBA,MARANHÃO,Brasil,2100501,21,33,9,0.0,1.0,Cerrado,5.4
7ad5bf32-1a36-30d4-8112-23df17b0a4d4, -11.116220, -47.308260,2026-05-29 17:30:00,NPP-375,ALMAS,TOCANTINS,Brasil,1700400,17,33,6,0.0,0.69,Cerrado,4.2
4e28da9b-1d4c-33d3-960b-d57f3667f39b, -12.246180, -53.592020,2026-05-29 17:30:00,NPP-375,GAÚCHA DO NORTE,MATO GROSSO,Brasil,5103858,51,33,24,0.1,0.77,Amazônia,32.3
4bb5081d-bc2e-31d2-80cf-1e75b43991be, -11.470920, -46.701600,2026-05-29 17:30:00,NPP-375,DIANÓPOLIS,TOCANTINS,Brasil,1707009,17,33,3,0.0,0.75,Cerrado,4.8
cd4db51b-0939-385c-bc53-cfde9d7ace9a, -10.508570, -48.099190,2026-05-29 17:30:00,NPP-375,MONTE DO CARMO,TOCANTINS,Brasil,1713601,17,33,11,0.0,0.58,Cerrado,13.4
df057b59-f85a-3961-abae-bba01a1402f8, -11.596000, -47.439460,2026-05-29 17:30:00,NPP-375,NATIVIDADE,TOCANTINS,Brasil,1714203,17,33,6,0.0,0.31,Cerrado,12.8
ec2a0845-6168-3454-9545-1fd6a3329870, -16.166850, -58.491540,2026-05-29 17:30:00,NPP-375,CÁCERES,MATO GROSSO,Brasil,5102504,51,33,10,0.0,0.54,Pantanal,5.2
1bc534ee-3e28-3d58-8526-bae9e8c25e5f, -11.340190, -49.632710,2026-05-29 17:30:00,NPP-375,DUERÉ,TOCANTINS,Brasil,1707306,17,33,7,0.0,0.8,Cerrado,8.7
83af7783-646c-325b-a058-ce445b16d2fb, -11.907990, -43.842960,2026-05-29 17:30:00,NPP-375,WANDERLEY,BAHIA,Brasil,2933455,29,33,2,0.0,0.98,Cerrado,23.4
19bd787b-c45a-38fe-a81c-7dc50f9b4ebf, -10.633530, -49.732730,2026-05-29 17:30:00,NPP-375,LAGOA DA CONFUSÃO,TOCANTINS,Brasil,1711902,17,33,25,0.0,0.77,Cerrado,6.3
cbf6ffe8-5e6b-3401-8f32-27e79e4f6886, -14.005470, -45.184090,2026-05-29 17:30:00,NPP-375,JABORANDI,BAHIA,Brasil,2917359,29,33,6,0.1,1.0,Cerrado,0.5
f198da5e-b1ec-300b-9537-f40230442d56, -15.235020, -48.570520,2026-05-29 17:30:00,NPP-375,VILA PROPÍCIO,GOIÁS,Brasil,5222302,52,33,6,0.0,0.42,Cerrado,14.1
0125e58f-b45d-3992-a220-8055aa88b38c, -12.092040, -48.200690,2026-05-29 17:30:00,NPP-375,PEIXE,TOCANTINS,Brasil,1716604,17,33,6,0.0,0.74,Cerrado,21.5
be5be641-e1a7-3ed0-8737-62e07141424a, -10.812150, -46.948530,2026-05-29 17:30:00,NPP-375,PONTE ALTA DO TOCANTINS,TOCANTINS,Brasil,1717909,17,33,6,0.0,1.0,Cerrado,49.5
8cca891c-245e-320d-af82-a5fa27a113c5, -14.334510, -58.836980,2026-05-29 17:30:00,NPP-375,TANGARÁ DA SERRA,MATO GROSSO,Brasil,5107958,51,33,11,1.0,0.72,Cerrado,6.4
f0455556-1b90-385c-8b37-aad6b96188c0, -11.906630, -43.836510,2026-05-29 17:30:00,NPP-375,WANDERLEY,BAHIA,Brasil,2933455,29,33,2,0.0,0.97,Cerrado,29.3
34eaee63-15c3-334e-8857-adbb53af859e, -10.821540, -49.244390,2026-05-29 17:30:00,NPP-375,SANTA RITA DO TOCANTINS,TOCANTINS,Brasil,1718899,17,33,19,0.0,0.7,Cerrado,3.2
d8a2d09a-d509-3126-b2e5-280294305716, -11.331670, -46.792980,2026-05-29 17:30:00,NPP-375,RIO DA CONCEIÇÃO,TOCANTINS,Brasil,1718659,17,33,5,0.0,0.83,Cerrado,8.3
8beb1106-079f-36e9-8bd9-55c8d1d1d269, -14.231660, -58.867160,2026-05-29 17:30:00,NPP-375,TANGARÁ DA SERRA,MATO GROSSO,Brasil,5107958,51,33,11,0.9,0.75,Cerrado,25.2
3fe564da-3c5c-386f-a662-ee286b3762bd, -11.562950, -54.579420,2026-05-29 17:30:00,NPP-375,UNIÃO DO SUL,MATO GROSSO,Brasil,5108303,51,33,13,0.0,0.29,Amazônia,46.3
dc553da2-0155-3b08-91af-9dfc3ad44332, -10.383500, -49.804630,2026-05-29 17:30:00,NPP-375,PIUM,TOCANTINS,Brasil,1717503,17,33,28,0.0,1.0,Cerrado,13.9
e005f31e-4fbb-3274-b52f-ec37fccbd515, -11.946600, -46.750040,2026-05-29 17:30:00,NPP-375,NOVO JARDIM,TOCANTINS,Brasil,1715259,17,33,0,0.0,0.76,Cerrado,9.8
b420021a-0543-37fe-b0ff-46467ded8540, -11.609760, -54.185010,2026-05-29 17:30:00,NPP-375,UNIÃO DO SUL,MATO GROSSO,Brasil,5108303,51,33,13,0.0,0.3,Amazônia,5.2
6f3a0a5e-0e11-39b3-adfb-fcf620e82818, -14.236310, -58.863830,2026-05-29 17:30:00,NPP-375,TANGARÁ DA SERRA,MATO GROSSO,Brasil,5107958,51,33,11,0.89,0.76,Cerrado,20.2
1516be74-0aae-3481-aa6f-1f74f6050f9b, -10.670130, -49.700500,2026-05-29 17:30:00,NPP-375,LAGOA DA CONFUSÃO,TOCANTINS,Brasil,1711902,17,33,29,0.0,0.9,Cerrado,18.0
9302de5a-438c-3e2c-a364-c833326936d3, -11.559380, -54.580030,2026-05-29 17:30:00,NPP-375,UNIÃO DO SUL,MATO GROSSO,Brasil,5108303,51,33,13,0.0,0.28,Amazônia,46.3
ec714d42-0845-3b29-a4f2-50559f5b1415, -13.519140, -50.941430,2026-05-29 17:30:00,NPP-375,COCALINHO,MATO GROSSO,Brasil,5103106,51,33,6,0.0,0.88,Cerrado,10.9
3b3203f4-1fa9-3882-b6b1-07aea24cdefa, -11.729300, -54.802450,2026-05-29 17:30:00,NPP-375,CLÁUDIA,MATO GROSSO,Brasil,5103056,51,33,13,0.0,0.31,Amazônia,7.9
d7200810-a663-3bff-92d0-4e39e18149ff, -12.566770, -49.379090,2026-05-29 17:30:00,NPP-375,ARAGUAÇU,TOCANTINS,Brasil,1702000,17,33,6,0.0,0.84,Cerrado,16.6
b4ea98b0-f488-36b1-84dc-8f0f88bc9586, -11.972750, -47.894470,2026-05-29 17:30:00,NPP-375,SÃO VALÉRIO,TOCANTINS,Brasil,1720499,17,33,6,0.0,0.84,Cerrado,5.6
a7491b2a-1294-31db-aed2-c05d71f1bf8d, -11.602300, -47.442090,2026-05-29 17:30:00,NPP-375,NATIVIDADE,TOCANTINS,Brasil,1714203,17,33,6,0.0,0.38,Cerrado,2.2
4fb34e0e-bd03-357b-8970-bf152cffe448, -10.837190, -46.921630,2026-05-29 17:30:00,NPP-375,PONTE ALTA DO TOCANTINS,TOCANTINS,Brasil,1717909,17,33,6,0.0,0.99,Cerrado,7.2
6f542f9e-0e64-39da-a66d-ab7ea87be506, -10.637430, -49.726340,2026-05-29 17:30:00,NPP-375,LAGOA DA CONFUSÃO,TOCANTINS,Brasil,1711902,17,33,26,0.0,0.83,Cerrado,14.7
52148499-ad48-3c0b-b47e-8b9fe73ded49, -13.266790, -43.386660,2026-05-29 17:30:00,NPP-375,BOM JESUS DA LAPA,BAHIA,Brasil,2903904,29,33,23,0.0,1.0,Caatinga,7.9
6f81305c-916a-3d1f-abba-cbf6d2f8aa6c, -11.972070, -47.890980,2026-05-29 17:30:00,NPP-375,SÃO VALÉRIO,TOCANTINS,Brasil,1720499,17,33,6,0.0,0.84,Cerrado,6.6
565c5a9f-1b13-38b4-a5e6-285c42140b87, -10.836380, -46.917450,2026-05-29 17:30:00,NPP-375,PONTE ALTA DO TOCANTINS,TOCANTINS,Brasil,1717909,17,33,6,0.0,0.98,Cerrado,7.2
6c183791-9f2c-3eec-b3d4-60b79bf99f92, -11.752150, -46.648120,2026-05-29 17:30:00,NPP-375,NOVO JARDIM,TOCANTINS,Brasil,1715259,17,33,5,0.0,0.84,Cerrado,15.1
2ecf6c7e-9c8a-3c64-be52-ea574ebce5e6, -14.337040, -58.836610,2026-05-29 17:30:00,NPP-375,TANGARÁ DA SERRA,MATO GROSSO,Brasil,5107958,51,33,11,1.0,0.72,Cerrado,3.0
3acde747-3fbe-3ff1-9834-b91f233c5a4b, -10.812930, -46.952510,2026-05-29 17:30:00,NPP-375,PONTE ALTA DO TOCANTINS,TOCANTINS,Brasil,1717909,17,33,6,0.0,1.0,Cerrado,49.5
ccaca835-b677-31e2-bd67-426e7afd1f66, -10.985620, -45.099750,2026-05-29 17:30:00,NPP-375,FORMOSA DO RIO PRETO,BAHIA,Brasil,2911105,29,33,33,0.0,1.0,Cerrado,7.7
a99e039b-f7b7-3f44-9027-60db5a0baa75, -10.817100, -46.942860,2026-05-29 17:30:00,NPP-375,PONTE ALTA DO TOCANTINS,TOCANTINS,Brasil,1717909,17,33,6,0.0,1.0,Cerrado,21.8
37f11dcf-858e-3406-a96c-19ec25f9807e, -15.622530, -56.188040,2026-05-29 17:30:00,NPP-375,VÁRZEA GRANDE,MATO GROSSO,Brasil,5108402,51,33,8,0.0,-999.0,Cerrado,3.4
6df52d90-3924-3bc6-9cc5-09aa2d17cf00, -14.236850, -58.867670,2026-05-29 17:30:00,NPP-375,TANGARÁ DA SERRA,MATO GROSSO,Brasil,5107958,51,33,11,0.88,0.76,Cerrado,20.2
e3052f84-395b-3e7a-91f5-bda51577d61e, -11.454600, -55.112040,2026-05-29 17:30:00,NPP-375,CLÁUDIA,MATO GROSSO,Brasil,5103056,51,33,13,0.0,0.38,Amazônia,9.2
5fc367cb-7dfb-3b9f-9bc8-0740a2db6b3c, -10.829690, -46.914220,2026-05-29 17:30:00,NPP-375,PONTE ALTA DO TOCANTINS,TOCANTINS,Brasil,1717909,17,33,6,0.0,0.99,Cerrado,6.2
e21dfe85-95e3-38e1-817e-900f69e6868d, -12.761440, -49.323570,2026-05-29 17:30:00,NPP-375,TALISMÃ,TOCANTINS,Brasil,1720978,17,33,6,0.0,0.97,Cerrado,5.3
f761feca-0451-3ef8-9ae3-943bf53e7997, -14.343930, -58.835560,2026-05-29 17:30:00,NPP-375,TANGARÁ DA SERRA,MATO GROSSO,Brasil,5107958,51,33,11,1.0,0.72,Cerrado,4.1
0929b58c-ee88-3c80-a624-05a3aa524a41, -10.263370, -47.012470,2026-05-29 17:30:00,NPP-375,NOVO ACORDO,TOCANTINS,Brasil,1715101,17,33,31,0.0,1.0,Cerrado,6.8
364ff30c-ba33-385e-b367-9f0cd6f476dc, -10.705430, -49.909850,2026-05-29 17:30:00,NPP-375,LAGOA DA CONFUSÃO,TOCANTINS,Brasil,1711902,17,33,21,0.0,1.0,Cerrado,34.1
8684b88d-71c0-3637-8e0b-64c1c542897f, -11.469280, -46.693170,2026-05-29 17:30:00,NPP-375,DIANÓPOLIS,TOCANTINS,Brasil,1707009,17,33,3,0.0,0.8,Cerrado,5.3
051c5996-8dce-3e5e-937b-f3a350505f9e, -10.753760, -49.936610,2026-05-29 17:30:00,NPP-375,LAGOA DA CONFUSÃO,TOCANTINS,Brasil,1711902,17,33,20,0.0,0.95,Cerrado,28.2
f80af994-f3ca-319b-9e0c-b3057ee9e6fa, -10.964470, -48.321300,2026-05-29 17:30:00,NPP-375,PORTO NACIONAL,TOCANTINS,Brasil,1718204,17,33,6,0.0,0.55,Cerrado,2.7
72d5600b-8186-3387-a241-2a8011e21c30, -10.264190, -47.016640,2026-05-29 17:30:00,NPP-375,NOVO ACORDO,TOCANTINS,Brasil,1715101,17,33,32,0.0,1.0,Cerrado,6.8
77dc1a9d-aa2e-3181-a502-5fe119cd9fc1, -10.666290, -48.361750,2026-05-29 17:30:00,NPP-375,PORTO NACIONAL,TOCANTINS,Brasil,1718204,17,33,6,0.0,0.94,Cerrado,4.8
e05972d8-0531-33ba-9304-69097b3ca0a4, -11.345040, -49.631810,2026-05-29 17:30:00,NPP-375,DUERÉ,TOCANTINS,Brasil,1707306,17,33,7,0.0,1.0,Cerrado,15.0
b2cefedb-3d80-3070-bcd5-0616b152160f, -10.727260, -49.035580,2026-05-29 17:30:00,NPP-375,CRISTALÂNDIA,TOCANTINS,Brasil,1706100,17,33,26,0.0,0.66,Cerrado,2.5
d875eabe-a2fc-35e0-818c-1bba31c8a6f6, -13.267380, -43.383870,2026-05-29 17:30:00,NPP-375,BOM JESUS DA LAPA,BAHIA,Brasil,2903904,29,33,24,0.0,1.0,Caatinga,12.6
8e044bd6-776c-304c-a93e-c3f0167ad13b, -13.273690, -43.385240,2026-05-29 17:30:00,NPP-375,BOM JESUS DA LAPA,BAHIA,Brasil,2903904,29,33,22,0.0,1.0,Caatinga,7.9
04f6829b-9afb-3999-97e2-e90282396f3e, -16.175540, -58.478260,2026-05-29 17:30:00,NPP-375,CÁCERES,MATO GROSSO,Brasil,5102504,51,33,10,0.0,0.34,Pantanal,7.5
7967eecf-d869-36e8-888d-200e6b45441b, -13.519890, -50.945570,2026-05-29 17:30:00,NPP-375,COCALINHO,MATO GROSSO,Brasil,5103106,51,33,6,0.0,0.86,Cerrado,4.6
eabe6dd1-0871-30e2-8c51-1be585e1bae0, -11.985930, -49.692790,2026-05-29 17:30:00,NPP-375,FORMOSO DO ARAGUAIA,TOCANTINS,Brasil,1708205,17,33,6,0.0,0.92,Cerrado,14.8
d2df3115-fa89-33e5-86e8-faca8d81a123, -12.760330, -49.326510,2026-05-29 17:30:00,NPP-375,TALISMÃ,TOCANTINS,Brasil,1720978,17,33,6,0.0,0.96,Cerrado,5.1
487d0950-f440-33e1-bb29-fc53a9def1de, -12.564090, -49.378740,2026-05-29 17:30:00,NPP-375,ARAGUAÇU,TOCANTINS,Brasil,1702000,17,33,6,0.0,0.83,Cerrado,12.6
3a9751b3-14d5-3357-8c1a-a60f012c5ae2, -16.174980, -58.474360,2026-05-29 17:30:00,NPP-375,CÁCERES,MATO GROSSO,Brasil,5102504,51,33,11,0.0,0.31,Pantanal,4.1
9512ccdc-1843-33c9-811d-265b5909d20f, -12.764150, -49.320240,2026-05-29 17:30:00,NPP-375,TALISMÃ,TOCANTINS,Brasil,1720978,17,33,6,0.0,1.0,Cerrado,6.8
56bef8a6-3f44-3902-9301-649a460954f4,  -8.835010, -46.715020,2026-05-29 17:32:00,NPP-375,BALSAS,MARANHÃO,Brasil,2101400,21,33,37,0.0,0.92,Cerrado,8.4
91541d9d-be05-30ca-beec-4f8ccf38292e,  -8.530210, -49.304310,2026-05-29 17:32:00,NPP-375,COUTO MAGALHÃES,TOCANTINS,Brasil,1706001,17,33,15,0.0,1.0,Cerrado,6.6
f5863ea2-efb9-3e36-8629-82a9410808f7,  -8.392310, -54.729880,2026-05-29 17:32:00,NPP-375,ALTAMIRA,PARÁ,Brasil,1500602,15,33,11,0.0,1.0,Amazônia,8.0
216d961c-6f44-3d9a-8292-df2d0e9ec6cd,  -3.809760, -50.309150,2026-05-29 17:32:00,NPP-375,PACAJÁ,PARÁ,Brasil,1505486,15,33,8,0.3,0.48,Amazônia,6.3
bb2d4bc7-c122-38e1-9013-0354e9919d4a, -10.390000, -52.530920,2026-05-29 17:32:00,NPP-375,SÃO JOSÉ DO XINGU,MATO GROSSO,Brasil,5107354,51,33,13,0.0,1.0,Amazônia,7.2
2a435df9-c820-348c-9425-c628f384df9b,  -7.990520, -46.810000,2026-05-29 17:32:00,NPP-375,CAMPOS LINDOS,TOCANTINS,Brasil,1703842,17,33,18,0.0,0.9,Cerrado,4.8
700ddf46-059a-324c-b903-ebfb9b3f28f7,  -8.834110, -46.710190,2026-05-29 17:32:00,NPP-375,BALSAS,MARANHÃO,Brasil,2101400,21,33,36,0.0,0.85,Cerrado,7.9
83599501-6194-31a5-8cb0-37a2b95612de,  -9.248870, -60.333960,2026-05-29 17:32:00,NPP-375,COLNIZA,MATO GROSSO,Brasil,5103254,51,33,11,0.0,-999.0,Amazônia,17.3
f5bc4eae-7d37-34e8-942c-b86db76c4f89,  -6.287730, -45.456370,2026-05-29 17:32:00,NPP-375,FERNANDO FALCÃO,MARANHÃO,Brasil,2104081,21,33,11,0.0,0.9,Cerrado,7.4
3bf5fd5e-edff-3cf7-9d32-7f12e86b4326, -10.305230, -55.103840,2026-05-29 17:32:00,NPP-375,TERRA NOVA DO NORTE,MATO GROSSO,Brasil,5108055,51,33,13,0.0,1.0,Amazônia,4.8
b034da9a-eda0-315c-a68b-d0b9bed1c74c,  -6.681630, -47.994960,2026-05-29 17:32:00,NPP-375,DARCINÓPOLIS,TOCANTINS,Brasil,1706506,17,33,13,0.0,0.7,Cerrado,4.2
956592ad-8222-3f4e-9448-642471a9a1a8,  -6.984610, -50.459930,2026-05-29 17:32:00,NPP-375,ÁGUA AZUL DO NORTE,PARÁ,Brasil,1500347,15,33,13,0.0,0.74,Amazônia,18.3
3345a75c-c07f-3465-a1cb-11c8c29601f5,  -7.449710, -47.704130,2026-05-29 17:32:00,NPP-375,FILADÉLFIA,TOCANTINS,Brasil,1707702,17,33,13,0.0,0.72,Cerrado,4.3
e54d847e-219e-3982-991b-0aab5f23a1dc,  -8.413770, -49.080600,2026-05-29 17:32:00,NPP-375,COUTO MAGALHÃES,TOCANTINS,Brasil,1706001,17,33,13,0.0,0.91,Cerrado,2.5
ed68e288-e6c8-37e4-9cc1-cb00f77bda59, -10.144610, -52.131000,2026-05-29 17:32:00,NPP-375,SANTA CRUZ DO XINGU,MATO GROSSO,Brasil,5107743,51,33,11,0.0,0.35,Amazônia,3.0
862a88db-203e-3945-94a4-89bf62036524,  -7.167970, -46.994740,2026-05-29 17:32:00,NPP-375,CAROLINA,MARANHÃO,Brasil,2102804,21,33,13,0.0,0.9,Cerrado,5.5
3389f658-34f5-3df9-99cd-419710d9b04b,  -8.784490, -47.111640,2026-05-29 17:32:00,NPP-375,RECURSOLÂNDIA,TOCANTINS,Brasil,1718501,17,33,24,0.0,0.42,Cerrado,3.9
bd48e730-934c-3054-9f98-cfe86fc116ed,  -8.847250, -46.712670,2026-05-29 17:32:00,NPP-375,BALSAS,MARANHÃO,Brasil,2101400,21,33,37,0.0,0.83,Cerrado,25.0
39ef9d95-2565-34b6-96cc-7f0b17553ed5,  -7.167100, -46.990070,2026-05-29 17:32:00,NPP-375,CAROLINA,MARANHÃO,Brasil,2102804,21,33,13,0.0,0.89,Cerrado,5.5
e3d37013-a836-3efb-a258-231f1cb82f02,  -7.139710, -47.316640,2026-05-29 17:32:00,NPP-375,CAROLINA,MARANHÃO,Brasil,2102804,21,33,11,0.0,0.73,Cerrado,4.6
f7e36c17-8f5b-3aa1-9019-fad43417ce52,  -5.766350, -61.217840,2026-05-29 17:32:00,NPP-375,MANICORÉ,AMAZONAS,Brasil,1302702,13,33,4,0.0,0.06,Amazônia,32.8
87dd78ef-578d-333d-8e3b-c773d2fad3e6, -10.877770, -53.737790,2026-05-29 17:32:00,NPP-375,MARCELÂNDIA,MATO GROSSO,Brasil,5105580,51,33,22,0.0,0.32,Amazônia,11.1
242c9ecc-51a0-3465-9b28-6783f8b4adee,  -9.542930, -48.024850,2026-05-29 17:32:00,NPP-375,TOCANTÍNIA,TOCANTINS,Brasil,1721109,17,33,15,0.0,0.77,Cerrado,7.0
3e6d8ba8-5adb-3246-a7b2-16b36a644f95,  -8.840250, -46.709080,2026-05-29 17:32:00,NPP-375,BALSAS,MARANHÃO,Brasil,2101400,21,33,37,0.0,0.84,Cerrado,65.3
c207944f-2a7b-3512-afd7-3787a5238000,  -9.759220, -48.060440,2026-05-29 17:32:00,NPP-375,TOCANTÍNIA,TOCANTINS,Brasil,1721109,17,33,16,0.0,0.73,Cerrado,6.9
3a53f735-c135-3d5d-b8d9-2a2996775274,  -8.451680, -46.686540,2026-05-29 17:32:00,NPP-375,BALSAS,MARANHÃO,Brasil,2101400,21,33,27,0.0,0.99,Cerrado,1.2
321fc3a9-1e06-3f50-9a00-c6b21fabbdce,  -8.395290, -54.724930,2026-05-29 17:32:00,NPP-375,ALTAMIRA,PARÁ,Brasil,1500602,15,33,11,0.0,0.99,Amazônia,7.6
49a802e7-aa58-3a2c-a331-e394a25aad48,  -8.387040, -47.586680,2026-05-29 17:32:00,NPP-375,GOIATINS,TOCANTINS,Brasil,1709005,17,33,15,0.0,0.73,Cerrado,6.7
e6a84b0f-dacd-3339-a500-caac79e00326, -10.817250, -56.598360,2026-05-29 17:32:00,NPP-375,TABAPORÃ,MATO GROSSO,Brasil,5107941,51,33,10,0.0,0.32,Amazônia,3.8
eeacab93-3728-35d7-a9f4-4d97817b7f2a,  -9.701290, -47.251980,2026-05-29 17:32:00,NPP-375,RIO SONO,TOCANTINS,Brasil,1718758,17,33,28,0.0,1.0,Cerrado,6.4
209a3431-5256-39a5-af14-ea53829af100,  -8.847520, -46.716090,2026-05-29 17:32:00,NPP-375,BALSAS,MARANHÃO,Brasil,2101400,21,33,37,0.0,0.83,Cerrado,15.0
c8447350-4b14-3df7-9d1f-97fb9c1dc775,  -9.157010, -46.853590,2026-05-29 17:32:00,NPP-375,LIZARDA,TOCANTINS,Brasil,1712405,17,33,34,0.0,1.0,Cerrado,2.9
9b4f04db-b70e-327f-8cd1-3f46bac901a4,  -7.712480, -55.380120,2026-05-29 17:32:00,NPP-375,NOVO PROGRESSO,PARÁ,Brasil,1505031,15,33,11,0.0,1.0,Amazônia,10.5
006a4f5a-f707-363a-b4d9-005aedbca9fb,  -8.848110, -46.717350,2026-05-29 17:32:00,NPP-375,BALSAS,MARANHÃO,Brasil,2101400,21,33,37,0.0,0.83,Cerrado,25.0
22a97d8c-72e1-35e1-82d5-224a9d6f1055,  -8.398990, -54.734040,2026-05-29 17:32:00,NPP-375,ALTAMIRA,PARÁ,Brasil,1500602,15,33,11,0.0,0.81,Amazônia,5.8
7fc34fe9-f5cc-304f-a360-9197add4fd09,  -8.393650, -47.589740,2026-05-29 17:32:00,NPP-375,GOIATINS,TOCANTINS,Brasil,1709005,17,33,15,0.0,0.74,Cerrado,2.9
0d88317d-6351-3a3a-9a58-ff7cbc6e7673, -11.637900, -58.244600,2026-05-29 17:32:00,NPP-375,BRASNORTE,MATO GROSSO,Brasil,5101902,51,33,9,2.26,0.88,Amazônia,3.9
5cced33f-33ff-3507-8bb9-95fce381fa5f,  -9.754360, -48.065080,2026-05-29 17:32:00,NPP-375,TOCANTÍNIA,TOCANTINS,Brasil,1721109,17,33,15,0.0,0.88,Cerrado,6.4
6327c99d-37cc-3b7d-98c4-cf0295d00481,  -9.539630, -48.249940,2026-05-29 17:32:00,NPP-375,TOCANTÍNIA,TOCANTINS,Brasil,1721109,17,33,7,0.0,0.78,Cerrado,3.8
ee7658e8-e44b-3141-99ce-103d32f27200,  -8.396690, -54.733650,2026-05-29 17:32:00,NPP-375,ALTAMIRA,PARÁ,Brasil,1500602,15,33,11,0.0,0.91,Amazônia,27.8
080eac18-4563-3e2b-bf76-0014717e68b6,  -8.783020, -47.112680,2026-05-29 17:32:00,NPP-375,RECURSOLÂNDIA,TOCANTINS,Brasil,1718501,17,33,23,0.0,0.52,Cerrado,3.5
386c77d1-da83-3291-bf10-3818487c04f8,  -8.841410, -46.717310,2026-05-29 17:32:00,NPP-375,BALSAS,MARANHÃO,Brasil,2101400,21,33,37,0.0,0.88,Cerrado,17.1
00dd2d35-794c-3847-96ac-8086e690f152,  -7.005120, -59.567090,2026-05-29 17:32:00,NPP-375,APUÍ,AMAZONAS,Brasil,1300144,13,33,4,0.0,0.11,Amazônia,4.2
761255bc-1986-378c-9c2f-fe73cc0277df,  -9.862070, -48.246930,2026-05-29 17:32:00,NPP-375,LAJEADO,TOCANTINS,Brasil,1712009,17,33,15,0.0,0.74,Cerrado,3.1
d3d9c7f2-6caa-3956-ae94-f3699a006830,  -5.908320, -45.052890,2026-05-29 17:32:00,NPP-375,FERNANDO FALCÃO,MARANHÃO,Brasil,2104081,21,33,8,0.0,0.87,Cerrado,4.3
2b3e16ee-e05f-3be3-a6be-57e3608aaabf,  -8.839580, -46.707740,2026-05-29 17:32:00,NPP-375,BALSAS,MARANHÃO,Brasil,2101400,21,33,37,0.0,0.85,Cerrado,24.7
dc35b6bd-a66a-3a5f-b96c-1252b69c38a3,  -6.682300, -47.998740,2026-05-29 17:32:00,NPP-375,DARCINÓPOLIS,TOCANTINS,Brasil,1706506,17,33,13,0.0,0.61,Cerrado,4.2
334050a9-a6c3-3252-80a1-76fb4fbd027f,  -8.388630, -54.730460,2026-05-29 17:32:00,NPP-375,ALTAMIRA,PARÁ,Brasil,1500602,15,33,11,0.0,1.0,Amazônia,8.0
63f03489-db4b-3073-bd69-afe6dbfc2196, -10.813890, -56.598890,2026-05-29 17:32:00,NPP-375,TABAPORÃ,MATO GROSSO,Brasil,5107941,51,33,10,0.0,0.32,Amazônia,3.8
d8c13396-7a25-3e10-9e18-318b7f926697,  -8.565260, -47.680500,2026-05-29 17:32:00,NPP-375,ITACAJÁ,TOCANTINS,Brasil,1710508,17,33,16,0.0,0.92,Cerrado,4.8
3b8ea716-9fe7-3328-9617-9fe1a52bfdb8,  -6.871710, -60.028130,2026-05-29 17:32:00,NPP-375,NOVO ARIPUANÃ,AMAZONAS,Brasil,1303304,13,33,8,0.0,0.14,Amazônia,1.9
aebd8b49-6f05-3226-acea-bca036b69f2c,  -7.989520, -46.811350,2026-05-29 17:32:00,NPP-375,CAMPOS LINDOS,TOCANTINS,Brasil,1703842,17,33,18,0.0,0.91,Cerrado,3.2
b7a613e2-eb1c-39a1-9e2a-18391323e8ab,  -6.288900, -45.462650,2026-05-29 17:32:00,NPP-375,FERNANDO FALCÃO,MARANHÃO,Brasil,2104081,21,33,11,0.0,0.93,Cerrado,7.4
10ab9051-4249-3758-add1-e2181fbafd30, -11.641250, -58.244080,2026-05-29 17:32:00,NPP-375,BRASNORTE,MATO GROSSO,Brasil,5101902,51,33,9,2.2,0.71,Amazônia,2.7
c6b8fb96-b4ef-3e73-a181-434590bcc73c, -10.140410, -52.131700,2026-05-29 17:32:00,NPP-375,SANTA CRUZ DO XINGU,MATO GROSSO,Brasil,5107743,51,33,11,0.0,0.35,Amazônia,15.4
01ca3beb-c30c-3afe-8ec9-66f9da0c2fc1,  -8.834370, -46.713650,2026-05-29 17:32:00,NPP-375,BALSAS,MARANHÃO,Brasil,2101400,21,33,36,0.0,0.9,Cerrado,24.7
802de9ae-93d3-3565-a816-cc9c89332d13,  -8.845700, -46.706600,2026-05-29 17:32:00,NPP-375,BALSAS,MARANHÃO,Brasil,2101400,21,33,37,0.0,0.83,Cerrado,27.3
1cac4ce2-8eba-35ad-94fa-70884f158ec6,  -8.019120, -55.516330,2026-05-29 17:32:00,NPP-375,NOVO PROGRESSO,PARÁ,Brasil,1505031,15,33,11,0.0,0.17,Amazônia,5.9
191565c5-a92f-3f64-a0b1-8c8d5e64fb8e,  -4.222550, -56.298530,2026-05-29 17:32:00,NPP-375,ITAITUBA,PARÁ,Brasil,1503606,15,33,3,0.0,0.06,Amazônia,3.2
787e5ac2-19ef-3a5c-b615-fe8c9ff59fd3,  -8.390910, -54.721150,2026-05-29 17:32:00,NPP-375,ALTAMIRA,PARÁ,Brasil,1500602,15,33,11,0.0,1.0,Amazônia,6.2
e5001f5a-c6c6-3fb5-97b3-9b041d290ef3,  -7.845660, -55.397160,2026-05-29 17:32:00,NPP-375,NOVO PROGRESSO,PARÁ,Brasil,1505031,15,33,11,0.0,0.96,Amazônia,12.0
4211e785-d00f-379d-b76a-8119585ea1e8,  -7.169390, -46.993470,2026-05-29 17:32:00,NPP-375,CAROLINA,MARANHÃO,Brasil,2102804,21,33,13,0.0,0.87,Cerrado,3.8
fda7bc16-70a1-3ebb-97db-a0ece77fc186,  -8.846370, -46.707880,2026-05-29 17:32:00,NPP-375,BALSAS,MARANHÃO,Brasil,2101400,21,33,37,0.0,0.83,Cerrado,65.3
a49fdc36-70b4-3d4a-9037-3bcbf9fcc569,  -5.766920, -61.221700,2026-05-29 17:32:00,NPP-375,MANICORÉ,AMAZONAS,Brasil,1302702,13,33,4,0.0,0.08,Amazônia,27.8
7efbabcb-8551-3f63-b540-867adf08bf96,  -7.139580, -47.316480,2026-05-29 17:32:00,NPP-375,CAROLINA,MARANHÃO,Brasil,2102804,21,33,11,0.0,0.73,Cerrado,4.0
b0939eb1-20f0-3d1f-b3fa-f28de89ff302,  -3.804490, -50.310120,2026-05-29 17:32:00,NPP-375,PACAJÁ,PARÁ,Brasil,1505486,15,33,8,0.3,0.46,Amazônia,5.8
7cd04c8c-d76c-3676-a144-b2877e96b00a, -10.130540, -52.401420,2026-05-29 17:32:00,NPP-375,SANTA CRUZ DO XINGU,MATO GROSSO,Brasil,5107743,51,33,12,0.0,0.96,Amazônia,5.1
03e83a06-ffe5-314e-ad0a-67ae99507cf1,  -8.565450, -47.680400,2026-05-29 17:32:00,NPP-375,ITACAJÁ,TOCANTINS,Brasil,1710508,17,33,16,0.0,0.92,Cerrado,5.0
3a7fd2b4-5eb0-3a2f-b6d5-98f37819ca04,  -8.393010, -54.734250,2026-05-29 17:32:00,NPP-375,ALTAMIRA,PARÁ,Brasil,1500602,15,33,11,0.0,1.0,Amazônia,5.9
b011bb3a-8145-327a-a415-c75d5c622155,  -9.527790, -57.376420,2026-05-29 17:32:00,NPP-375,APIACÁS,MATO GROSSO,Brasil,5100805,51,33,10,0.0,1.0,Amazônia,4.8
4cc4d8a7-3190-391e-bfb8-23aeb0f02798,  -9.758490, -48.056560,2026-05-29 17:32:00,NPP-375,TOCANTÍNIA,TOCANTINS,Brasil,1721109,17,33,16,0.0,0.75,Cerrado,4.1
137c2cea-344f-3540-8100-9787ecbdf87e,  -8.841140, -46.713890,2026-05-29 17:32:00,NPP-375,BALSAS,MARANHÃO,Brasil,2101400,21,33,37,0.0,0.86,Cerrado,25.0
93836c15-afd2-38a8-81bb-20880bea05d4, -10.503660, -57.610310,2026-05-29 17:32:00,NPP-375,JUARA,MATO GROSSO,Brasil,5105101,51,33,10,0.0,0.26,Amazônia,5.9
d0602357-1d07-330b-89f8-1a797897f19c,  -8.391610, -54.725510,2026-05-29 17:32:00,NPP-375,ALTAMIRA,PARÁ,Brasil,1500602,15,33,11,0.0,1.0,Amazônia,8.0
1f8a6d82-0544-3a86-8bb2-79b02d363ecf,  -4.220820, -56.301790,2026-05-29 17:32:00,NPP-375,ITAITUBA,PARÁ,Brasil,1503606,15,33,3,0.0,0.1,Amazônia,2.5
e95a3fc9-264f-3e5e-9bc7-4716b7f61915,  -7.845020, -55.393090,2026-05-29 17:32:00,NPP-375,NOVO PROGRESSO,PARÁ,Brasil,1505031,15,33,11,0.0,1.0,Amazônia,5.1
6c5e2185-3402-31e7-8c2a-071d663ba23f,  -6.174340, -52.512340,2026-05-29 17:32:00,NPP-375,SÃO FÉLIX DO XINGU,PARÁ,Brasil,1507300,15,33,6,0.0,0.37,Amazônia,9.3
2d3b4e43-952e-39b3-98c1-88486abcaa5b, -10.817810, -56.601950,2026-05-29 17:32:00,NPP-375,TABAPORÃ,MATO GROSSO,Brasil,5107941,51,33,10,0.0,0.32,Amazônia,3.8
1f2eef97-d9a7-3bf0-a2d9-52f53013c391,  -8.846620, -46.711400,2026-05-29 17:32:00,NPP-375,BALSAS,MARANHÃO,Brasil,2101400,21,33,37,0.0,0.83,Cerrado,27.3
e7d1dd4c-665f-315c-9892-0127c80cc699,  -9.539670, -48.250610,2026-05-29 17:32:00,NPP-375,TOCANTÍNIA,TOCANTINS,Brasil,1721109,17,33,7,0.0,0.78,Cerrado,5.3
5f1bb006-14a8-3ed5-9acc-12c0996773a3,  -8.617130, -47.833910,2026-05-29 17:32:00,NPP-375,ITACAJÁ,TOCANTINS,Brasil,1710508,17,33,15,0.0,0.73,Cerrado,3.6
b81a3ce9-c44f-3547-a702-677c8ca4e64e, -11.080810, -55.055580,2026-05-29 17:32:00,NPP-375,ITAÚBA,MATO GROSSO,Brasil,5104559,51,33,11,0.0,0.44,Amazônia,8.4
a556caf4-e82b-38d0-a284-020f4d2d70a4,  -4.183500, -55.701810,2026-05-29 17:32:00,NPP-375,RURÓPOLIS,PARÁ,Brasil,1506195,15,33,3,0.0,0.02,Amazônia,6.7
a8de9835-cfc9-3016-8578-bba1d6818789,  -9.220050, -60.797750,2026-05-29 17:32:00,NPP-375,COLNIZA,MATO GROSSO,Brasil,5103254,51,33,11,0.0,0.31,Amazônia,7.0
9e09bfc5-3e33-3ce1-8fc7-de62ce8bea4a,  -9.157490, -46.853060,2026-05-29 17:32:00,NPP-375,LIZARDA,TOCANTINS,Brasil,1712405,17,33,34,0.0,1.0,Cerrado,5.2
cf893a5b-d5a1-3169-8763-875b7cd33b1c,  -7.168530, -46.988710,2026-05-29 17:32:00,NPP-375,CAROLINA,MARANHÃO,Brasil,2102804,21,33,13,0.0,0.85,Cerrado,3.8
ad4f2437-f53c-3b11-9c04-add268e1a337,  -8.018470, -55.512330,2026-05-29 17:32:00,NPP-375,NOVO PROGRESSO,PARÁ,Brasil,1505031,15,33,11,0.0,0.17,Amazônia,5.9
72fc8f20-807d-325c-a4d8-a4c0e9cf2d0a,  -9.515590, -48.242770,2026-05-29 17:32:00,NPP-375,TOCANTÍNIA,TOCANTINS,Brasil,1721109,17,33,7,0.0,0.8,Cerrado,2.2
439f7876-196b-349c-9de6-93bd5d963ab7, -10.497010, -57.611340,2026-05-29 17:32:00,NPP-375,JUARA,MATO GROSSO,Brasil,5105101,51,33,10,0.0,0.26,Amazônia,44.6
8e5fe53c-c114-3ce5-a8ce-11ba05f48e1f,  -9.702090, -47.256120,2026-05-29 17:32:00,NPP-375,RIO SONO,TOCANTINS,Brasil,1718758,17,33,29,0.0,1.0,Cerrado,4.1
101d5cf4-da8b-37dc-875b-95751a7b473e, -11.076660, -55.052210,2026-05-29 17:32:00,NPP-375,ITAÚBA,MATO GROSSO,Brasil,5104559,51,33,11,0.0,0.41,Amazônia,6.1
30abf552-4a88-39d0-bee2-0493395a6600,  -7.828530, -63.324640,2026-05-29 17:32:00,NPP-375,HUMAITÁ,AMAZONAS,Brasil,1301704,13,33,10,0.0,0.51,Amazônia,5.7
7cdaa1d3-4058-3d12-8069-af4a6fd6cf48,  -9.862410, -48.248710,2026-05-29 17:32:00,NPP-375,LAJEADO,TOCANTINS,Brasil,1712009,17,33,15,0.0,0.74,Cerrado,5.3
1c587df1-fc50-33c5-a38d-f4a45fb7d0b7,  -7.144960, -47.311080,2026-05-29 17:32:00,NPP-375,CAROLINA,MARANHÃO,Brasil,2102804,21,33,11,0.0,0.73,Cerrado,4.6
7bd8b0da-5d23-3efb-ab09-f16e41b4a81a,  -5.483950, -60.608850,2026-05-29 17:32:00,NPP-375,NOVO ARIPUANÃ,AMAZONAS,Brasil,1303304,13,33,4,0.0,0.07,Amazônia,1.8
a228519d-9c5b-3b01-a861-5013391fb265, -10.499800, -57.607330,2026-05-29 17:32:00,NPP-375,JUARA,MATO GROSSO,Brasil,5105101,51,33,10,0.0,0.26,Amazônia,44.6
30afbe0c-b506-34a3-abd1-1d3325886638, -11.080170, -55.051620,2026-05-29 17:32:00,NPP-375,ITAÚBA,MATO GROSSO,Brasil,5104559,51,33,11,0.0,0.32,Amazônia,13.2
8fbeed35-e745-3cf4-aa66-130d1634ee8d,  -4.463550, -49.166470,2026-05-29 17:32:00,NPP-375,JACUNDÁ,PARÁ,Brasil,1503804,15,33,9,0.2,0.73,Amazônia,1.7
455719d6-e0a5-3065-b800-44866e353911,  -8.237790, -47.777080,2026-05-29 17:32:00,NPP-375,GOIATINS,TOCANTINS,Brasil,1709005,17,33,15,0.0,0.69,Cerrado,7.8
6763c736-f3cc-3c15-9114-c68c4328c20f,  -8.395990, -54.729290,2026-05-29 17:32:00,NPP-375,ALTAMIRA,PARÁ,Brasil,1500602,15,33,11,0.0,0.92,Amazônia,7.6
c0a12b87-eb98-32b3-8bac-01866cb69961,  -9.700500, -47.247810,2026-05-29 17:32:00,NPP-375,RIO SONO,TOCANTINS,Brasil,1718758,17,33,28,0.0,1.0,Cerrado,6.4
1fb8b39c-c92e-3c8c-acbd-8c40fa3edf4a,  -7.145800, -47.315650,2026-05-29 17:32:00,NPP-375,CAROLINA,MARANHÃO,Brasil,2102804,21,33,11,0.0,0.72,Cerrado,4.6
654a2aed-4e74-3118-96b1-49291f66cc7b,  -9.521090, -48.241760,2026-05-29 17:32:00,NPP-375,TOCANTÍNIA,TOCANTINS,Brasil,1721109,17,33,7,0.0,0.79,Cerrado,2.2
4d0c4c0a-597e-33c9-9a9f-366d7b05445c,  -6.663680, -47.536680,2026-05-29 17:32:00,NPP-375,PALMEIRAS DO TOCANTINS,TOCANTINS,Brasil,1713809,17,33,10,0.0,0.53,Cerrado,6.4
ffde865b-e3ea-3fb6-9268-07888fc583dd,  -8.009420, -55.501430,2026-05-29 17:32:00,NPP-375,NOVO PROGRESSO,PARÁ,Brasil,1505031,15,33,11,0.0,0.17,Amazônia,6.5
90f78c3d-34bc-3dfc-9ada-cb37e3b4a74f,  -9.721080, -50.418410,2026-05-29 17:32:00,NPP-375,SANTANA DO ARAGUAIA,PARÁ,Brasil,1506708,15,33,30,0.0,1.0,Amazônia,4.4
4f61fbd0-7aaf-3887-87ff-62ed710f3e76,  -6.390150, -51.614900,2026-05-29 17:32:00,NPP-375,SÃO FÉLIX DO XINGU,PARÁ,Brasil,1507300,15,33,12,0.0,1.0,Amazônia,7.0
e35fcda3-00f6-3518-b845-3b1b908cb423,  -8.386390, -46.877190,2026-05-29 17:32:00,NPP-375,CAMPOS LINDOS,TOCANTINS,Brasil,1703842,17,33,18,0.0,0.95,Cerrado,8.1
ad7198cd-bb14-3246-b51d-9ba3bb189465,  -6.429560, -50.210260,2026-05-29 17:32:00,NPP-375,CANAÃ DOS CARAJÁS,PARÁ,Brasil,1502152,15,33,14,0.0,1.0,Amazônia,3.5
31668cd3-7f09-368c-adff-17b97b9df6fd, -10.709240, -56.044940,2026-05-29 17:32:00,NPP-375,NOVA CANAÃ DO NORTE,MATO GROSSO,Brasil,5106216,51,33,11,0.0,0.32,Amazônia,4.8
a2a06cc4-5edb-3952-a93b-e552e5cbf054,  -6.389320, -51.610050,2026-05-29 17:32:00,NPP-375,SÃO FÉLIX DO XINGU,PARÁ,Brasil,1507300,15,33,12,0.0,1.0,Amazônia,7.0
cf5b42fa-9468-3944-9fc1-0fd4daaccc45,  -7.842080, -55.397740,2026-05-29 17:32:00,NPP-375,NOVO PROGRESSO,PARÁ,Brasil,1505031,15,33,11,0.0,1.0,Amazônia,4.7
6203d14c-2dc7-320c-b8dc-a57241e9e818,  -9.702880, -47.260240,2026-05-29 17:32:00,NPP-375,RIO SONO,TOCANTINS,Brasil,1718758,17,33,29,0.0,1.0,Cerrado,4.1
cdbd57c7-5ac7-3df3-88a6-5861c2332fac,  -8.731380, -48.316600,2026-05-29 17:32:00,NPP-375,GUARAÍ,TOCANTINS,Brasil,1709302,17,33,16,0.0,0.59,Cerrado,6.9
a6c14f3f-9e2b-3ed8-9d59-8cc45d391398,  -8.840500, -46.712590,2026-05-29 17:32:00,NPP-375,BALSAS,MARANHÃO,Brasil,2101400,21,33,37,0.0,0.85,Cerrado,24.7
ac85e470-63ec-34a8-a147-e6f1dcde6149,  -9.753670, -48.061390,2026-05-29 17:32:00,NPP-375,TOCANTÍNIA,TOCANTINS,Brasil,1721109,17,33,15,0.0,0.8,Cerrado,6.4
d4e189a1-61de-37f8-a720-32377805aefb,  -9.538770, -48.033400,2026-05-29 17:32:00,NPP-375,TOCANTÍNIA,TOCANTINS,Brasil,1721109,17,33,15,0.0,0.77,Cerrado,5.6
29f9d2de-a53b-3738-bd46-9c4df6448854,  -8.397380, -54.738000,2026-05-29 17:32:00,NPP-375,ALTAMIRA,PARÁ,Brasil,1500602,15,33,11,0.0,0.96,Amazônia,27.8
b707e623-270b-3bf1-b4ab-62d74fe1dafe,  -8.387930, -54.726100,2026-05-29 17:32:00,NPP-375,ALTAMIRA,PARÁ,Brasil,1500602,15,33,11,0.0,1.0,Amazônia,8.0
8b6f11de-7c29-3d05-beca-87a56cb11108,  -4.418660, -54.992490,2026-05-29 17:32:00,NPP-375,RURÓPOLIS,PARÁ,Brasil,1506195,15,33,4,0.0,0.19,Amazônia,8.7
7f1e1854-7bd0-3c90-9c0d-fac9aa157028, -10.816680, -56.594760,2026-05-29 17:32:00,NPP-375,TABAPORÃ,MATO GROSSO,Brasil,5107941,51,33,10,0.0,0.32,Amazônia,5.7
53dff886-43a9-3661-bea2-75c325598069,  -8.238530, -47.781150,2026-05-29 17:32:00,NPP-375,GOIATINS,TOCANTINS,Brasil,1709005,17,33,15,0.0,0.69,Cerrado,6.6
b0fd7d6a-4427-3ba4-ae90-a14cab34f620,  -7.163220, -46.994710,2026-05-29 17:32:00,NPP-375,CAROLINA,MARANHÃO,Brasil,2102804,21,33,13,0.0,0.82,Cerrado,3.3
d0041819-7660-3ddd-8760-51e53a5d981c,  -8.399710, -54.738380,2026-05-29 17:32:00,NPP-375,ALTAMIRA,PARÁ,Brasil,1500602,15,33,11,0.0,0.94,Amazônia,5.8
2c813551-b43e-392c-8623-eef93fa56579,  -3.547960, -60.209250,2026-05-29 17:34:00,NPP-375,CAREIRO,AMAZONAS,Brasil,1301100,13,33,3,0.0,0.73,Amazônia,9.2
34794686-d072-3374-b4e0-2b2ac1aab6b5,  -3.488190, -60.417000,2026-05-29 17:34:00,NPP-375,MANAQUIRI,AMAZONAS,Brasil,1302553,13,33,3,0.02,0.08,Amazônia,1.7
970487e9-af27-3716-bb13-4b3a1efddb0d,  -3.544090, -60.206250,2026-05-29 17:34:00,NPP-375,CAREIRO,AMAZONAS,Brasil,1301100,13,33,3,0.0,0.48,Amazônia,9.1
d2de94c4-9de5-3928-856d-48cdede9422a,  -3.695040, -61.256430,2026-05-29 17:34:00,NPP-375,MANACAPURU,AMAZONAS,Brasil,1302504,13,33,2,0.0,0.06,Amazônia,1.9
d0589065-0d60-3aa8-bdce-f9b5d108b5e5,  -3.295430, -61.263180,2026-05-29 17:34:00,NPP-375,CAAPIRANGA,AMAZONAS,Brasil,1300839,13,33,2,0.0,0.06,Amazônia,6.2
e53a9f14-40da-306c-969e-b7e586946a19,  -3.770800, -57.480740,2026-05-29 17:34:00,NPP-375,MAUÉS,AMAZONAS,Brasil,1302900,13,33,3,0.0,0.03,Amazônia,2.5
42cb927a-3f89-3574-a0ca-b66edf4f097b,  -3.157000, -59.085530,2026-05-29 17:34:00,NPP-375,ITACOATIARA,AMAZONAS,Brasil,1301902,13,33,3,0.0,0.06,Amazônia,5.5
c6cf5e11-3f60-311d-b6f3-db4f151c1ad8,  -3.493350, -60.225310,2026-05-29 17:34:00,NPP-375,CAREIRO,AMAZONAS,Brasil,1301100,13,33,3,0.1,0.08,Amazônia,2.0
ad783ed9-b0cd-3708-bfa6-1eb32628c104,  -3.544620, -60.209750,2026-05-29 17:34:00,NPP-375,CAREIRO,AMAZONAS,Brasil,1301100,13,33,3,0.0,0.74,Amazônia,9.2
0b61d88d-905e-3bea-83e9-f26576503023,  -3.077380, -58.985060,2026-05-29 17:34:00,NPP-375,ITACOATIARA,AMAZONAS,Brasil,1301902,13,33,3,0.0,0.05,Amazônia,2.1
1903a6fc-2d7c-3c96-9ea4-5a6fc02a3e20,  -3.736870, -59.030020,2026-05-29 17:34:00,NPP-375,NOVA OLINDA DO NORTE,AMAZONAS,Brasil,1303106,13,33,4,0.0,0.04,Amazônia,4.2
49eaa315-eb8e-3e6e-9694-2ed42890089f,  -3.691600, -61.256950,2026-05-29 17:34:00,NPP-375,MANACAPURU,AMAZONAS,Brasil,1302504,13,33,2,0.0,0.06,Amazônia,6.3
04fa023c-4a9f-3fa8-a4de-1f33868c14b8,  -3.509430, -57.798260,2026-05-29 17:34:00,NPP-375,MAUÉS,AMAZONAS,Brasil,1302900,13,33,3,0.0,0.02,Amazônia,7.7
a0075f10-41c4-3a11-b4c2-ddbe182123a9,  -3.484740, -60.348910,2026-05-29 17:34:00,NPP-375,MANAQUIRI,AMAZONAS,Brasil,1302553,13,33,2,0.1,0.08,Amazônia,6.4
e60ed3c3-e758-3fdd-93c6-3651f43b3bd4,  -3.473280, -60.228330,2026-05-29 17:34:00,NPP-375,CAREIRO,AMAZONAS,Brasil,1301100,13,33,3,0.1,0.08,Amazônia,17.1
76b0ccec-2b7b-34d4-bcac-86feb28bd504,  -3.952260, -63.205260,2026-05-29 17:34:00,NPP-375,COARI,AMAZONAS,Brasil,1301209,13,33,1,0.5,0.03,Amazônia,4.6
b74e7fbe-2133-32a0-9896-40f89cd9a0f7,  -3.520300, -60.470110,2026-05-29 17:34:00,NPP-375,MANAQUIRI,AMAZONAS,Brasil,1302553,13,33,3,0.0,0.07,Amazônia,1.5
8153451d-5e8c-3523-bd43-9f4ea3eb9b4e,  -3.199000, -61.179580,2026-05-29 17:34:00,NPP-375,MANACAPURU,AMAZONAS,Brasil,1302504,13,33,2,0.36,0.31,Amazônia,9.2
9f88a9e7-ac9d-39fd-a932-39191e0031d3,  -3.030900, -58.614970,2026-05-29 17:34:00,NPP-375,SILVES,AMAZONAS,Brasil,1304005,13,33,3,0.0,0.04,Amazônia,5.3
95251e26-a4a0-38db-afae-575dcca41341,  -3.481380, -60.349410,2026-05-29 17:34:00,NPP-375,MANAQUIRI,AMAZONAS,Brasil,1302553,13,33,3,0.1,0.08,Amazônia,7.6
11135cca-f3a6-3c34-9a84-b1f615aa9330,  -3.907440, -59.682230,2026-05-29 17:34:00,NPP-375,AUTAZES,AMAZONAS,Brasil,1300300,13,33,2,0.0,0.05,Amazônia,2.7
8b539218-aa75-35e4-a4a2-e1e248cc8241,  -3.293360, -61.203000,2026-05-29 17:34:00,NPP-375,CAAPIRANGA,AMAZONAS,Brasil,1300839,13,33,2,0.0,0.07,Amazônia,2.9
71b51dd3-94ea-3172-b21d-e0a686ae8cf9,  -3.267680, -58.220960,2026-05-29 17:34:00,NPP-375,ITACOATIARA,AMAZONAS,Brasil,1301902,13,33,3,0.0,0.04,Amazônia,8.7
36b6b580-7189-3197-87a1-a9c385c54ed8,  -2.520900, -57.859410,2026-05-29 17:34:00,NPP-375,SÃO SEBASTIÃO DO UATUMÃ,AMAZONAS,Brasil,1303957,13,33,2,0.9,0.01,Amazônia,5.1
478022b5-1d90-3a06-b4f2-37bde31c79a3,  -3.198990, -58.848890,2026-05-29 17:34:00,NPP-375,ITACOATIARA,AMAZONAS,Brasil,1301902,13,33,3,0.0,0.44,Amazônia,3.5
aff16aca-a9fb-327a-8248-c6c80606a6e1,  -3.293920, -61.206680,2026-05-29 17:34:00,NPP-375,CAAPIRANGA,AMAZONAS,Brasil,1300839,13,33,2,0.0,0.07,Amazônia,2.9
51ad1be6-c7e6-35c0-955b-99dfe2c27cdb,  -3.801440, -58.086030,2026-05-29 17:34:00,NPP-375,MAUÉS,AMAZONAS,Brasil,1302900,13,33,3,0.0,0.05,Amazônia,3.8
59089cf9-cf90-3462-83a7-971e6c2eae49, -10.837900, -46.921000,2026-05-29 17:40:00,GOES-19,PONTE ALTA DO TOCANTINS,TOCANTINS,Brasil,1717909,17,33,6,0.0,0.99,Cerrado,103.8
98e644e2-119a-3deb-8ec5-ff6288edc40b, -10.837500, -46.943400,2026-05-29 17:40:00,GOES-19,PONTE ALTA DO TOCANTINS,TOCANTINS,Brasil,1717909,17,33,6,0.0,0.99,Cerrado,85.3
8f8df1dd-83c5-3814-97f9-ef70d1858411, -10.818500, -46.945800,2026-05-29 17:40:00,GOES-19,PONTE ALTA DO TOCANTINS,TOCANTINS,Brasil,1717909,17,33,6,0.0,1.0,Cerrado,110.1
61090f42-d765-3665-9ac6-ce77b3208969, -20.316530, -52.152410,2026-05-29 17:45:00,NOAA-20,TRÊS LAGOAS,MATO GROSSO DO SUL,Brasil,5008305,50,33,10,0.0,0.97,Cerrado,4.3
5e462a90-15b5-3490-999f-f16167b567bc, -23.156080, -52.286160,2026-05-29 17:45:00,NOAA-20,ALTO PARANÁ,PARANÁ,Brasil,4100608,41,33,9,0.0,0.28,Mata Atlântica,10.6
bbe63441-0a19-3919-ba93-d0d334f13347, -23.147600, -52.293940,2026-05-29 17:45:00,NOAA-20,ALTO PARANÁ,PARANÁ,Brasil,4100608,41,33,8,0.0,0.28,Mata Atlântica,12.6
69ea8c14-0241-334e-be57-6cd74e58214a, -23.151250, -52.287280,2026-05-29 17:45:00,NOAA-20,ALTO PARANÁ,PARANÁ,Brasil,4100608,41,33,8,0.0,0.28,Mata Atlântica,10.6
e4a048c6-9523-3c3c-883c-1ac75dc8ed33, -21.013720, -48.021680,2026-05-29 17:45:00,NOAA-20,PONTAL,SÃO PAULO,Brasil,3540200,35,33,9,0.0,1.0,Cerrado,41.0
105f44fc-6879-3c99-8ab3-b390ff7dd52e, -23.279030, -52.181880,2026-05-29 17:45:00,NOAA-20,PRESIDENTE CASTELO BRANCO,PARANÁ,Brasil,4120408,41,33,9,0.0,0.25,Mata Atlântica,4.0
18d34a0d-47c9-3d0a-9628-8cb9575986d4, -20.247800, -50.916570,2026-05-29 17:45:00,NOAA-20,SANTA FÉ DO SUL,SÃO PAULO,Brasil,3546603,35,33,10,0.0,1.0,Mata Atlântica,3.6
b854d6c3-07e8-3fc7-b26a-ef5a7a28f7f6, -21.015160, -48.027530,2026-05-29 17:45:00,NOAA-20,PONTAL,SÃO PAULO,Brasil,3540200,35,33,9,0.0,1.0,Cerrado,41.0
76f38fc8-1c28-3100-832f-8c51a764cda3, -20.888750, -49.484000,2026-05-29 17:45:00,NOAA-20,MIRASSOL,SÃO PAULO,Brasil,3530300,35,33,10,0.0,1.0,Mata Atlântica,6.8
33d852fe-d949-3155-a6df-c1f109eace05, -21.013830, -48.019150,2026-05-29 17:45:00,NOAA-20,PONTAL,SÃO PAULO,Brasil,3540200,35,33,9,0.0,1.0,Cerrado,39.0
18a4f156-b57c-30be-a0d8-308a6c09c83f, -23.276000, -52.179810,2026-05-29 17:45:00,NOAA-20,PRESIDENTE CASTELO BRANCO,PARANÁ,Brasil,4120408,41,33,9,0.0,0.3,Mata Atlântica,5.0
a06da6c0-deda-3f5d-9f83-f40c4801577b, -21.812680, -49.129110,2026-05-29 17:45:00,NOAA-20,IACANGA,SÃO PAULO,Brasil,3519105,35,33,5,0.0,0.4,Mata Atlântica,11.9
4f86dc5d-3eb8-3af2-adc3-3de57a096690, -21.015210, -48.024930,2026-05-29 17:45:00,NOAA-20,PONTAL,SÃO PAULO,Brasil,3540200,35,33,9,0.0,1.0,Cerrado,39.0
d2d43f48-8b2a-37b1-9588-7411bc8df372, -21.805640, -49.125990,2026-05-29 17:45:00,NOAA-20,IACANGA,SÃO PAULO,Brasil,3519105,35,33,5,0.0,0.6,Mata Atlântica,11.9
56cad87f-f9fd-3154-88b6-0a5bac7893cb, -21.813780, -49.133850,2026-05-29 17:45:00,NOAA-20,IACANGA,SÃO PAULO,Brasil,3519105,35,33,5,0.0,0.35,Mata Atlântica,16.0
b21f4abf-fced-3c82-8aeb-42843a8514b9, -20.654400, -55.412590,2026-05-29 17:45:00,NOAA-20,DOIS IRMÃOS DO BURITI,MATO GROSSO DO SUL,Brasil,5003488,50,33,4,0.0,1.0,Cerrado,4.9
2be06cbb-2960-3d4a-8cba-d1b23004e605, -20.321650, -52.151070,2026-05-29 17:45:00,NOAA-20,TRÊS LAGOAS,MATO GROSSO DO SUL,Brasil,5008305,50,33,10,0.0,0.94,Cerrado,4.3
b0378047-c6e9-3564-97b8-2a5c35737aa3, -21.671270, -56.308010,2026-05-29 17:45:00,NOAA-20,BELA VISTA,MATO GROSSO DO SUL,Brasil,5002100,50,33,4,17.2,0.05,Cerrado,3.6
4bde0daf-d035-35d9-8478-b03201c7ae03, -20.653620, -55.408450,2026-05-29 17:45:00,NOAA-20,DOIS IRMÃOS DO BURITI,MATO GROSSO DO SUL,Brasil,5003488,50,33,4,0.0,1.0,Cerrado,4.9
1a39eec8-4968-3ffa-8420-67c3ff0383ba, -21.806720, -49.130650,2026-05-29 17:45:00,NOAA-20,IACANGA,SÃO PAULO,Brasil,3519105,35,33,5,0.0,0.36,Mata Atlântica,11.9
9ae97ba3-af41-3893-8a51-671fae8adf78, -23.277230, -52.185500,2026-05-29 17:45:00,NOAA-20,PRESIDENTE CASTELO BRANCO,PARANÁ,Brasil,4120408,41,33,9,0.0,0.16,Mata Atlântica,5.0
6c91344a-baff-3b08-b621-6d28ca33153e, -19.689240, -54.349730,2026-05-29 17:47:00,NOAA-20,BANDEIRANTES,MATO GROSSO DO SUL,Brasil,5001508,50,33,7,0.0,1.0,Cerrado,3.7
9c909b28-61e5-3bea-b1c6-7f4d9f0e9c2c, -12.765540, -49.316480,2026-05-29 17:47:00,NOAA-20,TALISMÃ,TOCANTINS,Brasil,1720978,17,33,6,0.0,1.0,Cerrado,8.7
3c3bf668-47be-3374-b5ff-b7619d525c3f, -13.194650, -50.516080,2026-05-29 17:47:00,NOAA-20,SÃO MIGUEL DO ARAGUAIA,GOIÁS,Brasil,5220207,52,33,6,0.0,0.9,Cerrado,11.7
8c854a7e-a3b6-3817-ac84-81e298e4519f, -12.760660, -49.318030,2026-05-29 17:47:00,NOAA-20,TALISMÃ,TOCANTINS,Brasil,1720978,17,33,6,0.0,1.0,Cerrado,9.6
62acf6d9-d3c3-3028-b170-f22064093799, -13.109230, -51.722600,2026-05-29 17:47:00,NOAA-20,RIBEIRÃO CASCALHEIRA,MATO GROSSO,Brasil,5107180,51,33,10,0.0,0.91,Cerrado,7.1
b759883a-0cc6-3b43-9402-db17229d707f, -14.168360, -58.225470,2026-05-29 17:47:00,NOAA-20,TANGARÁ DA SERRA,MATO GROSSO,Brasil,5107958,51,33,9,2.57,0.44,Cerrado,16.4
cefed28a-12e9-3217-9aaf-66685a3d0e02, -19.714080, -57.724960,2026-05-29 17:47:00,NOAA-20,CORUMBÁ,MATO GROSSO DO SUL,Brasil,5003207,50,33,10,0.2,1.0,Pantanal,6.6
5a04deba-c210-3903-a8b7-751a67780050, -19.829520, -56.371010,2026-05-29 17:47:00,NOAA-20,AQUIDAUANA,MATO GROSSO DO SUL,Brasil,5001102,50,33,8,0.0,1.0,Pantanal,9.6
b2637a36-9b6d-3d9c-9ec2-7c2eb02905a0, -14.169250, -58.230590,2026-05-29 17:47:00,NOAA-20,TANGARÁ DA SERRA,MATO GROSSO,Brasil,5107958,51,33,9,2.61,0.43,Cerrado,16.4
81e3ee04-fabf-3f33-adbf-1201f1f3b38c, -19.685510, -54.352790,2026-05-29 17:47:00,NOAA-20,BANDEIRANTES,MATO GROSSO DO SUL,Brasil,5001508,50,33,7,0.0,1.0,Cerrado,7.3
1cc46d70-6cb5-3338-b607-de787db8ac3f, -17.884650, -55.713260,2026-05-29 17:47:00,NOAA-20,CORUMBÁ,MATO GROSSO DO SUL,Brasil,5003207,50,33,6,0.0,1.0,Pantanal,8.6
b2187f72-e4ee-363d-b1d5-17f3e8a6f048, -17.867500, -51.779560,2026-05-29 17:47:00,NOAA-20,JATAÍ,GOIÁS,Brasil,5211909,52,33,6,0.2,1.0,Cerrado,4.7
ce4928b3-77c0-3d9d-9098-538e8c6b52c1, -19.684700, -54.350700,2026-05-29 17:47:00,NOAA-20,BANDEIRANTES,MATO GROSSO DO SUL,Brasil,5001508,50,33,7,0.0,1.0,Cerrado,6.5
7e2acd8b-7f41-3411-b8a2-547b420205af, -12.564940, -49.372240,2026-05-29 17:47:00,NOAA-20,ARAGUAÇU,TOCANTINS,Brasil,1702000,17,33,6,0.0,0.81,Cerrado,5.4
a3d7a3d9-2691-3c30-a238-dfa78435cbce, -12.570590, -49.374470,2026-05-29 17:47:00,NOAA-20,ARAGUAÇU,TOCANTINS,Brasil,1702000,17,33,6,0.0,0.86,Cerrado,8.8
c2532670-cc09-3721-8449-3bdf351ad848, -13.115300, -51.721450,2026-05-29 17:47:00,NOAA-20,RIBEIRÃO CASCALHEIRA,MATO GROSSO,Brasil,5107180,51,33,10,0.0,0.76,Cerrado,9.1
997e9a99-0535-3400-9a16-97f7703a94c7, -14.184040, -58.222660,2026-05-29 17:47:00,NOAA-20,TANGARÁ DA SERRA,MATO GROSSO,Brasil,5107958,51,33,9,2.63,0.42,Cerrado,9.6
7c5f8a3c-5276-3850-9394-bb68fa883338, -17.887320, -55.712270,2026-05-29 17:47:00,NOAA-20,CORUMBÁ,MATO GROSSO DO SUL,Brasil,5003207,50,33,6,0.0,1.0,Pantanal,7.8
855871dc-6c23-3ddf-a0e0-8a2d7b9349fa, -17.868800, -51.780860,2026-05-29 17:47:00,NOAA-20,JATAÍ,GOIÁS,Brasil,5211909,52,33,6,0.19,1.0,Cerrado,3.3
cb560859-346e-3bdf-a628-74adaa32c04d, -19.824900, -56.391000,2026-05-29 17:47:00,NOAA-20,AQUIDAUANA,MATO GROSSO DO SUL,Brasil,5001102,50,33,9,0.0,1.0,Pantanal,2.3
18515c22-f93e-33eb-bba7-6142e4a83f30, -11.346660, -49.625310,2026-05-29 17:49:00,NOAA-20,DUERÉ,TOCANTINS,Brasil,1707306,17,33,7,0.0,1.0,Cerrado,7.3
45b374f4-6c2c-31e4-9ca2-15dff0d41c35, -12.295780, -52.475460,2026-05-29 17:49:00,NOAA-20,QUERÊNCIA,MATO GROSSO,Brasil,5107065,51,33,14,0.0,0.25,Amazônia,9.5
27aebb8b-8298-3642-b994-d811774b2b35, -12.301660, -52.474330,2026-05-29 17:49:00,NOAA-20,QUERÊNCIA,MATO GROSSO,Brasil,5107065,51,33,14,0.0,0.25,Amazônia,9.5
523f6ab9-d761-313f-b88c-21e19119e37e,  -7.843840, -55.397010,2026-05-29 17:49:00,NOAA-20,NOVO PROGRESSO,PARÁ,Brasil,1505031,15,33,11,0.0,1.0,Amazônia,5.1
5868dc2a-7456-336d-87e6-b3504777a701, -11.604690, -55.333450,2026-05-29 17:49:00,NOAA-20,SINOP,MATO GROSSO,Brasil,5107909,51,33,12,0.0,0.32,Amazônia,11.1
d0b280ac-1d6e-37af-8b66-de6154291840, -10.142360, -52.131090,2026-05-29 17:49:00,NOAA-20,SANTA CRUZ DO XINGU,MATO GROSSO,Brasil,5107743,51,33,11,0.0,0.35,Amazônia,6.6
93d474ff-e7a5-3034-beb4-f38afe50a062, -11.062750, -49.698390,2026-05-29 17:49:00,NOAA-20,SANTA RITA DO TOCANTINS,TOCANTINS,Brasil,1718899,17,33,25,0.0,0.83,Cerrado,6.2
07b0c4a4-443f-38c1-ac14-b95f8eca36f5,  -8.397610, -54.734120,2026-05-29 17:49:00,NOAA-20,ALTAMIRA,PARÁ,Brasil,1500602,15,33,11,0.0,0.88,Amazônia,7.7
39090b83-9c61-3452-ac96-78913b4bdca5,  -8.395650, -54.723430,2026-05-29 17:49:00,NOAA-20,ALTAMIRA,PARÁ,Brasil,1500602,15,33,11,0.0,0.98,Amazônia,7.8
bf279982-dec4-3f27-ba42-ab6d66c1dc04, -11.729090, -54.802070,2026-05-29 17:49:00,NOAA-20,CLÁUDIA,MATO GROSSO,Brasil,5103056,51,33,13,0.0,0.31,Amazônia,6.4
0131ed00-4f0b-3356-af89-12f8806f32a5, -11.127200, -54.303650,2026-05-29 17:49:00,NOAA-20,MARCELÂNDIA,MATO GROSSO,Brasil,5105580,51,33,14,0.0,0.23,Amazônia,2.8
c7f624a9-3e23-3f3a-ba7a-27786d8a0425,  -8.396300, -54.727000,2026-05-29 17:49:00,NOAA-20,ALTAMIRA,PARÁ,Brasil,1500602,15,33,11,0.0,0.92,Amazônia,7.8
b1d5f483-da82-3cf5-b169-8182bcb2cc69, -12.595690, -53.385010,2026-05-29 17:49:00,NOAA-20,GAÚCHA DO NORTE,MATO GROSSO,Brasil,5103858,51,33,28,0.0,0.39,Amazônia,0.4
668c1eb5-ae6b-3243-af55-b2be4b7b2ee6, -10.499310, -57.611100,2026-05-29 17:49:00,NOAA-20,JUARA,MATO GROSSO,Brasil,5105101,51,33,10,0.0,0.26,Amazônia,11.1
1e67b3e8-88bc-32af-97bb-e43c833e9eb9,  -8.389520, -54.720740,2026-05-29 17:49:00,NOAA-20,ALTAMIRA,PARÁ,Brasil,1500602,15,33,11,0.0,1.0,Amazônia,4.1
0fdaa042-33ec-3b2e-9405-9d121026a3e9, -11.642330, -58.243740,2026-05-29 17:49:00,NOAA-20,BRASNORTE,MATO GROSSO,Brasil,5101902,51,33,9,2.18,0.64,Amazônia,3.8
c50f96f4-daee-38e9-9815-61ac2c704649,  -7.849100, -55.396090,2026-05-29 17:49:00,NOAA-20,NOVO PROGRESSO,PARÁ,Brasil,1505031,15,33,11,0.0,0.79,Amazônia,2.9
476f417f-97b4-3b4e-bd5e-86d27050afd4,  -9.413310, -71.256130,2026-05-29 17:49:00,NOAA-20,FEIJÓ,ACRE,Brasil,1200302,12,33,11,0.2,0.21,Amazônia,8.6
0671fe01-af01-381c-a96f-b9a1c14aa641, -10.876050, -53.736900,2026-05-29 17:49:00,NOAA-20,MARCELÂNDIA,MATO GROSSO,Brasil,5105580,51,33,22,0.0,0.32,Amazônia,6.5
9fd96ddd-0417-3158-9637-cd4e520e1f92, -11.558900, -54.581950,2026-05-29 17:49:00,NOAA-20,UNIÃO DO SUL,MATO GROSSO,Brasil,5108303,51,33,13,0.0,0.28,Amazônia,25.3
cd50fe0f-d1a1-35dc-ab3d-b5c6b510e558, -10.600750, -53.475040,2026-05-29 17:49:00,NOAA-20,MARCELÂNDIA,MATO GROSSO,Brasil,5105580,51,33,13,0.0,0.35,Amazônia,5.7
70f0932b-d1a2-3103-a153-c647feff277a, -11.559490, -54.585130,2026-05-29 17:49:00,NOAA-20,UNIÃO DO SUL,MATO GROSSO,Brasil,5108303,51,33,13,0.0,0.29,Amazônia,30.7
6c133c14-77e5-322b-9084-d669ab94fc8b, -11.739880, -54.803250,2026-05-29 17:49:00,NOAA-20,CLÁUDIA,MATO GROSSO,Brasil,5103056,51,33,13,0.0,0.43,Amazônia,7.7
bf806e63-c3c0-3a6f-825e-83c7e3e011b2, -11.083010, -55.048800,2026-05-29 17:49:00,NOAA-20,ITAÚBA,MATO GROSSO,Brasil,5104559,51,33,11,0.0,0.26,Amazônia,3.7
c6189054-d317-31b1-8b27-d406f3738838,  -7.774380, -63.609070,2026-05-29 17:49:00,NOAA-20,CANUTAMA,AMAZONAS,Brasil,1300904,13,33,10,0.0,0.31,Amazônia,2.3
250f3937-9e03-3e5a-9a01-71305d6a7c26, -11.742730, -54.789910,2026-05-29 17:49:00,NOAA-20,CLÁUDIA,MATO GROSSO,Brasil,5103056,51,33,13,0.0,0.31,Amazônia,13.3
cf1b09bf-e199-3ffd-a2fb-94a9ef5a3d2a, -10.146130, -52.127920,2026-05-29 17:49:00,NOAA-20,SANTA CRUZ DO XINGU,MATO GROSSO,Brasil,5107743,51,33,11,0.0,0.35,Amazônia,7.7
ec01f400-557f-3d33-9730-8e093ea4ec80,  -7.848650, -55.397500,2026-05-29 17:49:00,NOAA-20,NOVO PROGRESSO,PARÁ,Brasil,1505031,15,33,11,0.0,0.77,Amazônia,1.7
6e975362-a600-3f57-9796-e16accb351ea,  -8.390180, -54.724320,2026-05-29 17:49:00,NOAA-20,ALTAMIRA,PARÁ,Brasil,1500602,15,33,11,0.0,1.0,Amazônia,4.5
56b5109b-594c-3c8c-8aec-1fa91ef42060, -10.516510, -51.358730,2026-05-29 17:49:00,NOAA-20,CONFRESA,MATO GROSSO,Brasil,5103353,51,33,26,0.0,0.99,Amazônia,5.0
c47ea61c-9232-3c49-9570-54f933a5e9d0, -11.736350, -54.236650,2026-05-29 17:49:00,NOAA-20,UNIÃO DO SUL,MATO GROSSO,Brasil,5108303,51,33,13,0.0,0.29,Amazônia,2.9
4c4e0898-0967-3ba9-9a5d-9438991149bb, -11.738180, -54.808540,2026-05-29 17:49:00,NOAA-20,CLÁUDIA,MATO GROSSO,Brasil,5103056,51,33,13,0.0,0.5,Amazônia,3.2
bdad2292-f4db-3f99-92d3-dd24e529516e, -11.450530, -55.109800,2026-05-29 17:49:00,NOAA-20,CLÁUDIA,MATO GROSSO,Brasil,5103056,51,33,13,0.0,0.38,Amazônia,9.5
475b6d68-7eb5-3f6e-a309-03de08f1937b, -11.744270, -54.784930,2026-05-29 17:49:00,NOAA-20,CLÁUDIA,MATO GROSSO,Brasil,5103056,51,33,13,0.0,0.31,Amazônia,8.2
3d68fde8-e907-349b-8aac-d999c4b743f1,  -7.848070, -55.394290,2026-05-29 17:49:00,NOAA-20,NOVO PROGRESSO,PARÁ,Brasil,1505031,15,33,11,0.0,0.89,Amazônia,2.8
cd95586a-01a4-3d1f-b931-dd8f35298b4a, -11.738390, -54.238050,2026-05-29 17:49:00,NOAA-20,UNIÃO DO SUL,MATO GROSSO,Brasil,5108303,51,33,13,0.0,0.29,Amazônia,5.0
00af5490-3a7b-316a-b2f8-15893d3a9651, -10.396830, -52.533790,2026-05-29 17:49:00,NOAA-20,SÃO JOSÉ DO XINGU,MATO GROSSO,Brasil,5107354,51,33,13,0.0,1.0,Amazônia,12.0
3cb4fc52-1e7e-3f31-9a9b-77f2054f10c5, -10.584690, -50.087280,2026-05-29 17:49:00,NOAA-20,PIUM,TOCANTINS,Brasil,1717503,17,33,21,0.0,1.0,Cerrado,9.7
a9ddeb53-7dfc-350b-8676-a2e400de2cc3, -11.558300, -54.578750,2026-05-29 17:49:00,NOAA-20,UNIÃO DO SUL,MATO GROSSO,Brasil,5108303,51,33,13,0.0,0.33,Amazônia,25.3
812a8307-0d02-349a-ba07-63c4021d5560, -11.735330, -54.807280,2026-05-29 17:49:00,NOAA-20,CLÁUDIA,MATO GROSSO,Brasil,5103056,51,33,13,0.0,0.33,Amazônia,8.0
031b92f2-fbe9-3c66-b0f6-84d7bdb85048, -11.564680, -54.584080,2026-05-29 17:49:00,NOAA-20,UNIÃO DO SUL,MATO GROSSO,Brasil,5108303,51,33,13,0.0,0.28,Amazônia,30.7
55351603-aeb3-3f4d-a06d-5cfb14abaa61, -11.081030, -65.156160,2026-05-29 17:49:00,NOAA-20,GUAJARÁ-MIRIM,RONDÔNIA,Brasil,1100106,11,33,10,0.1,0.33,Amazônia,8.5
5e7a8849-28af-3176-be91-f2f41c8076eb,  -9.220610, -60.799220,2026-05-29 17:49:00,NOAA-20,COLNIZA,MATO GROSSO,Brasil,5103254,51,33,11,0.0,0.31,Amazônia,5.1
2ef0750d-6c82-36c6-96a7-2cb2a676ea34, -11.638250, -58.244450,2026-05-29 17:49:00,NOAA-20,BRASNORTE,MATO GROSSO,Brasil,5101902,51,33,9,2.25,0.86,Amazônia,3.8
ffb1eb4a-a029-3354-81af-33e0138e5623, -10.818210, -56.598180,2026-05-29 17:49:00,NOAA-20,TABAPORÃ,MATO GROSSO,Brasil,5107941,51,33,10,0.0,0.32,Amazônia,14.3
aa656780-c9f3-344f-9671-13baa1ff0433, -11.731900, -54.803350,2026-05-29 17:49:00,NOAA-20,CLÁUDIA,MATO GROSSO,Brasil,5103056,51,33,13,0.0,0.31,Amazônia,3.5
2cd80c13-2b6f-3da2-a111-cb1999065f2f, -12.292520, -52.489660,2026-05-29 17:49:00,NOAA-20,QUERÊNCIA,MATO GROSSO,Brasil,5107065,51,33,14,0.0,0.25,Amazônia,7.5
562ef533-b40d-3dbf-ab09-47266a65859a,  -8.396960, -54.730560,2026-05-29 17:49:00,NOAA-20,ALTAMIRA,PARÁ,Brasil,1500602,15,33,11,0.0,0.85,Amazônia,7.7
8d049054-6185-3c64-9165-b2aef04d9892, -11.745470, -54.791260,2026-05-29 17:49:00,NOAA-20,CLÁUDIA,MATO GROSSO,Brasil,5103056,51,33,13,0.0,0.31,Amazônia,7.3
f7803ee5-6d2b-3bd3-92ed-5561db4f76fd,  -7.009400, -59.565640,2026-05-29 17:49:00,NOAA-20,APUÍ,AMAZONAS,Brasil,1300144,13,33,4,0.0,0.11,Amazônia,5.2
44cb2206-6181-3dff-b0ef-1335341c5bb1, -10.426930, -68.394000,2026-05-29 17:49:00,NOAA-20,XAPURI,ACRE,Brasil,1200708,12,33,10,0.0,0.27,Amazônia,4.4
e3afe11e-9c2d-31af-96a9-cf8be1ed2fe9, -11.599740, -55.334360,2026-05-29 17:49:00,NOAA-20,SINOP,MATO GROSSO,Brasil,5107909,51,33,12,0.0,0.32,Amazônia,11.1
9fb2591c-b0ab-3539-9232-a468f099872e, -10.641370, -49.729530,2026-05-29 17:49:00,NOAA-20,LAGOA DA CONFUSÃO,TOCANTINS,Brasil,1711902,17,33,27,0.0,0.92,Cerrado,12.2
6c57bf72-e155-3325-aa71-c2e1d0b3f4c7, -10.563830, -50.091410,2026-05-29 17:49:00,NOAA-20,PIUM,TOCANTINS,Brasil,1717503,17,33,21,0.0,0.99,Cerrado,11.5
30f04ee1-e227-309b-8325-ac2cc903f42f, -11.083560, -55.051800,2026-05-29 17:49:00,NOAA-20,ITAÚBA,MATO GROSSO,Brasil,5104559,51,33,11,0.0,0.28,Amazônia,6.9
c0710599-9b62-3b76-8511-0c2e98adaa50, -10.877330, -53.736550,2026-05-29 17:49:00,NOAA-20,MARCELÂNDIA,MATO GROSSO,Brasil,5105580,51,33,22,0.0,0.32,Amazônia,6.2
049e84b6-8057-313a-80bd-8c3f13d615ac, -11.132520, -54.302570,2026-05-29 17:49:00,NOAA-20,MARCELÂNDIA,MATO GROSSO,Brasil,5105580,51,33,14,0.0,0.23,Amazônia,2.8
34c3d328-e286-3a87-a11e-7b8b2fea6dee, -10.637270, -49.728010,2026-05-29 17:49:00,NOAA-20,LAGOA DA CONFUSÃO,TOCANTINS,Brasil,1711902,17,33,26,0.0,0.82,Cerrado,10.5
bd03a089-3abd-3ef3-a356-13d9b736eb83, -10.635790, -49.720950,2026-05-29 17:49:00,NOAA-20,LAGOA DA CONFUSÃO,TOCANTINS,Brasil,1711902,17,33,26,0.0,0.8,Cerrado,10.5
8fccb6c6-dc7e-3942-bc9a-cb33dee772b6, -11.417800, -57.804370,2026-05-29 17:49:00,NOAA-20,JUARA,MATO GROSSO,Brasil,5105101,51,33,12,0.0,0.76,Amazônia,4.6
bd9b4e3b-f7c4-30de-be4c-b9d991c6991c, -11.737020, -54.802440,2026-05-29 17:49:00,NOAA-20,CLÁUDIA,MATO GROSSO,Brasil,5103056,51,33,13,0.0,0.35,Amazônia,3.5
dac09cd1-1111-3bdb-8b92-97d44afc4ece, -11.569280, -54.579880,2026-05-29 17:49:00,NOAA-20,UNIÃO DO SUL,MATO GROSSO,Brasil,5108303,51,33,13,0.0,0.28,Amazônia,4.2
60c945bb-1f06-352b-a872-8fc031e03a25, -11.273530, -53.967040,2026-05-29 17:49:00,NOAA-20,UNIÃO DO SUL,MATO GROSSO,Brasil,5108303,51,33,28,0.0,0.28,Amazônia,2.4
20ef142a-4de1-337b-b3dc-f0f0a1401a1a,  -6.180010, -52.510090,2026-05-29 17:49:00,NOAA-20,SÃO FÉLIX DO XINGU,PARÁ,Brasil,1507300,15,33,6,0.0,0.59,Amazônia,6.9
2920e2e0-327b-38b0-ba26-2507972ebbd8, -10.648450, -49.728100,2026-05-29 17:49:00,NOAA-20,LAGOA DA CONFUSÃO,TOCANTINS,Brasil,1711902,17,33,28,0.0,1.0,Cerrado,12.2
fe462e04-2b8a-3f28-b0b6-e41926fae7e8, -11.563500, -54.577740,2026-05-29 17:49:00,NOAA-20,UNIÃO DO SUL,MATO GROSSO,Brasil,5108303,51,33,13,0.0,0.3,Amazônia,25.3
a606c4eb-6c78-39c0-8451-201b96992c04, -11.336800, -53.943920,2026-05-29 17:49:00,NOAA-20,UNIÃO DO SUL,MATO GROSSO,Brasil,5108303,51,33,30,0.0,0.29,Amazônia,8.6
27c91ef4-d9a3-34d3-ad86-7d38264f7fdc, -10.639950, -49.722470,2026-05-29 17:49:00,NOAA-20,LAGOA DA CONFUSÃO,TOCANTINS,Brasil,1711902,17,33,27,0.0,0.89,Cerrado,19.8
7ae45203-4502-3b4a-99e6-153e125d18a0, -11.418090, -57.804760,2026-05-29 17:49:00,NOAA-20,JUARA,MATO GROSSO,Brasil,5105101,51,33,12,0.0,0.75,Amazônia,3.0
d4076547-5774-38d7-bd50-44037a5468ae,  -8.390840, -54.727900,2026-05-29 17:49:00,NOAA-20,ALTAMIRA,PARÁ,Brasil,1500602,15,33,11,0.0,1.0,Amazônia,4.5
60f82300-4377-3729-b21b-25e59eccb282, -11.474330, -57.108250,2026-05-29 17:49:00,NOAA-20,PORTO DOS GAÚCHOS,MATO GROSSO,Brasil,5106802,51,33,11,0.1,0.31,Amazônia,6.2
67296849-5177-395d-abfe-60a2d0f3d1de, -11.744870, -54.788110,2026-05-29 17:49:00,NOAA-20,CLÁUDIA,MATO GROSSO,Brasil,5103056,51,33,13,0.0,0.31,Amazônia,7.3
d821ecd5-ac50-3370-853d-05792b4c0fdb,  -8.398260, -54.737690,2026-05-29 17:49:00,NOAA-20,ALTAMIRA,PARÁ,Brasil,1500602,15,33,11,0.0,0.94,Amazônia,6.8
445368ca-6bd6-3e48-9699-570c17dcc068, -11.564090, -54.580920,2026-05-29 17:49:00,NOAA-20,UNIÃO DO SUL,MATO GROSSO,Brasil,5108303,51,33,13,0.0,0.28,Amazônia,25.3
07add061-5a65-3eb9-a4f2-72c94250569e, -11.343910, -49.625530,2026-05-29 17:49:00,NOAA-20,DUERÉ,TOCANTINS,Brasil,1707306,17,33,7,0.0,0.94,Cerrado,7.2
9d9066df-0ec8-3e92-9965-965c5d941d8d, -10.700200, -49.912640,2026-05-29 17:49:00,NOAA-20,LAGOA DA CONFUSÃO,TOCANTINS,Brasil,1711902,17,33,21,0.0,0.86,Cerrado,16.4
703bc897-c1a5-3286-928a-19bdc057c171, -11.568690, -54.576710,2026-05-29 17:49:00,NOAA-20,UNIÃO DO SUL,MATO GROSSO,Brasil,5108303,51,33,12,0.0,0.28,Amazônia,4.2
c1a85c36-4331-36dc-af58-4d0968d099e0,  -7.005340, -59.566150,2026-05-29 17:49:00,NOAA-20,APUÍ,AMAZONAS,Brasil,1300144,13,33,4,0.0,0.11,Amazônia,3.6
7b43cc7b-6e8b-376f-a8c9-7f2d774b0ec5, -10.600000, -53.471040,2026-05-29 17:49:00,NOAA-20,MARCELÂNDIA,MATO GROSSO,Brasil,5105580,51,33,13,0.0,0.35,Amazônia,7.9
cdcc9b5b-6b04-3981-a404-30d1ed07f9a3, -10.139890, -52.129010,2026-05-29 17:49:00,NOAA-20,SANTA CRUZ DO XINGU,MATO GROSSO,Brasil,5107743,51,33,11,0.0,0.35,Amazônia,7.7
3408a827-d02e-3a23-ac58-419add572bcc, -10.389890, -52.530330,2026-05-29 17:49:00,NOAA-20,SÃO JOSÉ DO XINGU,MATO GROSSO,Brasil,5107354,51,33,13,0.0,1.0,Amazônia,12.0
71447089-6d71-35a7-82f5-f9baa4c5b8a4, -10.141390, -52.126020,2026-05-29 17:49:00,NOAA-20,SANTA CRUZ DO XINGU,MATO GROSSO,Brasil,5107743,51,33,11,0.0,0.35,Amazônia,6.6
8fd6fae4-0764-3aa9-8800-55e383f3a7b2, -11.223690, -53.826770,2026-05-29 17:49:00,NOAA-20,MARCELÂNDIA,MATO GROSSO,Brasil,5105580,51,33,28,0.0,0.3,Amazônia,3.5
011c7be5-4647-39fb-85b0-5636a5ae7fd9, -10.644350, -49.726610,2026-05-29 17:49:00,NOAA-20,LAGOA DA CONFUSÃO,TOCANTINS,Brasil,1711902,17,33,27,0.0,0.99,Cerrado,21.1
61530944-3b9b-3c28-a1b2-e5b87360d725, -12.286650, -52.490790,2026-05-29 17:49:00,NOAA-20,QUERÊNCIA,MATO GROSSO,Brasil,5107065,51,33,14,0.0,0.25,Amazônia,7.5
db5540aa-3e28-31b7-92fa-fe39f5a579fc, -10.837900, -46.921000,2026-05-29 17:50:00,GOES-19,PONTE ALTA DO TOCANTINS,TOCANTINS,Brasil,1717909,17,33,6,0.0,0.99,Cerrado,87.0
1601f5cd-1af6-351c-b124-6be68bbf3bd3, -10.558900, -46.529600,2026-05-29 17:50:00,GOES-19,MATEIROS,TOCANTINS,Brasil,1712702,17,33,14,0.0,0.98,Cerrado,125.2
f33569fa-c04a-3798-bc77-047daf20c38d, -10.539900, -46.531900,2026-05-29 17:50:00,GOES-19,MATEIROS,TOCANTINS,Brasil,1712702,17,33,11,0.0,0.99,Cerrado,190.0
26263a8a-2ce4-3cf5-a03e-fbdd07fb0c23,  -3.482980, -60.347770,2026-05-29 17:52:00,NOAA-20,MANAQUIRI,AMAZONAS,Brasil,1302553,13,33,3,0.1,0.08,Amazônia,4.3
78030b1d-666c-326a-80a1-5410f4e22b61,  -3.483240, -60.346810,2026-05-29 17:52:00,NOAA-20,MANAQUIRI,AMAZONAS,Brasil,1302553,13,33,3,0.1,0.08,Amazônia,3.3
9e4d2c17-217f-3660-b04d-d45502eb979b,  -3.543810, -60.205210,2026-05-29 17:52:00,NOAA-20,CAREIRO,AMAZONAS,Brasil,1301100,13,33,3,0.01,0.4,Amazônia,7.4
8a661d74-d206-3c14-88e4-2de83acc88bf,  -3.566740, -56.864430,2026-05-29 17:52:00,NOAA-20,AVEIRO,PARÁ,Brasil,1501006,15,33,3,0.0,0.02,Amazônia,2.1
2b17c622-f945-337e-b64f-319c0d927c55,  -4.421410, -54.991920,2026-05-29 17:52:00,NOAA-20,RURÓPOLIS,PARÁ,Brasil,1506195,15,33,4,0.0,0.13,Amazônia,2.7
4d8aa1ee-06cd-3670-8b8b-582f6ff7923b,  -2.733710, -60.142990,2026-05-29 17:52:00,NOAA-20,MANAUS,AMAZONAS,Brasil,1302603,13,33,0,1.61,0.02,Amazônia,9.2
59422dd7-3d66-3267-90ac-56f6df42bf23,  -3.483820, -60.350360,2026-05-29 17:52:00,NOAA-20,MANAQUIRI,AMAZONAS,Brasil,1302553,13,33,3,0.1,0.08,Amazônia,3.1
108057ed-0280-3797-b3f6-50e022844ad2,  -4.345570, -56.309690,2026-05-29 17:52:00,NOAA-20,ITAITUBA,PARÁ,Brasil,1503606,15,33,4,0.0,0.02,Amazônia,5.4
614e8161-8e26-3903-a929-9ba57fbaf8f1,  -3.398620, -59.618260,2026-05-29 17:52:00,NOAA-20,CAREIRO DA VÁRZEA,AMAZONAS,Brasil,1301159,13,33,4,0.0,0.09,Amazônia,7.8
00a78d6d-5ad2-3809-bbc0-c484a019b9ea,  -4.345410, -56.306660,2026-05-29 17:52:00,NOAA-20,ITAITUBA,PARÁ,Brasil,1503606,15,33,4,0.0,0.02,Amazônia,7.6
2b86a1e8-8c25-3a8c-bec3-9c6f980bc5a4,  -3.268340, -58.217290,2026-05-29 17:52:00,NOAA-20,ITACOATIARA,AMAZONAS,Brasil,1301902,13,33,2,0.0,0.04,Amazônia,6.0
86beccf5-abcf-3a4b-be24-397ec204953c,  -4.345950, -56.309960,2026-05-29 17:52:00,NOAA-20,ITAITUBA,PARÁ,Brasil,1503606,15,33,4,0.0,0.03,Amazônia,7.8
f7b1d13a-e767-3118-908b-c25fa1557a55,  -3.563460, -60.070710,2026-05-29 17:52:00,NOAA-20,CAREIRO,AMAZONAS,Brasil,1301100,13,33,3,0.0,0.06,Amazônia,5.2
43b92727-052b-3640-8e2c-de46ba87763e,  -4.345010, -56.306400,2026-05-29 17:52:00,NOAA-20,ITAITUBA,PARÁ,Brasil,1503606,15,33,4,0.0,0.01,Amazônia,5.4
198c0ecd-a473-3840-a5f7-0133e5a7b48c,  -3.556210, -60.440330,2026-05-29 17:52:00,NOAA-20,MANAQUIRI,AMAZONAS,Brasil,1302553,13,33,3,0.0,0.07,Amazônia,2.0
ec4d02de-f23c-330d-88dd-acba3d3d537f,  -2.504460, -57.741440,2026-05-29 17:52:00,NOAA-20,URUCARÁ,AMAZONAS,Brasil,1304302,13,33,0,2.01,0.21,Amazônia,7.1
9a3dc7fe-7d54-3e88-a35c-ebb09a6cca55,  -3.544380, -60.208800,2026-05-29 17:52:00,NOAA-20,CAREIRO,AMAZONAS,Brasil,1301100,13,33,3,0.0,0.66,Amazônia,3.7
8bf2ac23-6322-33a2-8e95-01667f756e62,  -3.548460, -60.208160,2026-05-29 17:52:00,NOAA-20,CAREIRO,AMAZONAS,Brasil,1301100,13,33,3,0.0,0.65,Amazônia,3.7
948e466e-c1f2-300a-b6ae-12ebbd71e4c5, -10.837900, -46.921000,2026-05-29 18:00:00,GOES-19,PONTE ALTA DO TOCANTINS,TOCANTINS,Brasil,1717909,17,33,6,0.0,0.99,Cerrado,148.0
2f6af353-deb2-325a-b03a-a4585cc5a761, -10.819200, -46.900900,2026-05-29 18:00:00,GOES-19,PONTE ALTA DO TOCANTINS,TOCANTINS,Brasil,1717909,17,33,6,0.0,0.78,Cerrado,109.7
7ea47775-aad3-3b00-a765-b49f51fdc0aa, -10.818800, -46.923300,2026-05-29 18:00:00,GOES-19,PONTE ALTA DO TOCANTINS,TOCANTINS,Brasil,1717909,17,33,6,0.0,0.97,Cerrado,212.3
78e988f6-6cb0-3511-ac55-2e161d1000fd, -10.539900, -46.531900,2026-05-29 18:00:00,GOES-19,MATEIROS,TOCANTINS,Brasil,1712702,17,33,11,0.0,0.99,Cerrado,126.8
e40e40de-2a98-38fc-b9f7-082addeb1bc6, -10.558900, -46.529600,2026-05-29 18:00:00,GOES-19,MATEIROS,TOCANTINS,Brasil,1712702,17,33,14,0.0,0.98,Cerrado,109.4
3d7de47b-3ee3-32c2-a65a-ae30449eb1e0, -10.837500, -46.943400,2026-05-29 18:00:00,GOES-19,PONTE ALTA DO TOCANTINS,TOCANTINS,Brasil,1717909,17,33,6,0.0,0.99,Cerrado,136.7
a0c50ba6-4b72-351b-b75a-6361ab0f4a1e, -19.772770, -40.268860,2026-05-29 18:24:00,AQUA_M-T,ARACRUZ,ESPÍRITO SANTO,Brasil,3200607,32,33,4,0.0,0.78,Mata Atlântica,26.0
285ae80d-a9d9-3b0a-89d7-2530be10bebc, -21.814630, -49.132090,2026-05-29 18:24:00,AQUA_M-T,IACANGA,SÃO PAULO,Brasil,3519105,35,33,5,0.0,0.35,Mata Atlântica,33.1
10e5947a-02c3-3c23-b85a-14d1c7eb802c, -20.182530, -41.878930,2026-05-29 18:24:00,AQUA_M-T,DURANDÉ,MINAS GERAIS,Brasil,3123528,31,33,3,0.81,0.9,Mata Atlântica,5.7
fdd29936-a823-35ff-8b5e-ac2068db069c, -14.646500, -41.808310,2026-05-29 18:24:00,AQUA_M-T,PRESIDENTE JÂNIO QUADROS,BAHIA,Brasil,2925709,29,33,5,0.19,0.79,Caatinga,9.9
b7c3cc9b-0f89-3829-962c-1fff1389eeac, -18.649410, -40.535420,2026-05-29 18:24:00,AQUA_M-T,VILA PAVÃO,ESPÍRITO SANTO,Brasil,3205150,32,33,6,0.04,1.0,Mata Atlântica,5.8
67cf31f9-4b84-3c6c-b8df-699ec10674ea, -19.774290, -40.278630,2026-05-29 18:24:00,AQUA_M-T,ARACRUZ,ESPÍRITO SANTO,Brasil,3200607,32,33,4,0.0,0.93,Mata Atlântica,93.6
6ba06528-b928-322e-af02-ddbe9a1740c7, -21.819960, -49.126390,2026-05-29 18:24:00,AQUA_M-T,IACANGA,SÃO PAULO,Brasil,3519105,35,33,5,0.0,0.78,Mata Atlântica,19.9
14e5dc5e-d41d-3689-841a-88cdf1b667f7, -15.266870, -43.892500,2026-05-29 18:24:00,AQUA_M-T,JAÍBA,MINAS GERAIS,Brasil,3135050,31,33,28,0.0,1.0,Cerrado,7.9
30a4053a-7d2b-3ac8-a26b-cc84d313b2c5, -19.781760, -40.267260,2026-05-29 18:24:00,AQUA_M-T,ARACRUZ,ESPÍRITO SANTO,Brasil,3200607,32,33,4,0.0,0.94,Mata Atlântica,9.9
8e6c03b0-4909-3af5-b300-0505cc14c5f4, -10.002690, -46.386710,2026-05-29 18:26:00,AQUA_M-T,ALTO PARNAÍBA,MARANHÃO,Brasil,2100501,21,33,8,0.0,0.9,Cerrado,14.5
804c409d-b809-35a2-9fbf-6f612071f724,  -8.267860, -47.157190,2026-05-29 18:26:00,AQUA_M-T,GOIATINS,TOCANTINS,Brasil,1709005,17,33,18,0.0,0.75,Cerrado,6.4
1c3e60fb-0405-3374-a80f-f07acace1661, -10.775180, -46.921950,2026-05-29 18:26:00,AQUA_M-T,PONTE ALTA DO TOCANTINS,TOCANTINS,Brasil,1717909,17,33,6,0.0,0.83,Cerrado,13.1
1e6d5858-be72-3073-860b-1f7c0f72988d,  -8.551380, -51.496620,2026-05-29 18:26:00,AQUA_M-T,CUMARU DO NORTE,PARÁ,Brasil,1502764,15,33,14,0.0,0.8,Amazônia,157.6
6f502263-168e-3351-952f-78d19712a0e6,  -7.280780, -43.541120,2026-05-29 18:26:00,AQUA_M-T,CANAVIEIRA,PIAUÍ,Brasil,2202251,22,33,34,0.0,1.0,Caatinga,6.1
0304e72c-e627-3e5b-9986-f2ff11690e6d, -10.508550, -48.106870,2026-05-29 18:26:00,AQUA_M-T,MONTE DO CARMO,TOCANTINS,Brasil,1713601,17,33,10,0.0,0.88,Cerrado,20.2
957da957-120a-3bb5-acd3-3619a2100ecb, -12.926080, -45.954980,2026-05-29 18:26:00,AQUA_M-T,SÃO DESIDÉRIO,BAHIA,Brasil,2928901,29,33,5,0.0,1.0,Cerrado,29.4
1786ec16-7467-3892-b9d1-186505e7d51e, -10.268500, -46.893610,2026-05-29 18:26:00,AQUA_M-T,MATEIROS,TOCANTINS,Brasil,1712702,17,33,30,0.0,1.0,Cerrado,19.9
94b1e261-6fbe-325c-b605-341a4a47e76f, -10.001250, -46.376580,2026-05-29 18:26:00,AQUA_M-T,ALTO PARNAÍBA,MARANHÃO,Brasil,2100501,21,33,7,0.0,0.86,Cerrado,6.6
ac17614f-e822-307f-87a3-c0bb3ad96852, -10.668900, -48.343170,2026-05-29 18:26:00,AQUA_M-T,PORTO NACIONAL,TOCANTINS,Brasil,1718204,17,33,6,0.0,0.93,Cerrado,56.5
1262ef8c-21b4-34bb-a15e-5a7d4f710c95,  -8.266310, -47.146350,2026-05-29 18:26:00,AQUA_M-T,GOIATINS,TOCANTINS,Brasil,1709005,17,33,18,0.0,0.86,Cerrado,8.2
3fcc058f-384f-39f2-92e5-6387d8864b0f,  -6.835510, -43.401010,2026-05-29 18:26:00,AQUA_M-T,JERUMENHA,PIAUÍ,Brasil,2205300,22,33,17,0.0,1.0,Caatinga,19.8
2df2c6cd-fa5d-3ae0-9327-492adc48923c,  -8.242990, -47.051270,2026-05-29 18:26:00,AQUA_M-T,CAMPOS LINDOS,TOCANTINS,Brasil,1703842,17,33,18,0.0,0.89,Cerrado,19.3
467342d0-b90e-3088-a1c2-0911391ddb7b, -10.399270, -52.530950,2026-05-29 18:26:00,AQUA_M-T,SÃO JOSÉ DO XINGU,MATO GROSSO,Brasil,5107354,51,33,13,0.0,1.0,Amazônia,42.8
ddba7d9a-c279-3bc9-8497-2c9a32aa7846,  -8.030490, -46.921830,2026-05-29 18:26:00,AQUA_M-T,CAMPOS LINDOS,TOCANTINS,Brasil,1703842,17,33,17,0.0,0.89,Cerrado,24.7
59f0a1eb-789c-320e-bb80-ad6f96036a32,  -9.359260, -47.930870,2026-05-29 18:26:00,AQUA_M-T,TOCANTÍNIA,TOCANTINS,Brasil,1721109,17,33,15,0.0,0.92,Cerrado,7.0
eac64928-051d-3511-ba27-cae80511c75e, -11.166050, -46.794680,2026-05-29 18:26:00,AQUA_M-T,ALMAS,TOCANTINS,Brasil,1700400,17,33,0,0.0,1.0,Cerrado,11.3
fc058109-984a-353b-b9dd-619c45145141,  -9.732490, -50.433690,2026-05-29 18:26:00,AQUA_M-T,SANTANA DO ARAGUAIA,PARÁ,Brasil,1506708,15,33,30,0.0,0.85,Amazônia,40.7
af58ad95-fb7e-3815-beb6-82cf6de7c3cc,  -6.938890, -42.739350,2026-05-29 18:26:00,AQUA_M-T,NAZARÉ DO PIAUÍ,PIAUÍ,Brasil,2206704,22,33,19,0.0,0.99,Caatinga,17.0
aa216deb-e08f-3562-9a38-21e951ac8cab, -12.210240, -43.191590,2026-05-29 18:26:00,AQUA_M-T,IBOTIRAMA,BAHIA,Brasil,2913200,29,33,6,0.0,1.0,Caatinga,21.3
90670634-207c-355d-920f-de7eda6189d9, -10.835780, -49.739580,2026-05-29 18:26:00,AQUA_M-T,LAGOA DA CONFUSÃO,TOCANTINS,Brasil,1711902,17,33,25,0.0,0.99,Cerrado,26.1
65b4b0c5-a175-37b9-884b-5c5b3e0c956e,  -6.825200, -43.393230,2026-05-29 18:26:00,AQUA_M-T,BARÃO DE GRAJAÚ,MARANHÃO,Brasil,2101509,21,33,17,0.0,0.97,Caatinga,15.2
0d9eb947-a9fe-31cd-bc1d-1a1ad5471b92,  -6.998500, -42.887120,2026-05-29 18:26:00,AQUA_M-T,FLORIANO,PIAUÍ,Brasil,2203909,22,33,26,0.0,0.99,Caatinga,29.7
f8daf81e-ca3b-3730-8238-6bc8873d3d32, -12.767200, -49.321970,2026-05-29 18:26:00,AQUA_M-T,TALISMÃ,TOCANTINS,Brasil,1720978,17,33,6,0.0,0.97,Cerrado,21.2
15e34163-a182-3ad5-9df8-f6a855dabed5, -13.692580, -42.039450,2026-05-29 18:26:00,AQUA_M-T,LIVRAMENTO DE NOSSA SENHORA,BAHIA,Brasil,2919504,29,33,5,0.0,0.96,Caatinga,4.6
8bd3b723-24d9-338a-a9df-a36fe5adf1e8,  -7.915270, -47.133740,2026-05-29 18:26:00,AQUA_M-T,CAROLINA,MARANHÃO,Brasil,2102804,21,33,15,0.0,0.76,Cerrado,8.1
442e672f-32c4-3018-b3d9-02ae94d5b796, -11.954990, -43.405110,2026-05-29 18:26:00,AQUA_M-T,MUQUÉM DO SÃO FRANCISCO,BAHIA,Brasil,2922250,29,33,5,0.1,1.0,Cerrado,13.7
993c3c2c-8c65-3247-9b96-bfb07e473123, -11.959850, -46.756330,2026-05-29 18:26:00,AQUA_M-T,DIANÓPOLIS,TOCANTINS,Brasil,1707009,17,33,0,0.0,0.92,Cerrado,21.5
a179cb2d-2b24-3a88-9f61-79309b5d7927, -11.704960, -44.160720,2026-05-29 18:26:00,AQUA_M-T,WANDERLEY,BAHIA,Brasil,2933455,29,33,3,0.0,1.0,Cerrado,6.4
f765f684-12f9-3abd-bfc9-d026c4d3165d,  -8.029020, -46.911470,2026-05-29 18:26:00,AQUA_M-T,CAMPOS LINDOS,TOCANTINS,Brasil,1703842,17,33,17,0.0,0.89,Cerrado,76.9
6e2ea71b-a723-3e5e-be7c-2dc03b3653e9, -10.294710, -46.917340,2026-05-29 18:26:00,AQUA_M-T,MATEIROS,TOCANTINS,Brasil,1712702,17,33,23,0.0,1.0,Cerrado,39.5
ae147318-9be7-3f6d-afe5-719439f42ad0,  -9.588150, -47.666380,2026-05-29 18:26:00,AQUA_M-T,RIO SONO,TOCANTINS,Brasil,1718758,17,33,31,0.0,0.99,Cerrado,28.1
29aa9d79-7962-320e-b734-66d8c372fee8,  -9.707040, -47.263770,2026-05-29 18:26:00,AQUA_M-T,RIO SONO,TOCANTINS,Brasil,1718758,17,33,29,0.0,0.99,Cerrado,15.8
2a739454-61c6-395c-8c72-786c3af99a27, -10.086170, -48.466450,2026-05-29 18:26:00,AQUA_M-T,PORTO NACIONAL,TOCANTINS,Brasil,1718204,17,33,15,0.0,0.67,Cerrado,18.0
cfa608e0-18bf-36bd-ab03-7141b390c522, -12.430580, -47.886420,2026-05-29 18:26:00,AQUA_M-T,PARANÃ,TOCANTINS,Brasil,1716208,17,33,6,0.0,0.98,Cerrado,65.2
5316c4b6-1226-342c-a18c-0095a836807a, -11.917290, -43.835270,2026-05-29 18:26:00,AQUA_M-T,WANDERLEY,BAHIA,Brasil,2933455,29,33,2,0.0,0.94,Cerrado,104.9
2e4444eb-fa0c-3e4f-bc70-491d7cced628, -11.983230, -47.892250,2026-05-29 18:26:00,AQUA_M-T,SÃO VALÉRIO,TOCANTINS,Brasil,1720499,17,33,6,0.0,0.84,Cerrado,26.9
e89b17ec-6aa7-37a9-8504-f57b4a708afb, -11.157830, -46.807570,2026-05-29 18:26:00,AQUA_M-T,ALMAS,TOCANTINS,Brasil,1700400,17,33,0,0.0,0.89,Cerrado,22.5
25864e1f-e7ac-32de-9cd5-c1bdc9b9a4b4, -11.748000, -43.558430,2026-05-29 18:26:00,AQUA_M-T,BARRA,BAHIA,Brasil,2902708,29,33,6,0.0,1.0,Cerrado,7.6
e7749f44-6b15-3a1c-b3c1-c0798af3bbed, -10.779340, -49.923610,2026-05-29 18:26:00,AQUA_M-T,LAGOA DA CONFUSÃO,TOCANTINS,Brasil,1711902,17,33,20,0.0,1.0,Cerrado,35.8
a035b2a4-c86d-3846-ba47-add74f531701, -11.421960, -40.638700,2026-05-29 18:26:00,AQUA_M-T,MIGUEL CALMON,BAHIA,Brasil,2921203,29,33,5,0.0,0.99,Caatinga,6.8
f1861a55-7e3c-3aee-9da9-a4720c81c568,  -7.457010, -47.711890,2026-05-29 18:26:00,AQUA_M-T,FILADÉLFIA,TOCANTINS,Brasil,1707702,17,33,14,0.0,0.71,Cerrado,8.3
a67da94d-cdb7-343a-a23a-e810d191dbd1,  -9.241490, -46.629750,2026-05-29 18:26:00,AQUA_M-T,ALTO PARNAÍBA,MARANHÃO,Brasil,2100501,21,33,37,0.0,0.64,Cerrado,11.2
3ac26529-3301-32af-939b-2d3eafb051d7,  -9.732200, -50.428800,2026-05-29 18:26:00,AQUA_M-T,SANTANA DO ARAGUAIA,PARÁ,Brasil,1506708,15,33,30,0.0,1.0,Amazônia,75.0
d1748f2a-d92b-321f-8274-394df2c6f107,  -9.248720, -49.153080,2026-05-29 18:26:00,AQUA_M-T,DOIS IRMÃOS DO TOCANTINS,TOCANTINS,Brasil,1707207,17,33,29,0.0,0.87,Cerrado,13.1
a859ace4-7fe4-3c36-8de1-c078f294abe9, -10.848040, -49.737940,2026-05-29 18:26:00,AQUA_M-T,LAGOA DA CONFUSÃO,TOCANTINS,Brasil,1711902,17,33,25,0.0,0.92,Cerrado,46.3
9e52e2a7-a897-354f-86c5-6435be0631ca,  -7.451330, -43.075810,2026-05-29 18:26:00,AQUA_M-T,ITAUEIRA,PIAUÍ,Brasil,2205102,22,33,16,0.0,1.0,Caatinga,6.1
b02282e8-d366-3794-aa85-b2d8c9908884, -11.541510, -46.845340,2026-05-29 18:26:00,AQUA_M-T,DIANÓPOLIS,TOCANTINS,Brasil,1707009,17,33,6,0.0,0.67,Cerrado,9.6
cd326a0c-2dbb-3c22-bc1e-14e4cf8496af, -11.918590, -43.844190,2026-05-29 18:26:00,AQUA_M-T,WANDERLEY,BAHIA,Brasil,2933455,29,33,2,0.0,0.93,Cerrado,13.0
4fa173b5-f827-3e25-b7cd-91bf327741a8, -11.551390, -46.843790,2026-05-29 18:26:00,AQUA_M-T,DIANÓPOLIS,TOCANTINS,Brasil,1707009,17,33,6,0.0,0.66,Cerrado,8.6
641ff25b-248d-365f-a73d-78c87a293db1, -10.786610, -46.932060,2026-05-29 18:26:00,AQUA_M-T,PONTE ALTA DO TOCANTINS,TOCANTINS,Brasil,1717909,17,33,6,0.0,1.0,Cerrado,15.4
0569c129-2d67-3e43-99ea-3defa931b118, -11.977150, -47.901900,2026-05-29 18:26:00,AQUA_M-T,SÃO VALÉRIO,TOCANTINS,Brasil,1720499,17,33,6,0.0,0.83,Cerrado,60.4
98ee7770-d8cd-33af-a022-f42a145e8a6d,  -8.997940, -47.608520,2026-05-29 18:26:00,AQUA_M-T,BOM JESUS DO TOCANTINS,TOCANTINS,Brasil,1703305,17,33,34,0.0,0.88,Cerrado,6.5
681a6cba-9741-3d0e-b94c-c69aa2f29608, -10.600670, -51.094480,2026-05-29 18:26:00,AQUA_M-T,SANTA TEREZINHA,MATO GROSSO,Brasil,5107776,51,33,25,0.0,0.85,Cerrado,57.7
0c5cd21e-dabb-314e-8268-246b72e9eb87,  -8.647200, -46.579550,2026-05-29 18:26:00,AQUA_M-T,BALSAS,MARANHÃO,Brasil,2101400,21,33,34,0.0,0.98,Cerrado,8.2
2341f4f5-e318-3746-9dd2-db859ae1fdf9, -10.284920, -46.918630,2026-05-29 18:26:00,AQUA_M-T,MATEIROS,TOCANTINS,Brasil,1712702,17,33,25,0.0,1.0,Cerrado,181.2
c8748714-a4b1-3358-9ce3-a02cc8cabeb3,  -9.413460, -47.364970,2026-05-29 18:26:00,AQUA_M-T,RIO SONO,TOCANTINS,Brasil,1718758,17,33,31,0.0,0.9,Cerrado,60.2
23f076db-f9d0-3ac3-946b-a7369f4e2fc0, -10.785030, -46.920570,2026-05-29 18:26:00,AQUA_M-T,PONTE ALTA DO TOCANTINS,TOCANTINS,Brasil,1717909,17,33,6,0.0,1.0,Cerrado,91.0
0db610b5-1189-3680-b7b8-3a3c7e234356,  -9.804370, -48.931330,2026-05-29 18:26:00,AQUA_M-T,BARROLÂNDIA,TOCANTINS,Brasil,1703107,17,33,12,0.0,0.95,Cerrado,18.1
7f3e820e-d63b-32d0-a670-44616ab908a8, -11.365310, -49.621730,2026-05-29 18:26:00,AQUA_M-T,DUERÉ,TOCANTINS,Brasil,1707306,17,33,7,0.0,1.0,Cerrado,31.0
7c3ae67b-5268-33d6-ae1f-010d85bdcf92, -10.646080, -49.728210,2026-05-29 18:26:00,AQUA_M-T,LAGOA DA CONFUSÃO,TOCANTINS,Brasil,1711902,17,33,28,0.0,1.0,Cerrado,39.9
d209d98a-5676-3115-a80b-20fc372dcace,  -9.548570, -48.047910,2026-05-29 18:26:00,AQUA_M-T,TOCANTÍNIA,TOCANTINS,Brasil,1721109,17,33,14,0.0,0.76,Cerrado,18.0
bc7c2d12-673a-3895-9ae8-4064898e42f3, -13.272730, -43.388850,2026-05-29 18:26:00,AQUA_M-T,BOM JESUS DA LAPA,BAHIA,Brasil,2903904,29,33,22,0.0,1.0,Caatinga,7.6
6e3ec45b-0ad9-3a2b-8def-79a91c70fa78, -11.953680, -43.396210,2026-05-29 18:26:00,AQUA_M-T,MUQUÉM DO SÃO FRANCISCO,BAHIA,Brasil,2922250,29,33,5,0.1,1.0,Cerrado,10.7
ada5d986-c097-3559-a6ba-21e985718e9a, -10.844130, -49.745180,2026-05-29 18:26:00,AQUA_M-T,LAGOA DA CONFUSÃO,TOCANTINS,Brasil,1711902,17,33,25,0.0,0.92,Cerrado,41.8
e3124383-0897-30a2-a215-9805976139d7, -10.668340, -48.364450,2026-05-29 18:26:00,AQUA_M-T,PORTO NACIONAL,TOCANTINS,Brasil,1718204,17,33,6,0.0,0.83,Cerrado,19.2
d121ebb1-fb6a-3955-935f-8f9029d45074, -10.281380, -46.914280,2026-05-29 18:26:00,AQUA_M-T,MATEIROS,TOCANTINS,Brasil,1712702,17,33,26,0.0,1.0,Cerrado,35.1
34e222df-dd05-3ab7-a137-ab75bbe442c1, -10.769260, -49.944120,2026-05-29 18:26:00,AQUA_M-T,LAGOA DA CONFUSÃO,TOCANTINS,Brasil,1711902,17,33,20,0.0,0.71,Cerrado,72.0
71558951-17b1-336b-bb01-02704e0111e2, -10.195600, -49.106470,2026-05-29 18:26:00,AQUA_M-T,CHAPADA DE AREIA,TOCANTINS,Brasil,1704600,17,33,21,0.0,0.73,Cerrado,50.9
dbac55b4-30fd-324d-a574-07305cfe32fd, -10.670770, -48.357480,2026-05-29 18:26:00,AQUA_M-T,PORTO NACIONAL,TOCANTINS,Brasil,1718204,17,33,6,0.0,0.71,Cerrado,72.3
ad4e4c35-e41b-39b4-a277-2735f9724cff,  -8.554400, -51.519740,2026-05-29 18:26:00,AQUA_M-T,CUMARU DO NORTE,PARÁ,Brasil,1502764,15,33,15,0.0,0.21,Amazônia,36.3
1fe0c7ae-ff3f-3254-8da3-10586b143734,  -9.136540, -47.649400,2026-05-29 18:26:00,AQUA_M-T,BOM JESUS DO TOCANTINS,TOCANTINS,Brasil,1703305,17,33,37,0.0,0.95,Cerrado,10.4
39fccc0d-1cf8-3c70-a6f9-16e1edfcb1fb, -11.975370, -47.888030,2026-05-29 18:26:00,AQUA_M-T,SÃO VALÉRIO,TOCANTINS,Brasil,1720499,17,33,6,0.0,0.84,Cerrado,39.5
c0032b4a-6398-3875-95d0-fd8e9e0afb10, -11.565140, -48.262180,2026-05-29 18:26:00,AQUA_M-T,SÃO VALÉRIO,TOCANTINS,Brasil,1720499,17,33,25,0.0,0.89,Cerrado,15.0
781e6b67-4c23-3f28-b200-427a6d38726a, -10.777550, -49.929040,2026-05-29 18:26:00,AQUA_M-T,LAGOA DA CONFUSÃO,TOCANTINS,Brasil,1711902,17,33,20,0.0,1.0,Cerrado,185.2
c8c906fc-c87c-3a84-892e-6f127f517a7f, -10.819360, -46.950760,2026-05-29 18:26:00,AQUA_M-T,PONTE ALTA DO TOCANTINS,TOCANTINS,Brasil,1717909,17,33,6,0.0,1.0,Cerrado,25.8
2474a571-28c3-392d-b68c-254815c03d94, -10.296220, -46.928440,2026-05-29 18:26:00,AQUA_M-T,MATEIROS,TOCANTINS,Brasil,1712702,17,33,23,0.0,1.0,Cerrado,54.3
8f9dd7f9-4a7f-3a43-8eba-5c17a03b0dae, -11.604070, -47.452720,2026-05-29 18:26:00,AQUA_M-T,NATIVIDADE,TOCANTINS,Brasil,1714203,17,33,6,0.0,0.67,Cerrado,21.8
de28348f-d29a-3111-b7b3-8e8794cce660, -12.094620, -48.204220,2026-05-29 18:26:00,AQUA_M-T,PEIXE,TOCANTINS,Brasil,1716604,17,33,6,0.0,0.84,Cerrado,31.3
d6b614cb-9a51-3b2a-b406-accaae5bd3df, -11.760500, -46.644690,2026-05-29 18:26:00,AQUA_M-T,NOVO JARDIM,TOCANTINS,Brasil,1715259,17,33,5,0.0,0.78,Cerrado,7.4
6f153de2-c96a-3bcf-9679-3a1d9e52d910,  -6.997070, -42.877590,2026-05-29 18:26:00,AQUA_M-T,FLORIANO,PIAUÍ,Brasil,2203909,22,33,26,0.0,0.99,Caatinga,27.7
a43adbb1-b40f-31c6-8066-2c543dbff4dd, -10.845740, -49.719700,2026-05-29 18:26:00,AQUA_M-T,LAGOA DA CONFUSÃO,TOCANTINS,Brasil,1711902,17,33,25,0.0,1.0,Cerrado,17.3
116a1597-c2f7-3250-99a0-ec245980d514, -13.221550, -42.776480,2026-05-29 18:26:00,AQUA_M-T,MACAÚBAS,BAHIA,Brasil,2919801,29,33,6,0.0,0.99,Caatinga,22.7
6c313019-0c56-3759-810b-a305f0331a42,  -8.736160, -48.322950,2026-05-29 18:26:00,AQUA_M-T,GUARAÍ,TOCANTINS,Brasil,1709302,17,33,16,0.0,0.58,Cerrado,20.7
a96f4ca6-8cc3-3444-84ac-ace630e66c51, -10.785950, -48.547010,2026-05-29 18:26:00,AQUA_M-T,PORTO NACIONAL,TOCANTINS,Brasil,1718204,17,33,15,0.0,0.38,Cerrado,16.7
e760615c-5ad1-3487-bcc6-8f88ce4d7049,  -9.415090, -47.376520,2026-05-29 18:26:00,AQUA_M-T,RIO SONO,TOCANTINS,Brasil,1718758,17,33,31,0.0,0.88,Cerrado,59.1
9f3003e3-9cf3-3094-add7-93af4492fd0e, -10.837140, -46.918210,2026-05-29 18:26:00,AQUA_M-T,PONTE ALTA DO TOCANTINS,TOCANTINS,Brasil,1717909,17,33,6,0.0,0.98,Cerrado,17.1
008c5c57-0ff2-3789-8063-ed6b34a5d9c9, -11.972500, -47.893940,2026-05-29 18:26:00,AQUA_M-T,SÃO VALÉRIO,TOCANTINS,Brasil,1720499,17,33,6,0.0,0.84,Cerrado,52.5
deb8eab4-69d7-385c-ac81-55d0adee8960, -10.548080, -46.538960,2026-05-29 18:26:00,AQUA_M-T,MATEIROS,TOCANTINS,Brasil,1712702,17,33,9,0.0,0.98,Cerrado,30.6
3118cbe7-d229-3f52-a85f-14a3fd4a36e9, -12.211560, -43.200520,2026-05-29 18:26:00,AQUA_M-T,IBOTIRAMA,BAHIA,Brasil,2913200,29,33,6,0.0,1.0,Cerrado,12.4
c17e7bf3-0315-35e8-ac01-3b7253aab859,  -9.550320, -48.060800,2026-05-29 18:26:00,AQUA_M-T,TOCANTÍNIA,TOCANTINS,Brasil,1721109,17,33,15,0.0,0.75,Cerrado,54.3
d6b8dd5b-96c3-33ab-a759-201e7dfe1ee2, -11.593690, -47.454000,2026-05-29 18:26:00,AQUA_M-T,NATIVIDADE,TOCANTINS,Brasil,1714203,17,33,6,0.0,0.66,Cerrado,13.5
181eadee-f7f5-3a3b-bd32-f0da19992723, -10.816180, -46.927930,2026-05-29 18:26:00,AQUA_M-T,PONTE ALTA DO TOCANTINS,TOCANTINS,Brasil,1717909,17,33,6,0.0,0.98,Cerrado,32.7
2d1716fb-1e5e-3d22-a597-323b9778a347,  -7.913730, -47.123040,2026-05-29 18:26:00,AQUA_M-T,CAROLINA,MARANHÃO,Brasil,2102804,21,33,15,0.0,0.77,Cerrado,5.4
d1569e19-7ec9-3d53-8b25-e53738c338ec, -11.851700, -43.961310,2026-05-29 18:26:00,AQUA_M-T,WANDERLEY,BAHIA,Brasil,2933455,29,33,5,0.0,1.0,Cerrado,5.4
b6ed7530-b84f-3dde-a921-bda9b2daef60,  -7.834720, -50.236970,2026-05-29 18:26:00,AQUA_M-T,PAU D'ARCO,PARÁ,Brasil,1505551,15,33,14,0.0,0.29,Amazônia,19.5
df3cfcc2-9af9-30a6-9843-c2084728772e, -10.026030, -44.740440,2026-05-29 18:26:00,AQUA_M-T,RIACHO FRIO,PIAUÍ,Brasil,2208858,22,33,38,0.0,0.87,Cerrado,9.0
ebebce35-fc9b-33bd-9cbe-975132962e52, -13.222880, -42.785440,2026-05-29 18:26:00,AQUA_M-T,MACAÚBAS,BAHIA,Brasil,2919801,29,33,6,0.0,0.99,Caatinga,61.2
433fd9a4-f32e-375a-9433-a145cf8df444,  -7.968660, -48.524520,2026-05-29 18:26:00,AQUA_M-T,COLINAS DO TOCANTINS,TOCANTINS,Brasil,1705508,17,33,14,0.0,1.0,Cerrado,12.4
e074a099-491b-3398-9d87-894512a12b64,  -9.270940, -40.427040,2026-05-29 18:26:00,AQUA_M-T,PETROLINA,PERNAMBUCO,Brasil,2611101,26,33,21,0.0,1.0,Caatinga,25.1
3996be41-b392-3336-8c6b-df6903a60a9e, -11.563380, -48.269180,2026-05-29 18:26:00,AQUA_M-T,SÃO VALÉRIO,TOCANTINS,Brasil,1720499,17,33,24,0.0,0.89,Cerrado,15.2
b6ccbb46-1f1a-3cbe-8bd6-84e74c30858b,  -8.841700, -46.717510,2026-05-29 18:26:00,AQUA_M-T,BALSAS,MARANHÃO,Brasil,2101400,21,33,37,0.0,0.87,Cerrado,35.7
1e83e1b1-3837-3954-b3b6-a1e74b01a430, -11.602370, -47.440190,2026-05-29 18:26:00,AQUA_M-T,NATIVIDADE,TOCANTINS,Brasil,1714203,17,33,6,0.0,0.31,Cerrado,37.9
edc5dd15-15d0-3521-87f9-49a9c553efd5, -10.781710, -49.942470,2026-05-29 18:26:00,AQUA_M-T,LAGOA DA CONFUSÃO,TOCANTINS,Brasil,1711902,17,33,20,0.0,0.83,Cerrado,15.9
50f406e2-94b1-3eff-a069-15ea8de2d6d0,  -9.766050, -48.058230,2026-05-29 18:26:00,AQUA_M-T,TOCANTÍNIA,TOCANTINS,Brasil,1721109,17,33,17,0.0,0.76,Cerrado,37.2
a19b0d5e-a166-3c45-af9c-340b99999acc,  -8.859160, -46.704470,2026-05-29 18:26:00,AQUA_M-T,BALSAS,MARANHÃO,Brasil,2101400,21,33,37,0.0,0.86,Cerrado,96.5
553962e8-d93f-35f0-a1ad-3b8faafbe3ac, -10.283420, -46.907520,2026-05-29 18:26:00,AQUA_M-T,MATEIROS,TOCANTINS,Brasil,1712702,17,33,26,0.0,1.0,Cerrado,66.9
dc7bf9cf-c77f-3531-a0ac-74919f6ec27c, -10.090000, -48.494810,2026-05-29 18:26:00,AQUA_M-T,PORTO NACIONAL,TOCANTINS,Brasil,1718204,17,33,15,0.0,0.93,Cerrado,15.2
2116c747-3c70-3ee7-b2e4-5ba12f3ba744,  -8.851170, -46.716190,2026-05-29 18:26:00,AQUA_M-T,BALSAS,MARANHÃO,Brasil,2101400,21,33,37,0.0,0.83,Cerrado,70.0
78b3648c-acff-31fe-8da3-baf401d5a04e,  -8.666840, -47.299460,2026-05-29 18:26:00,AQUA_M-T,RECURSOLÂNDIA,TOCANTINS,Brasil,1718501,17,33,21,0.0,0.73,Cerrado,9.3
b47eb503-7fe1-3d3d-84cf-781f5a4e444d, -10.820960, -46.962230,2026-05-29 18:26:00,AQUA_M-T,PONTE ALTA DO TOCANTINS,TOCANTINS,Brasil,1717909,17,33,6,0.0,0.99,Cerrado,12.0
42726dc9-f257-317b-819e-161fbfdd3fa8, -11.915990, -43.826360,2026-05-29 18:26:00,AQUA_M-T,WANDERLEY,BAHIA,Brasil,2933455,29,33,2,0.0,0.95,Cerrado,11.7
96dd3071-7642-38ca-bae0-cb2616bdaad5,  -8.860650, -46.714860,2026-05-29 18:26:00,AQUA_M-T,BALSAS,MARANHÃO,Brasil,2101400,21,33,37,0.0,0.93,Cerrado,152.5
c4b34aba-6c1a-3281-9202-2569b7ed5394, -10.786040, -48.541420,2026-05-29 18:26:00,AQUA_M-T,PORTO NACIONAL,TOCANTINS,Brasil,1718204,17,33,15,0.0,0.54,Cerrado,19.6
aaefbaf4-c617-3d0a-92c7-636606367f3c,  -7.449930, -43.066530,2026-05-29 18:26:00,AQUA_M-T,ITAUEIRA,PIAUÍ,Brasil,2205102,22,33,16,0.0,1.0,Caatinga,6.9
841e2ce1-8487-38c9-8632-386263a0065c,  -8.548360, -51.473500,2026-05-29 18:26:00,AQUA_M-T,CUMARU DO NORTE,PARÁ,Brasil,1502764,15,33,14,0.0,0.5,Amazônia,22.7
9e350aa8-2f4a-3a1f-a772-a1bfd32854e6, -10.286440, -46.929800,2026-05-29 18:26:00,AQUA_M-T,MATEIROS,TOCANTINS,Brasil,1712702,17,33,25,0.0,1.0,Cerrado,14.8
4cbd7dcd-3960-3854-a5d7-cf50f65a1d72, -10.666370, -48.350170,2026-05-29 18:26:00,AQUA_M-T,PORTO NACIONAL,TOCANTINS,Brasil,1718204,17,33,6,0.0,0.93,Cerrado,69.3
fd736656-dfab-3037-ad0b-8de23458a219,  -9.189950, -48.635200,2026-05-29 18:26:00,AQUA_M-T,FORTALEZA DO TABOCÃO,TOCANTINS,Brasil,1708254,17,33,31,0.0,0.79,Cerrado,27.2
43f1d1b6-90de-33da-9e17-188e07a17a31,  -8.731590, -48.328980,2026-05-29 18:26:00,AQUA_M-T,GUARAÍ,TOCANTINS,Brasil,1709302,17,33,15,0.0,0.33,Cerrado,16.5
3343d838-54da-380a-859f-d7c24746e6ef,  -7.580670, -42.646910,2026-05-29 18:26:00,AQUA_M-T,SÃO JOSÉ DO PEIXE,PIAUÍ,Brasil,2210102,22,33,29,0.0,1.0,Caatinga,60.5
c576872c-1d2f-3018-894a-9e51c9eac8fb, -10.991070, -45.095570,2026-05-29 18:26:00,AQUA_M-T,FORMOSA DO RIO PRETO,BAHIA,Brasil,2911105,29,33,32,0.0,1.0,Cerrado,10.0
1dea394b-10e4-3cfb-8121-fd89971c84d5,  -8.490560, -46.464760,2026-05-29 18:26:00,AQUA_M-T,BALSAS,MARANHÃO,Brasil,2101400,21,33,34,0.0,0.91,Cerrado,10.7
d06d88b3-a853-3976-8a6c-c8372119e34a, -11.853000, -43.970250,2026-05-29 18:26:00,AQUA_M-T,WANDERLEY,BAHIA,Brasil,2933455,29,33,5,0.0,1.0,Cerrado,22.2
6a53136a-09d1-3c9a-9e80-b54064b41c0e, -10.841700, -49.726960,2026-05-29 18:26:00,AQUA_M-T,LAGOA DA CONFUSÃO,TOCANTINS,Brasil,1711902,17,33,25,0.0,0.96,Cerrado,54.6
7bbcb016-acbf-3145-bdec-c02cbe39cce4,  -7.006240, -43.867430,2026-05-29 18:26:00,AQUA_M-T,MARCOS PARENTE,PIAUÍ,Brasil,2206001,22,33,25,0.0,0.9,Cerrado,11.5
6945bb09-b80d-39be-abb8-76cf83d2bee5,  -8.393040, -46.877140,2026-05-29 18:26:00,AQUA_M-T,CAMPOS LINDOS,TOCANTINS,Brasil,1703842,17,33,18,0.0,0.96,Cerrado,6.0
63ca7f22-fc06-3208-8bc8-c2313ffc0dfc,  -7.579200, -42.637230,2026-05-29 18:26:00,AQUA_M-T,SÃO JOSÉ DO PEIXE,PIAUÍ,Brasil,2210102,22,33,30,0.0,1.0,Caatinga,13.1
2973986a-91f2-3e9a-aeaf-26e293909a20,  -9.188060, -48.621380,2026-05-29 18:26:00,AQUA_M-T,FORTALEZA DO TABOCÃO,TOCANTINS,Brasil,1708254,17,33,31,0.0,0.55,Cerrado,27.5
547074c4-17bb-3096-82d7-d0aeb6b30c70,  -9.729730, -50.409140,2026-05-29 18:26:00,AQUA_M-T,SANTANA DO ARAGUAIA,PARÁ,Brasil,1506708,15,33,30,0.0,1.0,Amazônia,100.9
22269398-4089-37d3-ad80-a764b4650041, -11.592020, -47.441570,2026-05-29 18:26:00,AQUA_M-T,NATIVIDADE,TOCANTINS,Brasil,1714203,17,33,6,0.0,0.45,Cerrado,21.2
57a816d5-797b-3415-b888-e11d24627976,  -9.729870, -50.414060,2026-05-29 18:26:00,AQUA_M-T,SANTANA DO ARAGUAIA,PARÁ,Brasil,1506708,15,33,30,0.0,1.0,Amazônia,129.5
0b555248-8557-33a1-91b6-90a1cd6e6c27, -12.302640, -52.486000,2026-05-29 18:26:00,AQUA_M-T,QUERÊNCIA,MATO GROSSO,Brasil,5107065,51,33,14,0.0,0.25,Amazônia,51.1
7e28aefe-7390-319e-b54f-18ba5ab709bf, -10.780050, -49.947870,2026-05-29 18:26:00,AQUA_M-T,LAGOA DA CONFUSÃO,TOCANTINS,Brasil,1711902,17,33,20,0.0,0.67,Cerrado,21.9
1d28890a-7f55-3a64-95f8-cb3b15d09513, -10.088080, -48.480610,2026-05-29 18:26:00,AQUA_M-T,PORTO NACIONAL,TOCANTINS,Brasil,1718204,17,33,15,0.0,0.86,Cerrado,18.3
192d3cd6-c76b-3b03-b239-4dbee3abe994, -10.766910, -49.925270,2026-05-29 18:26:00,AQUA_M-T,LAGOA DA CONFUSÃO,TOCANTINS,Brasil,1711902,17,33,19,0.0,1.0,Cerrado,119.4
a27bdd2e-d4fe-3fab-ba63-71542c48c902,  -8.840230, -46.707150,2026-05-29 18:26:00,AQUA_M-T,BALSAS,MARANHÃO,Brasil,2101400,21,33,37,0.0,0.85,Cerrado,13.6
81559cb5-6877-38f1-a6f3-1647227ac89f,  -6.826580, -43.402400,2026-05-29 18:26:00,AQUA_M-T,BARÃO DE GRAJAÚ,MARANHÃO,Brasil,2101509,21,33,16,0.0,1.0,Caatinga,50.0
af57a496-0414-3904-aac0-cd3f9b1db5e2,  -9.767840, -48.071250,2026-05-29 18:26:00,AQUA_M-T,TOCANTÍNIA,TOCANTINS,Brasil,1721109,17,33,17,0.0,0.75,Cerrado,23.4
294aad57-595b-3cdb-b023-55b7abbce791, -11.958280, -46.744790,2026-05-29 18:26:00,AQUA_M-T,NOVO JARDIM,TOCANTINS,Brasil,1715259,17,33,0,0.0,0.76,Cerrado,7.4
fbd3aa91-8e65-3c24-bb3d-3a3511839bb9, -11.470450, -46.693150,2026-05-29 18:26:00,AQUA_M-T,DIANÓPOLIS,TOCANTINS,Brasil,1707009,17,33,3,0.0,0.8,Cerrado,8.9
4abfafa9-f88c-36b9-9ae1-f9b6640539da, -10.557630, -46.537450,2026-05-29 18:26:00,AQUA_M-T,MATEIROS,TOCANTINS,Brasil,1712702,17,33,12,0.0,0.95,Cerrado,21.3
459e3976-f732-3688-a715-354ac61baf45,  -8.849700, -46.705820,2026-05-29 18:26:00,AQUA_M-T,BALSAS,MARANHÃO,Brasil,2101400,21,33,37,0.0,0.83,Cerrado,29.3
6d83ea13-2dd0-3349-9c69-59a0b5fe3d16,  -9.705460, -47.252210,2026-05-29 18:26:00,AQUA_M-T,RIO SONO,TOCANTINS,Brasil,1718758,17,33,28,0.0,1.0,Cerrado,12.6
ee135207-73d4-3011-a1b7-e26d7066cc8e,  -6.940350, -42.749000,2026-05-29 18:26:00,AQUA_M-T,NAZARÉ DO PIAUÍ,PIAUÍ,Brasil,2206704,22,33,20,0.0,0.99,Caatinga,17.6
7be59ef1-fd75-3bb8-befd-a2a94b4a605b, -10.837970, -48.764420,2026-05-29 18:26:00,AQUA_M-T,BREJINHO DE NAZARÉ,TOCANTINS,Brasil,1703701,17,33,7,0.0,0.71,Cerrado,71.9
6681b4a9-9e64-3650-83cc-f65ef96c13c1,  -6.686910, -47.993570,2026-05-29 18:28:00,AQUA_M-T,DARCINÓPOLIS,TOCANTINS,Brasil,1706506,17,33,13,0.0,0.71,Cerrado,11.1
b58341ac-e255-3055-8ad5-fd9b6b80a384,  -6.907430, -47.961690,2026-05-29 18:28:00,AQUA_M-T,WANDERLÂNDIA,TOCANTINS,Brasil,1722081,17,33,11,0.0,0.57,Cerrado,15.2
2dac9c07-6429-3661-b744-2a19816cc023,  -6.462110, -44.825440,2026-05-29 18:28:00,AQUA_M-T,MIRADOR,MARANHÃO,Brasil,2106706,21,33,11,0.0,0.76,Cerrado,14.2
50a86ca6-6d4b-3880-acf4-379c8eb7b092,  -6.749730, -45.014540,2026-05-29 18:28:00,AQUA_M-T,LORETO,MARANHÃO,Brasil,2106102,21,33,18,0.0,0.94,Cerrado,11.4
98b78481-81cf-38ca-bd29-e8d627b9b3d8,  -6.989240, -50.461010,2026-05-29 18:28:00,AQUA_M-T,ÁGUA AZUL DO NORTE,PARÁ,Brasil,1500347,15,33,13,0.0,0.74,Amazônia,12.1
ff5160d7-0aac-3cd3-b72a-d503646119df,  -6.664330, -47.551860,2026-05-29 18:28:00,AQUA_M-T,PALMEIRAS DO TOCANTINS,TOCANTINS,Brasil,1713809,17,33,10,0.0,0.83,Cerrado,13.0
7b92a2ac-5605-3fbe-a9c6-e24d4791af80,  -6.463390, -44.834190,2026-05-29 18:28:00,AQUA_M-T,MIRADOR,MARANHÃO,Brasil,2106706,21,33,11,0.0,0.76,Cerrado,8.1
cf4483f0-a3e1-3d50-87f6-80fff8cec1c9,  -5.807640, -45.135250,2026-05-29 18:28:00,AQUA_M-T,BARRA DO CORDA,MARANHÃO,Brasil,2101608,21,33,10,0.0,0.43,Cerrado,71.8
bbb16fa0-a06e-3bc8-91ce-348acadd9e21,  -6.396500, -44.174450,2026-05-29 18:28:00,AQUA_M-T,SUCUPIRA DO NORTE,MARANHÃO,Brasil,2111904,21,33,16,0.0,0.88,Cerrado,7.9
cf9683dc-bc95-367c-998e-6c66a88b690b,  -5.815110, -45.125190,2026-05-29 18:28:00,AQUA_M-T,BARRA DO CORDA,MARANHÃO,Brasil,2101608,21,33,10,0.0,0.61,Cerrado,20.2
12688ac1-61a6-3bc3-a8ea-866ae3722674,  -6.429190, -50.206610,2026-05-29 18:28:00,AQUA_M-T,CANAÃ DOS CARAJÁS,PARÁ,Brasil,1502152,15,33,14,0.0,0.89,Amazônia,13.8
861dc4c9-490f-3e6f-9d4e-dc0665375ce1,  -6.985590, -50.466670,2026-05-29 18:28:00,AQUA_M-T,ÁGUA AZUL DO NORTE,PARÁ,Brasil,1500347,15,33,13,0.0,0.74,Amazônia,13.2
b676d4cd-be04-306a-a934-895673fea81e,  -6.688580, -48.005460,2026-05-29 18:28:00,AQUA_M-T,DARCINÓPOLIS,TOCANTINS,Brasil,1706506,17,33,13,0.0,0.47,Cerrado,7.3
3082568b-6e5a-3444-a0f3-7ae4bc19cea5,  -6.431440, -50.223190,2026-05-29 18:28:00,AQUA_M-T,CANAÃ DOS CARAJÁS,PARÁ,Brasil,1502152,15,33,14,0.0,0.72,Amazônia,14.6
541f9477-2c5a-3323-af01-7a3b2cb75693,  -6.260030, -48.517270,2026-05-29 18:28:00,AQUA_M-T,SÃO GERALDO DO ARAGUAIA,PARÁ,Brasil,1507458,15,33,12,0.0,1.0,Amazônia,16.8
053e2acc-38af-3721-8ad6-bd9ee44fd9a7,  -5.282810, -50.946900,2026-05-29 18:28:00,AQUA_M-T,SÃO FÉLIX DO XINGU,PARÁ,Brasil,1507300,15,33,6,0.0,0.18,Amazônia,15.2
637f12f9-db51-3e2c-9b01-62d20a0be1c6,  -5.806350, -45.126480,2026-05-29 18:28:00,AQUA_M-T,BARRA DO CORDA,MARANHÃO,Brasil,2101608,21,33,10,0.0,0.62,Cerrado,36.8
e4df38e0-9f9a-36c6-8a80-e54d1db1e3f0,  -7.888390, -63.730910,2026-05-29 18:38:00,NOAA-21,CANUTAMA,AMAZONAS,Brasil,1300904,13,33,8,0.0,0.72,Amazônia,4.9
ebf08d41-91af-36a6-b571-b93b39b3815d,  -9.261340, -72.706700,2026-05-29 18:38:00,NOAA-21,MARECHAL THAUMATURGO,ACRE,Brasil,1200351,12,33,10,0.7,0.13,Amazônia,8.1
5a4b2406-c2f9-3f1b-b156-2b688f3553fb,  -9.412690, -71.257710,2026-05-29 18:38:00,NOAA-21,FEIJÓ,ACRE,Brasil,1200302,12,33,11,0.2,0.21,Amazônia,5.2
87835be5-9d2f-3c42-aad9-811058e29d2d,  -7.894510, -63.728640,2026-05-29 18:38:00,NOAA-21,CANUTAMA,AMAZONAS,Brasil,1300904,13,33,7,0.0,0.35,Amazônia,6.6
16fe2c6a-d358-3dcb-9a4a-6c61f4082814, -10.744580, -69.476010,2026-05-29 18:38:00,NOAA-21,ASSIS BRASIL,ACRE,Brasil,1200054,12,33,11,0.0,0.3,Amazônia,4.0
3d81b4d1-c9c5-32b0-bb00-76c5d36fd42c,  -9.261820, -72.708390,2026-05-29 18:38:00,NOAA-21,MARECHAL THAUMATURGO,ACRE,Brasil,1200351,12,33,10,0.7,0.14,Amazônia,5.6
d7a80178-2db5-38fd-9b74-eb46cdb487bf, -11.591000, -47.449600,2026-05-29 18:40:00,GOES-19,NATIVIDADE,TOCANTINS,Brasil,1714203,17,33,6,0.0,0.65,Cerrado,114.8
176ca024-6110-33eb-8b8d-19627d7d1bd2, -11.591000, -47.449600,2026-05-29 18:50:00,GOES-19,NATIVIDADE,TOCANTINS,Brasil,1714203,17,33,6,0.0,0.65,Cerrado,148.9
30aaecce-7ad0-3b41-bd99-1e17b2e2f49c, -11.591000, -47.449600,2026-05-29 19:00:00,GOES-19,NATIVIDADE,TOCANTINS,Brasil,1714203,17,33,6,0.0,0.65,Cerrado,154.3
708fc814-25bf-3bc7-8ac2-1f3a3075a1e3, -11.920300, -43.926200,2026-05-29 19:00:00,GOES-19,WANDERLEY,BAHIA,Brasil,2933455,29,33,4,0.0,0.98,Cerrado,129.6
d4b8c21c-cdf0-3c29-826c-e4b8270a5ebd, -11.920300, -43.926200,2026-05-29 19:10:00,GOES-19,WANDERLEY,BAHIA,Brasil,2933455,29,33,4,0.0,0.98,Cerrado,118.5
934b1c70-4707-309b-bdff-cdcef4655e14, -11.920300, -43.926200,2026-05-29 19:20:00,GOES-19,WANDERLEY,BAHIA,Brasil,2933455,29,33,4,0.0,0.98,Cerrado,111.2
9f9c2708-d119-39e3-bbbd-bd0ce014902b, -10.268700, -46.900900,2026-05-29 19:20:00,GOES-19,MATEIROS,TOCANTINS,Brasil,1712702,17,33,29,0.0,1.0,Cerrado,74.1
f3f9a4d5-3a99-3b44-af3b-aed41f4a9bd8, -11.920300, -43.926200,2026-05-29 19:30:00,GOES-19,WANDERLEY,BAHIA,Brasil,2933455,29,33,4,0.0,0.98,Cerrado,94.7
21217093-c709-37c0-ac3b-036d826d22da, -11.571900, -47.452100,2026-05-29 19:40:00,GOES-19,NATIVIDADE,TOCANTINS,Brasil,1714203,17,33,6,0.0,0.65,Cerrado,92.4
cc98b030-60eb-367c-9d15-406a3c9cf133, -11.920300, -43.926200,2026-05-29 19:50:00,GOES-19,WANDERLEY,BAHIA,Brasil,2933455,29,33,4,0.0,0.98,Cerrado,101.0
b645cc46-fd90-3723-becc-d1750cf3b2e4, -11.591000, -47.449600,2026-05-29 20:00:00,GOES-19,NATIVIDADE,TOCANTINS,Brasil,1714203,17,33,6,0.0,0.65,Cerrado,181.7
a747e0e2-6924-3c67-b8cc-1a40a63e26c4, -11.920300, -43.926200,2026-05-29 20:00:00,GOES-19,WANDERLEY,BAHIA,Brasil,2933455,29,33,4,0.0,0.98,Cerrado,95.6
69a1e780-6884-3a67-b35c-ffcacba88c5f,  -7.318150, -72.627570,2026-05-29 20:06:00,AQUA_M-T,GUAJARÁ,AMAZONAS,Brasil,1301654,13,33,5,0.33,0.18,Amazônia,7.0
3cacf677-f63d-3b3c-8bf0-994de01956f2,  -7.392820, -72.646540,2026-05-29 20:06:00,AQUA_M-T,GUAJARÁ,AMAZONAS,Brasil,1301654,13,33,7,0.4,0.19,Amazônia,66.9
1f8acf85-9652-3cd9-bfd1-6d1b54b9e026,  -7.394450, -72.658420,2026-05-29 20:06:00,AQUA_M-T,GUAJARÁ,AMAZONAS,Brasil,1301654,13,33,7,0.4,0.19,Amazônia,86.3
a754f1aa-bf28-3a8e-85d5-8af7bbc664ee, -11.591000, -47.449600,2026-05-29 20:10:00,GOES-19,NATIVIDADE,TOCANTINS,Brasil,1714203,17,33,6,0.0,0.65,Cerrado,140.0
e3a31a3e-0357-39f2-8e2a-086aaf1923b1, -11.571900, -47.452100,2026-05-29 20:10:00,GOES-19,NATIVIDADE,TOCANTINS,Brasil,1714203,17,33,6,0.0,0.65,Cerrado,83.4
d3058f94-fb13-34a1-b13c-88e691d55307, -11.591000, -47.449600,2026-05-29 21:40:00,GOES-19,NATIVIDADE,TOCANTINS,Brasil,1714203,17,33,6,0.0,0.65,Cerrado,112.8
5d5a3cfe-e7c0-3df0-954e-43e003a62a7f, -10.780400, -46.950500,2026-05-29 21:40:00,GOES-19,PONTE ALTA DO TOCANTINS,TOCANTINS,Brasil,1717909,17,33,6,0.0,1.0,Cerrado,59.1
d12b9413-024a-3f8f-b5fd-1f3906b41182, -10.780800, -46.928100,2026-05-29 21:40:00,GOES-19,PONTE ALTA DO TOCANTINS,TOCANTINS,Brasil,1717909,17,33,6,0.0,0.98,Cerrado,91.9
2542dd71-0f58-3dc5-b2af-1aafe04b50e3, -17.596100, -46.641500,2026-05-29 21:50:00,GOES-19,VAZANTE,MINAS GERAIS,Brasil,3171006,31,33,13,0.5,0.53,Cerrado,106.4
7acf09dd-0139-3e05-890c-2ae815ec69c9, -11.769100, -47.068500,2026-05-29 21:50:00,GOES-19,DIANÓPOLIS,TOCANTINS,Brasil,1707009,17,33,6,0.0,0.67,Cerrado,69.2
32d4fdd1-2ea4-372a-bece-334f73798e56, -11.591000, -47.449600,2026-05-29 21:50:00,GOES-19,NATIVIDADE,TOCANTINS,Brasil,1714203,17,33,6,0.0,0.65,Cerrado,83.8
6cd0f889-7cca-3b01-80ca-52a2ee1cc09a, -17.595600, -46.664800,2026-05-29 21:50:00,GOES-19,VAZANTE,MINAS GERAIS,Brasil,3171006,31,33,12,0.45,0.52,Cerrado,129.4
daa54666-8a03-32f3-b9d0-385840f6fd60, -10.780800, -46.928100,2026-05-29 21:50:00,GOES-19,PONTE ALTA DO TOCANTINS,TOCANTINS,Brasil,1717909,17,33,6,0.0,0.98,Cerrado,98.3
d833474d-dcf4-3aa9-9c59-adb4c25a301c, -10.780400, -46.950500,2026-05-29 21:50:00,GOES-19,PONTE ALTA DO TOCANTINS,TOCANTINS,Brasil,1717909,17,33,6,0.0,1.0,Cerrado,87.6
0082a24a-1f22-3b08-ae93-02f3adef9d10, -11.769100, -47.068500,2026-05-29 22:00:00,GOES-19,DIANÓPOLIS,TOCANTINS,Brasil,1707009,17,33,6,0.0,0.67,Cerrado,68.4
9557a702-9258-38f5-a107-7f0cf9763c36, -11.591000, -47.449600,2026-05-29 22:00:00,GOES-19,NATIVIDADE,TOCANTINS,Brasil,1714203,17,33,6,0.0,0.65,Cerrado,87.4
e34dc68d-0487-329a-ad82-342b86c84ef1,  -7.337700, -49.858500,2026-05-29 22:00:00,GOES-19,RIO MARIA,PARÁ,Brasil,1506161,15,33,13,0.0,0.81,Amazônia,100.2
5c508f59-d869-3346-8d39-b4d9d49d5b4a,  -7.337700, -49.858500,2026-05-29 22:10:00,GOES-19,RIO MARIA,PARÁ,Brasil,1506161,15,33,13,0.0,0.81,Amazônia,97.5
64df2bcf-c0b4-3ccd-863c-ac71326f25b7,  -9.922100, -48.681100,2026-05-29 22:10:00,GOES-19,MIRACEMA DO TOCANTINS,TOCANTINS,Brasil,1713205,17,33,22,0.0,0.79,Cerrado,86.4
88cfaca7-4f6b-3cd6-9c8b-fe4de60f8c98, -11.632900, -55.184400,2026-05-29 22:10:00,GOES-19,CLÁUDIA,MATO GROSSO,Brasil,5103056,51,33,13,0.0,0.36,Amazônia,80.8
d855cade-b9ab-3dda-ada6-c8329949540d,  -9.921800, -48.702900,2026-05-29 22:10:00,GOES-19,MIRACEMA DO TOCANTINS,TOCANTINS,Brasil,1713205,17,33,25,0.0,1.0,Cerrado,55.6
0c29fcd2-ed99-30bf-9b09-663ecf9813c8,  -9.941000, -48.679100,2026-05-29 22:10:00,GOES-19,MIRACEMA DO TOCANTINS,TOCANTINS,Brasil,1713205,17,33,20,0.0,1.0,Cerrado,80.1
83363c4d-78ea-3ae4-846b-85523a271734, -11.564700, -54.579400,2026-05-29 22:10:00,GOES-19,UNIÃO DO SUL,MATO GROSSO,Brasil,5108303,51,33,13,0.0,0.28,Amazônia,70.5
1ed5ca88-770a-3a22-bb8b-c6160079b26f, -11.591000, -47.449600,2026-05-29 22:10:00,GOES-19,NATIVIDADE,TOCANTINS,Brasil,1714203,17,33,6,0.0,0.65,Cerrado,90.9
c461ab73-3504-35a9-9c64-c92f67028839, -11.591000, -47.449600,2026-05-29 22:20:00,GOES-19,NATIVIDADE,TOCANTINS,Brasil,1714203,17,33,6,0.0,0.65,Cerrado,78.3
cda0eae0-d70c-3194-a50a-5c647d732a37, -11.632100, -56.877100,2026-05-29 22:20:00,GOES-19,PORTO DOS GAÚCHOS,MATO GROSSO,Brasil,5106802,51,33,11,0.1,0.67,Amazônia,55.2
c1aafe5b-20ac-3b11-a0a1-05ed1a95e204, -10.799400, -46.948100,2026-05-29 22:20:00,GOES-19,PONTE ALTA DO TOCANTINS,TOCANTINS,Brasil,1717909,17,33,6,0.0,1.0,Cerrado,112.7
8ef55079-3ff5-3dfe-b206-ebf871999b96,  -7.337700, -49.858500,2026-05-29 22:20:00,GOES-19,RIO MARIA,PARÁ,Brasil,1506161,15,33,13,0.0,0.81,Amazônia,74.9
94f2059f-9628-3088-b9ee-5012e31ba872, -11.564700, -54.579400,2026-05-29 22:20:00,GOES-19,UNIÃO DO SUL,MATO GROSSO,Brasil,5108303,51,33,13,0.0,0.28,Amazônia,72.4
7f8f0114-5f24-318a-a8dc-c292984039c7,  -9.921800, -48.702900,2026-05-29 22:20:00,GOES-19,MIRACEMA DO TOCANTINS,TOCANTINS,Brasil,1713205,17,33,25,0.0,1.0,Cerrado,67.2
98042a05-a5fe-3ef6-8655-1ad6e6314a26,  -9.922100, -48.681100,2026-05-29 22:20:00,GOES-19,MIRACEMA DO TOCANTINS,TOCANTINS,Brasil,1713205,17,33,22,0.0,0.79,Cerrado,93.8
496647ae-b768-3be1-b7c4-a4100738caa8, -10.818500, -46.945800,2026-05-29 22:20:00,GOES-19,PONTE ALTA DO TOCANTINS,TOCANTINS,Brasil,1717909,17,33,6,0.0,1.0,Cerrado,78.9
7803ec41-139c-33a0-a16d-9a4be484a101,  -9.940700, -48.700900,2026-05-29 22:20:00,GOES-19,MIRACEMA DO TOCANTINS,TOCANTINS,Brasil,1713205,17,33,23,0.0,1.0,Cerrado,59.9
d1b9fb88-729c-39d8-bccb-abcf1bc5dab2, -11.800700, -57.003200,2026-05-29 22:20:00,GOES-19,PORTO DOS GAÚCHOS,MATO GROSSO,Brasil,5106802,51,33,12,0.86,0.27,Amazônia,69.2
7a52966d-2fcd-3ddd-84cb-2a33db74ffe0, -10.799100, -46.970500,2026-05-29 22:20:00,GOES-19,PONTE ALTA DO TOCANTINS,TOCANTINS,Brasil,1717909,17,33,6,0.0,1.0,Cerrado,91.8
cd776b29-ed32-396e-a30d-05c96808013e, -11.632900, -55.184400,2026-05-29 22:20:00,GOES-19,CLÁUDIA,MATO GROSSO,Brasil,5103056,51,33,13,0.0,0.36,Amazônia,73.9
3ae95e10-9822-358c-b5c2-c1bec8352016,  -9.941000, -48.679100,2026-05-29 22:20:00,GOES-19,MIRACEMA DO TOCANTINS,TOCANTINS,Brasil,1713205,17,33,20,0.0,1.0,Cerrado,83.4
c7096dad-88fb-3244-9fc0-5f6fba829079, -16.165500, -58.484200,2026-05-29 22:20:00,GOES-19,CÁCERES,MATO GROSSO,Brasil,5102504,51,33,10,0.0,0.33,Pantanal,60.1
f9a2a856-a3db-354d-ab73-cd0ac24f2c7f,  -7.337700, -49.858500,2026-05-29 22:30:00,GOES-19,RIO MARIA,PARÁ,Brasil,1506161,15,33,13,0.0,0.81,Amazônia,66.0
25e8ac62-6c03-3b23-8432-073f3397d0e4, -11.591000, -47.449600,2026-05-29 22:30:00,GOES-19,NATIVIDADE,TOCANTINS,Brasil,1714203,17,33,6,0.0,0.65,Cerrado,72.1
db00a47e-b513-3241-bc9e-6c4ebcc3fde5, -16.165500, -58.484200,2026-05-29 22:30:00,GOES-19,CÁCERES,MATO GROSSO,Brasil,5102504,51,33,10,0.0,0.33,Pantanal,52.0
f7eac3fa-22a2-3250-b9bd-3416b73494b9,  -9.922100, -48.681100,2026-05-29 22:30:00,GOES-19,MIRACEMA DO TOCANTINS,TOCANTINS,Brasil,1713205,17,33,22,0.0,0.79,Cerrado,100.2
ace1d231-e633-356b-b3fe-ebd7eb5b4465, -16.165800, -58.464000,2026-05-29 22:30:00,GOES-19,CÁCERES,MATO GROSSO,Brasil,5102504,51,33,11,0.0,0.34,Pantanal,54.4
4670f5c5-b45d-3fb6-8081-8fe352a9dda0, -10.799100, -46.970500,2026-05-29 22:30:00,GOES-19,PONTE ALTA DO TOCANTINS,TOCANTINS,Brasil,1717909,17,33,6,0.0,1.0,Cerrado,68.5
9fb2532b-b76f-3855-9dfd-a94a7ed5f830, -10.818500, -46.945800,2026-05-29 22:30:00,GOES-19,PONTE ALTA DO TOCANTINS,TOCANTINS,Brasil,1717909,17,33,6,0.0,1.0,Cerrado,91.9
eeebc14d-8891-3c31-99ee-dc5f91ff86a0, -10.799400, -46.948100,2026-05-29 22:30:00,GOES-19,PONTE ALTA DO TOCANTINS,TOCANTINS,Brasil,1717909,17,33,6,0.0,1.0,Cerrado,87.6
ce90a279-d4df-354b-a3e1-965e9164c568,  -9.941000, -48.679100,2026-05-29 22:30:00,GOES-19,MIRACEMA DO TOCANTINS,TOCANTINS,Brasil,1713205,17,33,20,0.0,1.0,Cerrado,103.4
ddd53ed3-b6f0-30d0-b968-fcec48c9462e, -19.958700, -49.132500,2026-05-29 22:40:00,GOES-19,FRUTAL,MINAS GERAIS,Brasil,3127107,31,33,10,0.0,1.0,Cerrado,123.6
4847c437-a5f6-354e-8595-d1661718c77e, -16.165500, -58.484200,2026-05-29 22:40:00,GOES-19,CÁCERES,MATO GROSSO,Brasil,5102504,51,33,10,0.0,0.33,Pantanal,60.3
dadf0711-db94-312c-a07a-16d0e1a81160, -11.902200, -54.834000,2026-05-29 22:40:00,GOES-19,SANTA CARMEM,MATO GROSSO,Brasil,5107248,51,33,13,0.0,0.7,Amazônia,68.8
3a10e9ee-8c94-35f6-9aa7-c9d925aeee36, -19.938400, -49.136900,2026-05-29 22:40:00,GOES-19,FRUTAL,MINAS GERAIS,Brasil,3127107,31,33,10,0.0,1.0,Cerrado,79.1
20b6612e-1dc9-338e-82eb-fda750ed15ab, -10.799400, -46.948100,2026-05-29 22:40:00,GOES-19,PONTE ALTA DO TOCANTINS,TOCANTINS,Brasil,1717909,17,33,6,0.0,1.0,Cerrado,121.9
d4b81961-c1e1-3c27-958e-5b6452f82140, -10.799100, -46.970500,2026-05-29 22:40:00,GOES-19,PONTE ALTA DO TOCANTINS,TOCANTINS,Brasil,1717909,17,33,6,0.0,1.0,Cerrado,67.2
3b50915d-021c-3e52-8cf9-29e3c73f8bdb, -11.632900, -55.184400,2026-05-29 22:40:00,GOES-19,CLÁUDIA,MATO GROSSO,Brasil,5103056,51,33,13,0.0,0.36,Amazônia,78.5
e2993d4d-6328-373b-b3d1-55842a4f15d1,  -9.941000, -48.679100,2026-05-29 22:40:00,GOES-19,MIRACEMA DO TOCANTINS,TOCANTINS,Brasil,1713205,17,33,20,0.0,1.0,Cerrado,77.4
93ac1df9-9ca7-3531-89ac-6b34bd72ef91,  -9.922100, -48.681100,2026-05-29 22:40:00,GOES-19,MIRACEMA DO TOCANTINS,TOCANTINS,Brasil,1713205,17,33,22,0.0,0.79,Cerrado,85.9
7885f208-38bf-3921-af79-92a5ca0d869d,  -7.337700, -49.858500,2026-05-29 22:40:00,GOES-19,RIO MARIA,PARÁ,Brasil,1506161,15,33,13,0.0,0.81,Amazônia,69.7
d916fb5a-ab55-3ee9-934c-df7907d9e545, -10.818500, -46.945800,2026-05-29 22:40:00,GOES-19,PONTE ALTA DO TOCANTINS,TOCANTINS,Brasil,1717909,17,33,6,0.0,1.0,Cerrado,98.5
b076295e-3893-3159-848e-060fee07a825, -11.591000, -47.449600,2026-05-29 22:40:00,GOES-19,NATIVIDADE,TOCANTINS,Brasil,1714203,17,33,6,0.0,0.65,Cerrado,82.2
4328d399-125e-31de-afcf-213117a18ba0, -10.799100, -46.970500,2026-05-29 22:50:00,GOES-19,PONTE ALTA DO TOCANTINS,TOCANTINS,Brasil,1717909,17,33,6,0.0,1.0,Cerrado,127.8
506e6881-31a4-3981-9dad-1426ee1c8bdf, -11.883200, -54.835700,2026-05-29 22:50:00,GOES-19,SANTA CARMEM,MATO GROSSO,Brasil,5107248,51,33,13,0.0,0.42,Amazônia,68.6
0629717e-e5b6-3ee2-8c4d-4e233abb90fd, -11.902200, -54.834000,2026-05-29 22:50:00,GOES-19,SANTA CARMEM,MATO GROSSO,Brasil,5107248,51,33,13,0.0,0.7,Amazônia,156.1
b3a59ca3-3a7f-34ea-bbed-04bc7510b7bf, -11.921100, -54.832200,2026-05-29 22:50:00,GOES-19,SANTA CARMEM,MATO GROSSO,Brasil,5107248,51,33,13,0.0,1.0,Amazônia,53.2
0a008606-058d-3bb8-90d2-32e7ef524bfd,  -9.922100, -48.681100,2026-05-29 22:50:00,GOES-19,MIRACEMA DO TOCANTINS,TOCANTINS,Brasil,1713205,17,33,22,0.0,0.79,Cerrado,110.2
1074d493-af39-3c49-a12a-7d78db8004a4, -10.799400, -46.948100,2026-05-29 22:50:00,GOES-19,PONTE ALTA DO TOCANTINS,TOCANTINS,Brasil,1717909,17,33,6,0.0,1.0,Cerrado,165.0
90b00323-1592-37da-873f-d743eede2881, -11.901900, -54.854400,2026-05-29 22:50:00,GOES-19,SANTA CARMEM,MATO GROSSO,Brasil,5107248,51,33,13,0.0,0.29,Amazônia,56.1
30c31240-9c28-3c4b-844d-c5b091b99a6c, -10.818500, -46.945800,2026-05-29 22:50:00,GOES-19,PONTE ALTA DO TOCANTINS,TOCANTINS,Brasil,1717909,17,33,6,0.0,1.0,Cerrado,67.7
313f5155-5ba4-3d6b-ab65-c9192ad89371, -11.591000, -47.449600,2026-05-29 22:50:00,GOES-19,NATIVIDADE,TOCANTINS,Brasil,1714203,17,33,6,0.0,0.65,Cerrado,74.4
db3f6388-c391-30a6-93d1-c07ee7eca6f7, -11.591000, -47.449600,2026-05-29 23:00:00,GOES-19,NATIVIDADE,TOCANTINS,Brasil,1714203,17,33,6,0.0,0.65,Cerrado,64.5
2d63e254-75fb-33ef-8570-c4ab0c4ddda6, -10.799100, -46.970500,2026-05-29 23:00:00,GOES-19,PONTE ALTA DO TOCANTINS,TOCANTINS,Brasil,1717909,17,33,6,0.0,1.0,Cerrado,74.2
14493cb6-5695-36ef-a24b-920a9b0b31e9,  -9.922100, -48.681100,2026-05-29 23:00:00,GOES-19,MIRACEMA DO TOCANTINS,TOCANTINS,Brasil,1713205,17,33,22,0.0,0.79,Cerrado,72.0
03fd4b12-851b-3aa5-8200-8a7c45d1c989, -11.632900, -55.184400,2026-05-29 23:00:00,GOES-19,CLÁUDIA,MATO GROSSO,Brasil,5103056,51,33,13,0.0,0.36,Amazônia,74.3
289f8a62-04cb-3962-b165-34f04fdf359c,  -9.941000, -48.679100,2026-05-29 23:00:00,GOES-19,MIRACEMA DO TOCANTINS,TOCANTINS,Brasil,1713205,17,33,20,0.0,1.0,Cerrado,62.3
cd736cf6-1c17-38ea-8666-965504209f33, -10.799400, -46.948100,2026-05-29 23:00:00,GOES-19,PONTE ALTA DO TOCANTINS,TOCANTINS,Brasil,1717909,17,33,6,0.0,1.0,Cerrado,71.6
149253c3-7f9c-395d-a148-d14385a9b845, -10.799100, -46.970500,2026-05-29 23:10:00,GOES-19,PONTE ALTA DO TOCANTINS,TOCANTINS,Brasil,1717909,17,33,6,0.0,1.0,Cerrado,162.2
b37a7ef1-0cfd-392e-91b9-a392eb7e8561, -10.799400, -46.948100,2026-05-29 23:10:00,GOES-19,PONTE ALTA DO TOCANTINS,TOCANTINS,Brasil,1717909,17,33,6,0.0,1.0,Cerrado,100.5
aac229f3-ba3a-3e57-9573-421df81e7803,  -9.922100, -48.681100,2026-05-29 23:10:00,GOES-19,MIRACEMA DO TOCANTINS,TOCANTINS,Brasil,1713205,17,33,22,0.0,0.79,Cerrado,82.9
12400eca-8c40-3a36-9590-df00712996a4, -11.591000, -47.449600,2026-05-29 23:10:00,GOES-19,NATIVIDADE,TOCANTINS,Brasil,1714203,17,33,6,0.0,0.65,Cerrado,74.1
a50db5bd-888d-3981-9382-43c87544d93f, -11.902200, -54.834000,2026-05-29 23:10:00,GOES-19,SANTA CARMEM,MATO GROSSO,Brasil,5107248,51,33,13,0.0,0.7,Amazônia,68.8
394c1e06-8c23-3dda-9d34-14bc941024db, -16.165500, -58.484200,2026-05-29 23:10:00,GOES-19,CÁCERES,MATO GROSSO,Brasil,5102504,51,33,10,0.0,0.33,Pantanal,61.4
24a1f788-a0a3-31b4-bc8c-db778feb8182,  -9.922100, -48.681100,2026-05-29 23:20:00,GOES-19,MIRACEMA DO TOCANTINS,TOCANTINS,Brasil,1713205,17,33,22,0.0,0.79,Cerrado,69.2
f7f5b42c-c671-30c0-af27-f0a33787c840, -11.902200, -54.834000,2026-05-29 23:20:00,GOES-19,SANTA CARMEM,MATO GROSSO,Brasil,5107248,51,33,13,0.0,0.7,Amazônia,197.2
a2b56ee7-1205-3239-babe-81b44a9b8f39, -10.799100, -46.970500,2026-05-29 23:20:00,GOES-19,PONTE ALTA DO TOCANTINS,TOCANTINS,Brasil,1717909,17,33,6,0.0,1.0,Cerrado,67.2
6d5392dc-bdbf-32b3-9bf5-cc9f7d774f53, -11.591000, -47.449600,2026-05-29 23:20:00,GOES-19,NATIVIDADE,TOCANTINS,Brasil,1714203,17,33,6,0.0,0.65,Cerrado,69.8
db56f1a8-a439-3f86-8ca5-bc451f80af45, -11.591000, -47.449600,2026-05-29 23:30:00,GOES-19,NATIVIDADE,TOCANTINS,Brasil,1714203,17,33,6,0.0,0.65,Cerrado,63.1
e0a35285-d687-3cab-b89b-10839fda5c21, -10.780800, -46.928100,2026-05-29 23:30:00,GOES-19,PONTE ALTA DO TOCANTINS,TOCANTINS,Brasil,1717909,17,33,6,0.0,0.98,Cerrado,74.6
8553f530-8e0c-3d08-a847-b5045250ac9c, -10.780400, -46.950500,2026-05-29 23:30:00,GOES-19,PONTE ALTA DO TOCANTINS,TOCANTINS,Brasil,1717909,17,33,6,0.0,1.0,Cerrado,57.7
d8a1c30c-b540-3323-b9bf-bed728002482, -16.165500, -58.484200,2026-05-29 23:40:00,GOES-19,CÁCERES,MATO GROSSO,Brasil,5102504,51,33,10,0.0,0.33,Pantanal,49.9
e6f46f64-a9cd-3f9c-bbab-24c61883043a, -10.780800, -46.928100,2026-05-29 23:40:00,GOES-19,PONTE ALTA DO TOCANTINS,TOCANTINS,Brasil,1717909,17,33,6,0.0,0.98,Cerrado,68.6
fc4b1cbd-d75d-31be-8aa9-696f8842142b, -11.632900, -55.184400,2026-05-29 23:40:00,GOES-19,CLÁUDIA,MATO GROSSO,Brasil,5103056,51,33,13,0.0,0.36,Amazônia,67.0
0ae11b80-20ec-300a-be02-3bf76ffdaba2, -11.591000, -47.449600,2026-05-29 23:40:00,GOES-19,NATIVIDADE,TOCANTINS,Brasil,1714203,17,33,6,0.0,0.65,Cerrado,60.8
5a9a609f-0339-355c-bf06-b8f3ce689f1e, -10.780400, -46.950500,2026-05-29 23:40:00,GOES-19,PONTE ALTA DO TOCANTINS,TOCANTINS,Brasil,1717909,17,33,6,0.0,1.0,Cerrado,66.3
d0c27ded-85bb-3f31-97de-5e9a5b6e94b5, -11.163060, -46.794090,2026-05-29 23:48:00,TERRA_M-T,ALMAS,TOCANTINS,Brasil,1700400,17,33,0,0.0,1.0,Cerrado,8.7
c6f57deb-853e-3f20-ba60-d207befab43e, -10.775100, -46.959840,2026-05-29 23:48:00,TERRA_M-T,PONTE ALTA DO TOCANTINS,TOCANTINS,Brasil,1717909,17,33,6,0.0,1.0,Cerrado,38.2
e8e2ad80-5107-3162-9f6d-67e48a48e327, -10.773510, -46.947240,2026-05-29 23:48:00,TERRA_M-T,PONTE ALTA DO TOCANTINS,TOCANTINS,Brasil,1717909,17,33,6,0.0,1.0,Cerrado,136.2
9bf268b5-4d24-39e3-a662-60b842803439, -11.581350, -47.453010,2026-05-29 23:48:00,TERRA_M-T,NATIVIDADE,TOCANTINS,Brasil,1714203,17,33,6,0.0,0.65,Cerrado,44.1
0e3df0af-9984-30c2-8348-2cbd48a0da04, -14.710640, -43.214870,2026-05-29 23:48:00,TERRA_M-T,ESPINOSA,MINAS GERAIS,Brasil,3124302,31,33,6,0.0,1.0,Caatinga,4.9
1c18a8d2-eb64-34df-9ba9-55d7f80df75b, -11.969670, -44.192590,2026-05-29 23:48:00,TERRA_M-T,COTEGIPE,BAHIA,Brasil,2909406,29,33,10,0.0,1.0,Cerrado,5.5
33444cf7-ff8b-3769-9584-a8d0d9ee5bbf, -11.998660, -47.773020,2026-05-29 23:48:00,TERRA_M-T,NATIVIDADE,TOCANTINS,Brasil,1714203,17,33,6,0.0,0.88,Cerrado,26.6
3e6f8580-c144-3f48-84c9-4d465c804c51, -10.634040, -48.318600,2026-05-29 23:48:00,TERRA_M-T,PORTO NACIONAL,TOCANTINS,Brasil,1718204,17,33,6,0.0,0.95,Cerrado,16.5
bb88f5ae-8beb-38cb-88b8-544208446f76, -10.806170, -46.955800,2026-05-29 23:48:00,TERRA_M-T,PONTE ALTA DO TOCANTINS,TOCANTINS,Brasil,1717909,17,33,6,0.0,1.0,Cerrado,33.7
782106b5-e26b-3a4b-a326-84be01df30f1, -11.912560, -43.833340,2026-05-29 23:48:00,TERRA_M-T,WANDERLEY,BAHIA,Brasil,2933455,29,33,2,0.0,0.94,Cerrado,9.7
10ebd6f2-cff2-31bc-a2f4-f5de1468adff, -10.624430, -48.335870,2026-05-29 23:48:00,TERRA_M-T,PORTO NACIONAL,TOCANTINS,Brasil,1718204,17,33,6,0.0,1.0,Cerrado,8.9
864244d4-899a-3275-b4a9-75f3ebd091a7, -10.771930, -46.934700,2026-05-29 23:48:00,TERRA_M-T,PONTE ALTA DO TOCANTINS,TOCANTINS,Brasil,1717909,17,33,6,0.0,1.0,Cerrado,33.5
92121aa5-9989-3561-91ff-ebab9a83736c, -11.979590, -47.898720,2026-05-29 23:48:00,TERRA_M-T,SÃO VALÉRIO,TOCANTINS,Brasil,1720499,17,33,6,0.0,0.83,Cerrado,12.1
2a540352-eaa8-31a1-8b6e-c1a081bf591c, -10.782280, -46.933480,2026-05-29 23:48:00,TERRA_M-T,PONTE ALTA DO TOCANTINS,TOCANTINS,Brasil,1717909,17,33,6,0.0,1.0,Cerrado,22.3
c4c70989-e3b5-3899-abf7-0fb4b110d1e0, -11.924850, -43.925000,2026-05-29 23:48:00,TERRA_M-T,WANDERLEY,BAHIA,Brasil,2933455,29,33,4,0.0,0.97,Cerrado,18.2
5fb13b0d-6324-3ce2-a5bd-646e73b60f10, -13.200950, -43.358970,2026-05-29 23:48:00,TERRA_M-T,BOM JESUS DA LAPA,BAHIA,Brasil,2903904,29,33,21,0.0,1.0,Caatinga,6.7
cc70af2f-f342-3e76-aebd-22557012bd6f, -10.840750, -46.919880,2026-05-29 23:48:00,TERRA_M-T,PONTE ALTA DO TOCANTINS,TOCANTINS,Brasil,1717909,17,33,6,0.0,0.98,Cerrado,8.5
96ad2de8-69c2-394d-98ee-3b5613f7733d, -10.431870, -45.158940,2026-05-29 23:48:00,TERRA_M-T,CORRENTE,PIAUÍ,Brasil,2202901,22,33,30,0.0,-999.0,Cerrado,6.8
2b846e93-4db4-3b9d-88bc-164977d0c094, -11.760130, -47.071830,2026-05-29 23:48:00,TERRA_M-T,DIANÓPOLIS,TOCANTINS,Brasil,1707009,17,33,6,0.0,0.79,Cerrado,21.2
154b5f21-7130-39df-bb7e-63a99f7ecd8e, -10.802930, -46.930660,2026-05-29 23:48:00,TERRA_M-T,PONTE ALTA DO TOCANTINS,TOCANTINS,Brasil,1717909,17,33,6,0.0,1.0,Cerrado,60.9
0b35ab51-bff1-325e-b550-63da98bf6d54, -10.839170, -46.907180,2026-05-29 23:48:00,TERRA_M-T,PONTE ALTA DO TOCANTINS,TOCANTINS,Brasil,1717909,17,33,6,0.0,0.86,Cerrado,11.6
496b8443-e346-3965-ad75-d2f7a396c1b0, -11.698910, -44.163410,2026-05-29 23:48:00,TERRA_M-T,WANDERLEY,BAHIA,Brasil,2933455,29,33,3,0.0,1.0,Cerrado,6.0
011ee2a4-e390-3a32-8762-d2658ea95932, -14.899710, -44.806740,2026-05-29 23:48:00,TERRA_M-T,BONITO DE MINAS,MINAS GERAIS,Brasil,3108255,31,33,24,0.0,0.89,Cerrado,6.3
05e8adc2-2ac0-37a6-a819-6b89a1f55416, -10.984910, -45.096090,2026-05-29 23:48:00,TERRA_M-T,FORMOSA DO RIO PRETO,BAHIA,Brasil,2911105,29,33,33,0.0,1.0,Cerrado,6.2
717efb92-8523-388c-9c59-ae4bd54bdcac, -11.592230, -47.451570,2026-05-29 23:48:00,TERRA_M-T,NATIVIDADE,TOCANTINS,Brasil,1714203,17,33,6,0.0,0.66,Cerrado,36.9
f2801b28-c59f-365c-9a67-cdb10014a653, -11.582990, -47.466230,2026-05-29 23:48:00,TERRA_M-T,NATIVIDADE,TOCANTINS,Brasil,1714203,17,33,6,0.0,0.81,Cerrado,12.5
4dd89a4e-f57f-3678-ae85-63ea74124a3e, -10.801330, -46.918220,2026-05-29 23:48:00,TERRA_M-T,PONTE ALTA DO TOCANTINS,TOCANTINS,Brasil,1717909,17,33,6,0.0,0.85,Cerrado,19.2
8322b2cf-c6c8-36f6-b6ec-883052b7f0bd, -10.625910, -48.325350,2026-05-29 23:48:00,TERRA_M-T,PORTO NACIONAL,TOCANTINS,Brasil,1718204,17,33,6,0.0,0.98,Cerrado,34.3
9dafbfb8-21f9-3e95-99e9-135b6a7c9f44, -10.795830, -46.957300,2026-05-29 23:48:00,TERRA_M-T,PONTE ALTA DO TOCANTINS,TOCANTINS,Brasil,1717909,17,33,6,0.0,1.0,Cerrado,9.5
c6ed8323-73d4-30cb-b0d5-e8d6c346eea3, -12.449440, -44.755950,2026-05-29 23:48:00,TERRA_M-T,SÃO DESIDÉRIO,BAHIA,Brasil,2928901,29,33,5,0.0,0.84,Cerrado,6.3
35887eda-a33a-31c8-bd4c-d4fbdba8db5f, -10.635940, -48.334460,2026-05-29 23:48:00,TERRA_M-T,PORTO NACIONAL,TOCANTINS,Brasil,1718204,17,33,6,0.0,0.74,Cerrado,10.5
ada0ced0-a254-3355-855a-d2717e5a7b5f, -12.702060, -44.793650,2026-05-29 23:48:00,TERRA_M-T,SÃO DESIDÉRIO,BAHIA,Brasil,2928901,29,33,6,0.0,0.91,Cerrado,5.9
8ac9fe85-b1fd-3c05-9c64-af6d7d5e7cd7, -11.590500, -47.437770,2026-05-29 23:48:00,TERRA_M-T,NATIVIDADE,TOCANTINS,Brasil,1714203,17,33,6,0.0,0.5,Cerrado,13.3
34315af3-546f-3e44-84e4-5e0dc28f62dd, -11.758450, -47.058710,2026-05-29 23:48:00,TERRA_M-T,DIANÓPOLIS,TOCANTINS,Brasil,1707009,17,33,6,0.0,1.0,Cerrado,20.9
4650e4ea-e72a-3ad3-9e2c-87e6cab8b0b5, -13.652460, -49.387310,2026-05-29 23:48:00,TERRA_M-T,PORANGATU,GOIÁS,Brasil,5218003,52,33,6,0.0,1.0,Cerrado,17.0
c1902a7a-9f12-3ae8-8ccc-f1f18992292a, -11.764950, -47.065490,2026-05-29 23:48:00,TERRA_M-T,DIANÓPOLIS,TOCANTINS,Brasil,1707009,17,33,6,0.0,0.88,Cerrado,46.1
7e562744-88be-3a23-9446-74a367a861a0, -12.011670, -45.363340,2026-05-29 23:48:00,TERRA_M-T,BARREIRAS,BAHIA,Brasil,2903201,29,33,2,0.0,0.83,Cerrado,7.8
0d9d8dea-f2be-3847-abcd-f12235b35b40, -10.797450, -46.969960,2026-05-29 23:48:00,TERRA_M-T,PONTE ALTA DO TOCANTINS,TOCANTINS,Brasil,1717909,17,33,6,0.0,1.0,Cerrado,18.3
8667f1ab-6b50-302f-9140-4835f2c3e98c, -11.926080, -43.934230,2026-05-29 23:48:00,TERRA_M-T,WANDERLEY,BAHIA,Brasil,2933455,29,33,5,0.0,1.0,Cerrado,7.1
9f695a24-8c28-367f-ab5a-63210174635f,  -7.352000, -46.220460,2026-05-29 23:50:00,TERRA_M-T,RIACHÃO,MARANHÃO,Brasil,2109502,21,33,10,0.0,0.98,Cerrado,6.4
0efd1733-a850-3ea9-98e9-2bb49c33a8fa,  -7.836410, -46.260380,2026-05-29 23:50:00,TERRA_M-T,BALSAS,MARANHÃO,Brasil,2101400,21,33,11,0.0,1.0,Cerrado,5.5
c7992cf9-0c2b-32c4-9281-69ec037a768e,  -7.636470, -47.303160,2026-05-29 23:50:00,TERRA_M-T,CAROLINA,MARANHÃO,Brasil,2102804,21,33,14,0.0,0.94,Cerrado,10.6
5a5807dd-d55b-3908-a9b1-cd1bc2dd2d90,  -7.350660, -46.210300,2026-05-29 23:50:00,TERRA_M-T,RIACHÃO,MARANHÃO,Brasil,2109502,21,33,11,0.0,0.98,Cerrado,6.4
95089781-170b-3a58-8ce8-eff6d45372c8,  -5.920300, -43.483020,2026-05-29 23:50:00,TERRA_M-T,LAGOA DO MATO,MARANHÃO,Brasil,2105922,21,33,14,0.0,0.9,Cerrado,4.2
b67999ca-aacb-3717-a9b0-44eadb3664f8,  -6.757660, -45.012640,2026-05-29 23:50:00,TERRA_M-T,LORETO,MARANHÃO,Brasil,2106102,21,33,18,0.0,1.0,Cerrado,9.5
34931d1f-fe36-3cf6-a401-c50df7594731,  -7.572700, -42.640530,2026-05-29 23:50:00,TERRA_M-T,SÃO JOSÉ DO PEIXE,PIAUÍ,Brasil,2210102,22,33,29,0.0,1.0,Caatinga,5.5
75213027-3efb-3557-80bf-f991c6a21333,  -6.998510, -42.881730,2026-05-29 23:50:00,TERRA_M-T,FLORIANO,PIAUÍ,Brasil,2203909,22,33,26,0.0,0.99,Caatinga,10.4
916c52a4-ba91-32ac-9930-d3f184576299,  -8.731580, -47.829920,2026-05-29 23:50:00,TERRA_M-T,ITACAJÁ,TOCANTINS,Brasil,1710508,17,33,28,0.0,0.79,Cerrado,11.8
3ee3ef7c-0427-3a3d-a5df-a77b7bdf2fd5,  -7.345320, -49.860010,2026-05-29 23:50:00,TERRA_M-T,RIO MARIA,PARÁ,Brasil,1506161,15,33,13,0.0,0.21,Amazônia,11.3
927c1dae-cf26-3894-ac15-2204bdff4605,  -5.949050, -43.482110,2026-05-29 23:50:00,TERRA_M-T,LAGOA DO MATO,MARANHÃO,Brasil,2105922,21,33,14,0.0,0.9,Cerrado,12.5
e0edfc8a-4bf6-3c5d-aea6-b084b7e165d4,  -5.950300, -43.491030,2026-05-29 23:50:00,TERRA_M-T,LAGOA DO MATO,MARANHÃO,Brasil,2105922,21,33,14,0.0,0.9,Cerrado,16.6
a553d633-8fd1-39df-a774-9bef94c3e784, -10.059310, -49.116130,2026-05-29 23:50:00,TERRA_M-T,MONTE SANTO DO TOCANTINS,TOCANTINS,Brasil,1713700,17,33,15,0.0,0.78,Cerrado,15.4
c6d82b09-26d9-394f-83bf-2b77403cfb52,  -7.342430, -49.865910,2026-05-29 23:50:00,TERRA_M-T,RIO MARIA,PARÁ,Brasil,1506161,15,33,13,0.0,0.41,Amazônia,22.2
5ad46771-86c7-3266-ac53-792f03c6b0c4,  -7.332970, -49.861570,2026-05-29 23:50:00,TERRA_M-T,RIO MARIA,PARÁ,Brasil,1506161,15,33,13,0.0,1.0,Amazônia,29.7
4fefb7f5-98fb-3855-a9ad-7458cfa6c24b,  -9.926540, -48.689220,2026-05-29 23:50:00,TERRA_M-T,MIRACEMA DO TOCANTINS,TOCANTINS,Brasil,1713205,17,33,23,0.0,0.71,Cerrado,92.7
7304d101-c8bf-31ae-90dd-abf01a6bf845,  -6.989570, -42.883050,2026-05-29 23:50:00,TERRA_M-T,FLORIANO,PIAUÍ,Brasil,2203909,22,33,26,0.0,0.99,Caatinga,4.6
0746eb00-3130-3395-8a9b-8b9ecd7c044a,  -7.340080, -49.847850,2026-05-29 23:50:00,TERRA_M-T,RIO MARIA,PARÁ,Brasil,1506161,15,33,13,0.0,1.0,Amazônia,22.6
8ee2e3d8-8eb4-3db9-95ea-27f2585f9e4b,  -7.845910, -46.259130,2026-05-29 23:50:00,TERRA_M-T,BALSAS,MARANHÃO,Brasil,2101400,21,33,9,0.0,1.0,Cerrado,16.8
c31d6f5b-f7cb-3e6a-825e-ae4b73bc0bf8,  -8.727900, -47.836160,2026-05-29 23:50:00,TERRA_M-T,ITACAJÁ,TOCANTINS,Brasil,1710508,17,33,28,0.0,0.79,Cerrado,25.3
3af884aa-117a-3440-9173-170379e190c0, -11.591000, -47.449600,2026-05-29 23:50:00,GOES-19,NATIVIDADE,TOCANTINS,Brasil,1714203,17,33,6,0.0,0.65,Cerrado,68.9
8aad8707-3113-3893-bf63-040931dc349a, -10.780400, -46.950500,2026-05-29 23:50:00,GOES-19,PONTE ALTA DO TOCANTINS,TOCANTINS,Brasil,1717909,17,33,6,0.0,1.0,Cerrado,89.9
cd82c545-3202-351c-b515-52534f28f499,  -5.806120, -45.123310,2026-05-29 23:52:00,TERRA_M-T,BARRA DO CORDA,MARANHÃO,Brasil,2101608,21,33,10,0.0,0.61,Cerrado,6.0
43176e97-8bb0-35b3-b9a8-539f020cd82c,  -5.796610, -45.130510,2026-05-29 23:52:00,TERRA_M-T,BARRA DO CORDA,MARANHÃO,Brasil,2101608,21,33,10,0.0,0.61,Cerrado,5.2
